[18:19:44] [main/INFO]: ModLauncher running: args [--username, Nvvlife, --version, 1.21.1, --gameDir, C:\Users\Nvv\AppData\Roaming\ModrinthApp\profiles\NVPack Reloaded, --assetsDir, C:\Users\Nvv\AppData\Roaming\ModrinthApp\meta\assets, --assetIndex, 17, --uuid, 43d3eed57a714085b904bfbd6aeaee77, --accessToken, ❄❄❄❄❄❄❄❄, --clientId, c4502edb-87c6-40cb-b595-64a280cf8906, --xuid, 0, --userType, msa, --versionType, release, --width, 854, --height, 480, --fml.neoForgeVersion, 21.1.248, --fml.fmlVersion, 4.0.43, --fml.mcVersion, 1.21.1, --fml.neoFormVersion, 20240808.144430, --launchTarget, forgeclient]
[18:19:44] [main/INFO]: JVM identified as Eclipse Adoptium OpenJDK 64-Bit Server VM 21.0.11+10-LTS
[18:19:44] [main/INFO]: ModLauncher 11.0.5+main.901c6ea8 starting: java version 21.0.11 by Eclipse Adoptium; OS Windows 11 arch amd64 version 10.0
[18:19:45] [main/INFO]: Searching for graphics cards...
[18:19:45] [main/INFO]: Found graphics adapter: AdapterInfo{vendor=NVIDIA, description='NVIDIA GeForce RTX 3070', adapterType=0x0000031B, openglIcdFilePath='C:\WINDOWS\System32\DriverStore\FileRepository\nv_dispi.inf_amd64_6f3cfb7117944855\nvoglv64.dll', openglIcdVersion=32.0.16.1062}
[18:19:45] [main/WARN]: Sodium has applied one or more workarounds to prevent crashes or other issues on your system: [NVIDIA_THREADED_OPTIMIZATIONS_BROKEN]
[18:19:45] [main/WARN]: This is not necessarily an issue, but it may result in certain features or optimizations being disabled. You can sometimes fix these issues by upgrading your graphics driver.
[18:19:45] [main/INFO]: Modifying process environment to apply workarounds for the NVIDIA graphics driver...
[18:19:45] [main/INFO]: Loading ImmediateWindowProvider fmlearlywindow
[18:19:45] [main/INFO]: Trying GL version 4.6
[18:19:45] [main/INFO]: Requested GL version 4.6 got version 4.6
[18:19:46] [main/INFO]: SpongePowered MIXIN Subsystem Version=0.8.7 Source=union:/C:/Users/Nvv/AppData/Roaming/ModrinthApp/meta/libraries/net/fabricmc/sponge-mixin/0.15.2+mixin.0.8.7/sponge-mixin-0.15.2+mixin.0.8.7.jar%23166!/ Service=ModLauncher Env=CLIENT
[18:19:46] [pool-2-thread-1/INFO]: GL info: NVIDIA GeForce RTX 3070/PCIe/SSE2 GL version 4.6.0 NVIDIA 610.62, NVIDIA Corporation
[18:19:46] [main/INFO]: Found mod file "client-1.21.1-20240808.144430-srg.jar" [locator: production client provider +net.neoforged:neoforge:21.1.248:client]
[18:19:46] [main/INFO]: Found mod file "neoforge-21.1.248-universal.jar" [locator: PathBasedLocator[name=neoforge, paths=[C:\Users\Nvv\AppData\Roaming\ModrinthApp\meta\libraries\net\neoforged\neoforge\21.1.248\neoforge-21.1.248-universal.jar]], reader: mod manifest]
[18:19:46] [main/INFO]: Found mod file "net.caffeinemc.sodium-neoforge-0.8.13-beta.2+mc1.21.1-mod.jar" [locator: net.caffeinemc.mods.sodium.service.SodiumServiceModLocator@2c1dc8e, reader: mod manifest]
[18:19:46] [main/INFO]: Found mod file "fabric-rendering-data-attachment-v1-0.3.48+73761d2e19.jar" [locator: net.caffeinemc.mods.sodium.service.SodiumServiceModLocator@2c1dc8e, reader: mod manifest]
[18:19:46] [main/INFO]: Found mod file "fabric-renderer-api-v1-3.4.1+9125b6dc19.jar" [locator: net.caffeinemc.mods.sodium.service.SodiumServiceModLocator@2c1dc8e, reader: mod manifest]
[18:19:46] [main/INFO]: Found mod file "fabric-block-view-api-v2-1.0.10+9afaaf8c19.jar" [locator: net.caffeinemc.mods.sodium.service.SodiumServiceModLocator@2c1dc8e, reader: mod manifest]
[18:19:46] [main/INFO]: Found mod file "fabric-api-base-0.4.42+d1308ded19.jar" [locator: net.caffeinemc.mods.sodium.service.SodiumServiceModLocator@2c1dc8e, reader: mod manifest]
[18:19:46] [main/INFO]: Found library file "~nonexistent" [locator: org.sinytra.connector.locator.ConnectorEarlyLocatorBootstrap@1b70203f]
[18:19:46] [main/INFO]: Found mod file "aerocables-0.4.0.jar" [locator: {mods folder locator at C:\Users\Nvv\AppData\Roaming\ModrinthApp\profiles\NVPack Reloaded\mods}, reader: mod manifest]
[18:19:46] [main/INFO]: Found mod file "aeroclaims-0.9.3.jar" [locator: {mods folder locator at C:\Users\Nvv\AppData\Roaming\ModrinthApp\profiles\NVPack Reloaded\mods}, reader: mod manifest]
[18:19:46] [main/INFO]: Found mod file "AeroEngine-1.3.0.jar" [locator: {mods folder locator at C:\Users\Nvv\AppData\Roaming\ModrinthApp\profiles\NVPack Reloaded\mods}, reader: mod manifest]
[18:19:46] [main/INFO]: Found mod file "aeronauticshotairfix-1.1.1.jar" [locator: {mods folder locator at C:\Users\Nvv\AppData\Roaming\ModrinthApp\profiles\NVPack Reloaded\mods}, reader: mod manifest]
[18:19:46] [main/INFO]: Found mod file "aeroworks-1.5.0.jar" [locator: {mods folder locator at C:\Users\Nvv\AppData\Roaming\ModrinthApp\profiles\NVPack Reloaded\mods}, reader: mod manifest]
[18:19:46] [main/INFO]: Found mod file "Almanac-1.21.1-2-neoforge-1.5.2.jar" [locator: {mods folder locator at C:\Users\Nvv\AppData\Roaming\ModrinthApp\profiles\NVPack Reloaded\mods}, reader: mod manifest]
[18:19:46] [main/INFO]: Found mod file "alternate_current-mc1.21-1.9.0.jar" [locator: {mods folder locator at C:\Users\Nvv\AppData\Roaming\ModrinthApp\profiles\NVPack Reloaded\mods}, reader: mod manifest]
[18:19:46] [main/INFO]: Found mod file "appleskin-neoforge-mc1.21-3.0.9.jar" [locator: {mods folder locator at C:\Users\Nvv\AppData\Roaming\ModrinthApp\profiles\NVPack Reloaded\mods}, reader: mod manifest]
[18:19:46] [main/INFO]: Found mod file "architectury-13.0.11-neoforge.jar" [locator: {mods folder locator at C:\Users\Nvv\AppData\Roaming\ModrinthApp\profiles\NVPack Reloaded\mods}, reader: mod manifest]
[18:19:46] [main/INFO]: Found mod file "astrocraft_lite-neoforge-1.21-1.2.jar" [locator: {mods folder locator at C:\Users\Nvv\AppData\Roaming\ModrinthApp\profiles\NVPack Reloaded\mods}, reader: mod manifest]
[18:19:46] [main/INFO]: Found mod file "athena-neoforge-1.21.1-4.0.6.jar" [locator: {mods folder locator at C:\Users\Nvv\AppData\Roaming\ModrinthApp\profiles\NVPack Reloaded\mods}, reader: mod manifest]
[18:19:46] [main/INFO]: Found mod file "attributefix-neoforge-1.21.1-21.1.3.jar" [locator: {mods folder locator at C:\Users\Nvv\AppData\Roaming\ModrinthApp\profiles\NVPack Reloaded\mods}, reader: mod manifest]
[18:19:46] [main/INFO]: Found mod file "authme-neoforge-9.0.1+1.21.1.jar" [locator: {mods folder locator at C:\Users\Nvv\AppData\Roaming\ModrinthApp\profiles\NVPack Reloaded\mods}, reader: mod manifest]
[18:19:46] [main/INFO]: Found mod file "azimuth-1.4.7.jar" [locator: {mods folder locator at C:\Users\Nvv\AppData\Roaming\ModrinthApp\profiles\NVPack Reloaded\mods}, reader: mod manifest]
[18:19:46] [main/INFO]: Found mod file "BadOptimizations-2.4.1-1.21.1.jar" [locator: {mods folder locator at C:\Users\Nvv\AppData\Roaming\ModrinthApp\profiles\NVPack Reloaded\mods}, reader: mod manifest]
[18:19:46] [main/INFO]: Found mod file "baguettelib-1.21.1-NeoForge-2.0.3.jar" [locator: {mods folder locator at C:\Users\Nvv\AppData\Roaming\ModrinthApp\profiles\NVPack Reloaded\mods}, reader: mod manifest]
[18:19:46] [main/INFO]: Found mod file "balm-neoforge-1.21.1-21.0.65.jar" [locator: {mods folder locator at C:\Users\Nvv\AppData\Roaming\ModrinthApp\profiles\NVPack Reloaded\mods}, reader: mod manifest]
[18:19:46] [main/INFO]: Found mod file "bellsandwhistles-0.4.7-1.21.1.jar" [locator: {mods folder locator at C:\Users\Nvv\AppData\Roaming\ModrinthApp\profiles\NVPack Reloaded\mods}, reader: mod manifest]
[18:19:46] [main/INFO]: Found mod file "bigtires-1.0.0-beta3.jar" [locator: {mods folder locator at C:\Users\Nvv\AppData\Roaming\ModrinthApp\profiles\NVPack Reloaded\mods}, reader: mod manifest]
[18:19:46] [main/INFO]: Found gamelibrary file "bits_n_bobs-2.2.7.jar" [locator: {mods folder locator at C:\Users\Nvv\AppData\Roaming\ModrinthApp\profiles\NVPack Reloaded\mods}, reader: mod manifest]
[18:19:46] [main/INFO]: Found mod file "bookshelf-neoforge-1.21.1-21.1.81.jar" [locator: {mods folder locator at C:\Users\Nvv\AppData\Roaming\ModrinthApp\profiles\NVPack Reloaded\mods}, reader: mod manifest]
[18:19:46] [main/INFO]: Found mod file "c2me-neoforge-mc1.21.1-0.4.0-alpha.0.120.jar" [locator: {mods folder locator at C:\Users\Nvv\AppData\Roaming\ModrinthApp\profiles\NVPack Reloaded\mods}, reader: mod manifest]
[18:19:46] [main/INFO]: Found mod file "caelus-neoforge-7.0.1+1.21.1.jar" [locator: {mods folder locator at C:\Users\Nvv\AppData\Roaming\ModrinthApp\profiles\NVPack Reloaded\mods}, reader: mod manifest]
[18:19:46] [main/INFO]: Found mod file "cc-tweaked-1.21.1-forge-1.120.2.jar" [locator: {mods folder locator at C:\Users\Nvv\AppData\Roaming\ModrinthApp\profiles\NVPack Reloaded\mods}, reader: mod manifest]
[18:19:46] [main/INFO]: Found mod file "cc_sable-neoforge-1.3.4.jar" [locator: {mods folder locator at C:\Users\Nvv\AppData\Roaming\ModrinthApp\profiles\NVPack Reloaded\mods}, reader: mod manifest]
[18:19:46] [main/INFO]: Found mod file "ccbr-1.2.1-neoforge-1.21.1.jar" [locator: {mods folder locator at C:\Users\Nvv\AppData\Roaming\ModrinthApp\profiles\NVPack Reloaded\mods}, reader: mod manifest]
[18:19:46] [main/INFO]: Found mod file "cccbridge-mc1.21.1-v1.7.3-neoforge.jar" [locator: {mods folder locator at C:\Users\Nvv\AppData\Roaming\ModrinthApp\profiles\NVPack Reloaded\mods}, reader: mod manifest]
[18:19:46] [main/INFO]: Found mod file "charmofundying-neoforge-9.1.0+1.21.1.jar" [locator: {mods folder locator at C:\Users\Nvv\AppData\Roaming\ModrinthApp\profiles\NVPack Reloaded\mods}, reader: mod manifest]
[18:19:46] [main/INFO]: Found mod file "chatanimation-neoforge-1.3.1+mc1.21.jar" [locator: {mods folder locator at C:\Users\Nvv\AppData\Roaming\ModrinthApp\profiles\NVPack Reloaded\mods}, reader: mod manifest]
[18:19:46] [main/INFO]: Found mod file "chipped-neoforge-1.21.1-4.0.2.jar" [locator: {mods folder locator at C:\Users\Nvv\AppData\Roaming\ModrinthApp\profiles\NVPack Reloaded\mods}, reader: mod manifest]
[18:19:46] [main/INFO]: Found mod file "chisels-and-bits-neoforge-21.1.32.jar" [locator: {mods folder locator at C:\Users\Nvv\AppData\Roaming\ModrinthApp\profiles\NVPack Reloaded\mods}, reader: mod manifest]
[18:19:46] [main/INFO]: Found mod file "climbable_ropes-2.1.1.jar" [locator: {mods folder locator at C:\Users\Nvv\AppData\Roaming\ModrinthApp\profiles\NVPack Reloaded\mods}, reader: mod manifest]
[18:19:46] [main/INFO]: Found mod file "cloth-config-15.0.140-neoforge.jar" [locator: {mods folder locator at C:\Users\Nvv\AppData\Roaming\ModrinthApp\profiles\NVPack Reloaded\mods}, reader: mod manifest]
[18:19:46] [main/INFO]: Found mod file "collective-1.21.1-8.39.jar" [locator: {mods folder locator at C:\Users\Nvv\AppData\Roaming\ModrinthApp\profiles\NVPack Reloaded\mods}, reader: mod manifest]
[18:19:46] [main/INFO]: Found mod file "colorwheel-neoforge-1.2.9+mc1.21.1.jar" [locator: {mods folder locator at C:\Users\Nvv\AppData\Roaming\ModrinthApp\profiles\NVPack Reloaded\mods}, reader: mod manifest]
[18:19:46] [main/INFO]: Found mod file "colorwheel_patcher-neoforge-1.0.5+mc1.21.1.jar" [locator: {mods folder locator at C:\Users\Nvv\AppData\Roaming\ModrinthApp\profiles\NVPack Reloaded\mods}, reader: mod manifest]
[18:19:46] [main/INFO]: Found mod file "continuity-3.0.0+1.21.neoforge.jar" [locator: {mods folder locator at C:\Users\Nvv\AppData\Roaming\ModrinthApp\profiles\NVPack Reloaded\mods}, reader: mod manifest]
[18:19:47] [main/INFO]: Found mod file "Controlling-neoforge-1.21.1-19.0.5.jar" [locator: {mods folder locator at C:\Users\Nvv\AppData\Roaming\ModrinthApp\profiles\NVPack Reloaded\mods}, reader: mod manifest]
[18:19:47] [main/INFO]: Found mod file "copycats-3.0.8+mc.1.21.1-neoforge.jar" [locator: {mods folder locator at C:\Users\Nvv\AppData\Roaming\ModrinthApp\profiles\NVPack Reloaded\mods}, reader: mod manifest]
[18:19:47] [main/INFO]: Found mod file "coroutil-neoforge-1.21.0-1.3.8.jar" [locator: {mods folder locator at C:\Users\Nvv\AppData\Roaming\ModrinthApp\profiles\NVPack Reloaded\mods}, reader: mod manifest]
[18:19:47] [main/INFO]: Found mod file "cosmeticarmorreworked-1.21.1-v1-neoforge.jar" [locator: {mods folder locator at C:\Users\Nvv\AppData\Roaming\ModrinthApp\profiles\NVPack Reloaded\mods}, reader: mod manifest]
[18:19:47] [main/INFO]: Found mod file "CraterLib-Neoforge-1.21-3.1.2.jar" [locator: {mods folder locator at C:\Users\Nvv\AppData\Roaming\ModrinthApp\profiles\NVPack Reloaded\mods}, reader: mod manifest]
[18:19:47] [main/INFO]: Found mod file "create-1.21.1-6.0.10.jar" [locator: {mods folder locator at C:\Users\Nvv\AppData\Roaming\ModrinthApp\profiles\NVPack Reloaded\mods}, reader: mod manifest]
[18:19:47] [main/INFO]: Found mod file "create-aeronautics-bundled-1.21.1-1.3.1.jar" [locator: {mods folder locator at C:\Users\Nvv\AppData\Roaming\ModrinthApp\profiles\NVPack Reloaded\mods}, reader: mod manifest]
[18:19:47] [main/INFO]: Found mod file "create-aeronautics-lift-patch-1.1.0.jar" [locator: {mods folder locator at C:\Users\Nvv\AppData\Roaming\ModrinthApp\profiles\NVPack Reloaded\mods}, reader: mod manifest]
[18:19:47] [main/INFO]: Found mod file "create-central-kitchen-2.6.0.jar" [locator: {mods folder locator at C:\Users\Nvv\AppData\Roaming\ModrinthApp\profiles\NVPack Reloaded\mods}, reader: mod manifest]
[18:19:47] [main/INFO]: Found mod file "create-confectionery1.21.1_v1.1.3b.jar" [locator: {mods folder locator at C:\Users\Nvv\AppData\Roaming\ModrinthApp\profiles\NVPack Reloaded\mods}, reader: mod manifest]
[18:19:47] [main/INFO]: Found mod file "create-enchantment-industry-2.5.3.jar" [locator: {mods folder locator at C:\Users\Nvv\AppData\Roaming\ModrinthApp\profiles\NVPack Reloaded\mods}, reader: mod manifest]
[18:19:47] [main/INFO]: Found mod file "create-new-age-1.2.0+neoforge-mc1.21.1.jar" [locator: {mods folder locator at C:\Users\Nvv\AppData\Roaming\ModrinthApp\profiles\NVPack Reloaded\mods}, reader: mod manifest]
[18:19:47] [main/INFO]: Found mod file "create-rain-fix-1.21.1-1.0.0.jar" [locator: {mods folder locator at C:\Users\Nvv\AppData\Roaming\ModrinthApp\profiles\NVPack Reloaded\mods}, reader: mod manifest]
[18:19:47] [main/INFO]: Found mod file "create_aeronautics_toolgun-0.3.6.jar" [locator: {mods folder locator at C:\Users\Nvv\AppData\Roaming\ModrinthApp\profiles\NVPack Reloaded\mods}, reader: mod manifest]
[18:19:47] [main/INFO]: Found mod file "create_aeronautics_transmission_linkage-0.2.7.jar" [locator: {mods folder locator at C:\Users\Nvv\AppData\Roaming\ModrinthApp\profiles\NVPack Reloaded\mods}, reader: mod manifest]
[18:19:47] [main/INFO]: Found mod file "create_compact_transmission-1.0.7.jar" [locator: {mods folder locator at C:\Users\Nvv\AppData\Roaming\ModrinthApp\profiles\NVPack Reloaded\mods}, reader: mod manifest]
[18:19:47] [main/INFO]: Found mod file "create_connected-1.3.2-mc1.21.1.jar" [locator: {mods folder locator at C:\Users\Nvv\AppData\Roaming\ModrinthApp\profiles\NVPack Reloaded\mods}, reader: mod manifest]
[18:19:47] [main/INFO]: Found mod file "create_flight_control-neoforge-0.6.2.jar" [locator: {mods folder locator at C:\Users\Nvv\AppData\Roaming\ModrinthApp\profiles\NVPack Reloaded\mods}, reader: mod manifest]
[18:19:47] [main/INFO]: Found mod file "create_grappling_hooks-1.2.0.jar" [locator: {mods folder locator at C:\Users\Nvv\AppData\Roaming\ModrinthApp\profiles\NVPack Reloaded\mods}, reader: mod manifest]
[18:19:47] [main/INFO]: Found mod file "create_jetpack-forge-5.2.1.jar" [locator: {mods folder locator at C:\Users\Nvv\AppData\Roaming\ModrinthApp\profiles\NVPack Reloaded\mods}, reader: mod manifest]
[18:19:47] [main/INFO]: Found mod file "create_ltab-4.1.0.jar" [locator: {mods folder locator at C:\Users\Nvv\AppData\Roaming\ModrinthApp\profiles\NVPack Reloaded\mods}, reader: mod manifest]
[18:19:47] [main/INFO]: Found mod file "create_pattern_schematics-2.0.10.jar" [locator: {mods folder locator at C:\Users\Nvv\AppData\Roaming\ModrinthApp\profiles\NVPack Reloaded\mods}, reader: mod manifest]
[18:19:47] [main/INFO]: Found mod file "create_radar-0.4.9.4-1.21.1.jar" [locator: {mods folder locator at C:\Users\Nvv\AppData\Roaming\ModrinthApp\profiles\NVPack Reloaded\mods}, reader: mod manifest]
[18:19:47] [main/INFO]: Found mod file "create_sophback_compat-1.0.jar" [locator: {mods folder locator at C:\Users\Nvv\AppData\Roaming\ModrinthApp\profiles\NVPack Reloaded\mods}, reader: mod manifest]
[18:19:47] [main/INFO]: Found mod file "create_stats-1.2.81.jar" [locator: {mods folder locator at C:\Users\Nvv\AppData\Roaming\ModrinthApp\profiles\NVPack Reloaded\mods}, reader: mod manifest]
[18:19:47] [main/INFO]: Found mod file "create_train_parts-0.5.2-1.21.1-6.0.10-281.jar" [locator: {mods folder locator at C:\Users\Nvv\AppData\Roaming\ModrinthApp\profiles\NVPack Reloaded\mods}, reader: mod manifest]
[18:19:47] [main/INFO]: Found mod file "create_trimmed.jar" [locator: {mods folder locator at C:\Users\Nvv\AppData\Roaming\ModrinthApp\profiles\NVPack Reloaded\mods}, reader: mod manifest]
[18:19:47] [main/INFO]: Found mod file "create_tweaked_controllers-1.21.1-1.2.7.jar" [locator: {mods folder locator at C:\Users\Nvv\AppData\Roaming\ModrinthApp\profiles\NVPack Reloaded\mods}, reader: mod manifest]
[18:19:47] [main/INFO]: Found mod file "createaddition-1.7.0.jar" [locator: {mods folder locator at C:\Users\Nvv\AppData\Roaming\ModrinthApp\profiles\NVPack Reloaded\mods}, reader: mod manifest]
[18:19:47] [main/INFO]: Found mod file "createbacktanktrims-1.2.0.jar" [locator: {mods folder locator at C:\Users\Nvv\AppData\Roaming\ModrinthApp\profiles\NVPack Reloaded\mods}, reader: mod manifest]
[18:19:47] [main/INFO]: Found mod file "createbb-1.1.3.jar" [locator: {mods folder locator at C:\Users\Nvv\AppData\Roaming\ModrinthApp\profiles\NVPack Reloaded\mods}, reader: mod manifest]
[18:19:47] [main/INFO]: Found mod file "createbigcannons-5.11.7+mc.1.21.1.jar" [locator: {mods folder locator at C:\Users\Nvv\AppData\Roaming\ModrinthApp\profiles\NVPack Reloaded\mods}, reader: mod manifest]
[18:19:47] [main/INFO]: Found mod file "createcclogistics-1.21.1-0.3.6.jar" [locator: {mods folder locator at C:\Users\Nvv\AppData\Roaming\ModrinthApp\profiles\NVPack Reloaded\mods}, reader: mod manifest]
[18:19:47] [main/INFO]: Found mod file "createdeco-2.1.3.jar" [locator: {mods folder locator at C:\Users\Nvv\AppData\Roaming\ModrinthApp\profiles\NVPack Reloaded\mods}, reader: mod manifest]
[18:19:47] [main/INFO]: Found mod file "createdieselgenerators-1.21.1-1.3.15.jar" [locator: {mods folder locator at C:\Users\Nvv\AppData\Roaming\ModrinthApp\profiles\NVPack Reloaded\mods}, reader: mod manifest]
[18:19:47] [main/INFO]: Found mod file "CreateDragonsPlus-1.11.7b.jar" [locator: {mods folder locator at C:\Users\Nvv\AppData\Roaming\ModrinthApp\profiles\NVPack Reloaded\mods}, reader: mod manifest]
[18:19:47] [main/INFO]: Found mod file "createfirefightingadd-0.2.1-beta (1).jar" [locator: {mods folder locator at C:\Users\Nvv\AppData\Roaming\ModrinthApp\profiles\NVPack Reloaded\mods}, reader: mod manifest]
[18:19:47] [main/INFO]: Found mod file "createfood-neoforge-1.21.1-2.7.1.jar" [locator: {mods folder locator at C:\Users\Nvv\AppData\Roaming\ModrinthApp\profiles\NVPack Reloaded\mods}, reader: mod manifest]
[18:19:47] [main/INFO]: Found mod file "createharmonics-neoforge-1.21.1-1.1.7.jar" [locator: {mods folder locator at C:\Users\Nvv\AppData\Roaming\ModrinthApp\profiles\NVPack Reloaded\mods}, reader: mod manifest]
[18:19:47] [main/INFO]: Found mod file "createliquidfuel-2.1.1-1.21.1.jar" [locator: {mods folder locator at C:\Users\Nvv\AppData\Roaming\ModrinthApp\profiles\NVPack Reloaded\mods}, reader: mod manifest]
[18:19:47] [main/INFO]: Found mod file "createpropulsion-1.1.5.jar" [locator: {mods folder locator at C:\Users\Nvv\AppData\Roaming\ModrinthApp\profiles\NVPack Reloaded\mods}, reader: mod manifest]
[18:19:47] [main/INFO]: Found mod file "createsifter-1.21.1-2.3.0.jar" [locator: {mods folder locator at C:\Users\Nvv\AppData\Roaming\ModrinthApp\profiles\NVPack Reloaded\mods}, reader: mod manifest]
[18:19:47] [main/INFO]: Found mod file "CreativeCore_NEOFORGE_v2.13.44_mc1.21.1.jar" [locator: {mods folder locator at C:\Users\Nvv\AppData\Roaming\ModrinthApp\profiles\NVPack Reloaded\mods}, reader: mod manifest]
[18:19:47] [main/INFO]: Found mod file "curios-neoforge-9.5.1+1.21.1.jar" [locator: {mods folder locator at C:\Users\Nvv\AppData\Roaming\ModrinthApp\profiles\NVPack Reloaded\mods}, reader: mod manifest]
[18:19:47] [main/INFO]: Found mod file "CutThrough-v21.1.0-1.21.1-NeoForge.jar" [locator: {mods folder locator at C:\Users\Nvv\AppData\Roaming\ModrinthApp\profiles\NVPack Reloaded\mods}, reader: mod manifest]
[18:19:47] [main/INFO]: Found mod file "cwb-neoforge-3.0.0+mc1.21.jar" [locator: {mods folder locator at C:\Users\Nvv\AppData\Roaming\ModrinthApp\profiles\NVPack Reloaded\mods}, reader: mod manifest]
[18:19:47] [main/INFO]: Found mod file "defaultoptions-neoforge-1.21.1-21.1.8.jar" [locator: {mods folder locator at C:\Users\Nvv\AppData\Roaming\ModrinthApp\profiles\NVPack Reloaded\mods}, reader: mod manifest]
[18:19:47] [main/INFO]: Found mod file "deployer-0.1.2.jar" [locator: {mods folder locator at C:\Users\Nvv\AppData\Roaming\ModrinthApp\profiles\NVPack Reloaded\mods}, reader: mod manifest]
[18:19:47] [main/INFO]: Found mod file "Design-n-Decor-1.21.1-2.2b.jar" [locator: {mods folder locator at C:\Users\Nvv\AppData\Roaming\ModrinthApp\profiles\NVPack Reloaded\mods}, reader: mod manifest]
[18:19:47] [main/INFO]: Found mod file "dg_js-1.21.1-1.2.4.jar" [locator: {mods folder locator at C:\Users\Nvv\AppData\Roaming\ModrinthApp\profiles\NVPack Reloaded\mods}, reader: mod manifest]
[18:19:47] [main/INFO]: Found mod file "DistantHorizons-3.2.0-b-1.21.1-fabric-neoforge.jar" [locator: {mods folder locator at C:\Users\Nvv\AppData\Roaming\ModrinthApp\profiles\NVPack Reloaded\mods}, reader: mod manifest]
[18:19:47] [main/INFO]: Found mod file "do_a_barrel_roll-neoforge-3.7.3+1.21.jar" [locator: {mods folder locator at C:\Users\Nvv\AppData\Roaming\ModrinthApp\profiles\NVPack Reloaded\mods}, reader: mod manifest]
[18:19:47] [main/INFO]: Found mod file "doubledoors-1.21.1-7.2.jar" [locator: {mods folder locator at C:\Users\Nvv\AppData\Roaming\ModrinthApp\profiles\NVPack Reloaded\mods}, reader: mod manifest]
[18:19:47] [main/INFO]: Found mod file "drivebywire-0.3.0.jar" [locator: {mods folder locator at C:\Users\Nvv\AppData\Roaming\ModrinthApp\profiles\NVPack Reloaded\mods}, reader: mod manifest]
[18:19:47] [main/INFO]: Found mod file "drivebywire-typewriter-1.1.0-beta.2.jar" [locator: {mods folder locator at C:\Users\Nvv\AppData\Roaming\ModrinthApp\profiles\NVPack Reloaded\mods}, reader: mod manifest]
[18:19:47] [main/INFO]: Found mod file "dynamic-fps-3.11.4+minecraft-1.21.0-neoforge.jar" [locator: {mods folder locator at C:\Users\Nvv\AppData\Roaming\ModrinthApp\profiles\NVPack Reloaded\mods}, reader: mod manifest]
[18:19:47] [main/INFO]: Found mod file "EasyMagic-v21.1.4-1.21.1-NeoForge.jar" [locator: {mods folder locator at C:\Users\Nvv\AppData\Roaming\ModrinthApp\profiles\NVPack Reloaded\mods}, reader: mod manifest]
[18:19:47] [main/INFO]: Found mod file "elytra_physics-neoforge-2.6.2_mc1.21.1.jar" [locator: {mods folder locator at C:\Users\Nvv\AppData\Roaming\ModrinthApp\profiles\NVPack Reloaded\mods}, reader: mod manifest]
[18:19:47] [main/INFO]: Found mod file "elytraslot-neoforge-9.0.2+1.21.1.jar" [locator: {mods folder locator at C:\Users\Nvv\AppData\Roaming\ModrinthApp\profiles\NVPack Reloaded\mods}, reader: mod manifest]
[18:19:47] [main/INFO]: Found mod file "elytratrims-neoforge-3.10.0+1.21.1.jar" [locator: {mods folder locator at C:\Users\Nvv\AppData\Roaming\ModrinthApp\profiles\NVPack Reloaded\mods}, reader: mod manifest]
[18:19:47] [main/INFO]: Found mod file "entity_model_features-3.2.4-1.21-neoforge.jar" [locator: {mods folder locator at C:\Users\Nvv\AppData\Roaming\ModrinthApp\profiles\NVPack Reloaded\mods}, reader: mod manifest]
[18:19:47] [main/INFO]: Found mod file "entity_texture_features_1.21-neoforge-7.1.jar" [locator: {mods folder locator at C:\Users\Nvv\AppData\Roaming\ModrinthApp\profiles\NVPack Reloaded\mods}, reader: mod manifest]
[18:19:47] [main/INFO]: Found mod file "entityculling-neoforge-1.10.5-mc1.21.1.jar" [locator: {mods folder locator at C:\Users\Nvv\AppData\Roaming\ModrinthApp\profiles\NVPack Reloaded\mods}, reader: mod manifest]
[18:19:47] [main/INFO]: Found mod file "EuphoriaPatcher-1.9.3-r5.8.1-neoforge.jar" [locator: {mods folder locator at C:\Users\Nvv\AppData\Roaming\ModrinthApp\profiles\NVPack Reloaded\mods}, reader: mod manifest]
[18:19:47] [main/INFO]: Found mod file "extra_gauges-2.1.2.jar" [locator: {mods folder locator at C:\Users\Nvv\AppData\Roaming\ModrinthApp\profiles\NVPack Reloaded\mods}, reader: mod manifest]
[18:19:47] [main/INFO]: Found mod file "fairylights-neoforge-1.21.1-1.2.3.jar" [locator: {mods folder locator at C:\Users\Nvv\AppData\Roaming\ModrinthApp\profiles\NVPack Reloaded\mods}, reader: mod manifest]
[18:19:47] [main/INFO]: Found mod file "FarmersDelight-1.21.1-1.3.3.jar" [locator: {mods folder locator at C:\Users\Nvv\AppData\Roaming\ModrinthApp\profiles\NVPack Reloaded\mods}, reader: mod manifest]
[18:19:47] [main/INFO]: Found mod file "ferritecore-7.0.3-neoforge.jar" [locator: {mods folder locator at C:\Users\Nvv\AppData\Roaming\ModrinthApp\profiles\NVPack Reloaded\mods}, reader: mod manifest]
[18:19:47] [main/INFO]: Found mod file "forbidden_arcanus-2.6.1.jar" [locator: {mods folder locator at C:\Users\Nvv\AppData\Roaming\ModrinthApp\profiles\NVPack Reloaded\mods}, reader: mod manifest]
[18:19:47] [main/INFO]: Found mod file "forgified-fabric-api-0.116.15+2.3.5+1.21.1.jar" [locator: {mods folder locator at C:\Users\Nvv\AppData\Roaming\ModrinthApp\profiles\NVPack Reloaded\mods}, reader: mod manifest]
[18:19:47] [main/WARN]: Skipping jar. File mods\furnish-29.jar is a Fabric mod and cannot be loaded
[18:19:47] [main/INFO]: Found mod file "furnitureexpanded-neoforge-1.2+1.21.1.jar" [locator: {mods folder locator at C:\Users\Nvv\AppData\Roaming\ModrinthApp\profiles\NVPack Reloaded\mods}, reader: mod manifest]
[18:19:47] [main/INFO]: Found mod file "fusion-1.3.14a-neoforge-mc1.21.1.jar" [locator: {mods folder locator at C:\Users\Nvv\AppData\Roaming\ModrinthApp\profiles\NVPack Reloaded\mods}, reader: mod manifest]
[18:19:47] [main/INFO]: Found mod file "fzzy_config-0.7.6+1.21+neoforge.jar" [locator: {mods folder locator at C:\Users\Nvv\AppData\Roaming\ModrinthApp\profiles\NVPack Reloaded\mods}, reader: mod manifest]
[18:19:47] [main/INFO]: Found mod file "geckolib-neoforge-1.21.1-4.9.2.jar" [locator: {mods folder locator at C:\Users\Nvv\AppData\Roaming\ModrinthApp\profiles\NVPack Reloaded\mods}, reader: mod manifest]
[18:19:47] [main/INFO]: Found mod file "grapplemod-1.1+1.21.1.neoforge.jar" [locator: {mods folder locator at C:\Users\Nvv\AppData\Roaming\ModrinthApp\profiles\NVPack Reloaded\mods}, reader: mod manifest]
[18:19:47] [main/INFO]: Found mod file "gravestone-neoforge-1.21.1-1.0.40.jar" [locator: {mods folder locator at C:\Users\Nvv\AppData\Roaming\ModrinthApp\profiles\NVPack Reloaded\mods}, reader: mod manifest]
[18:19:47] [main/INFO]: Found mod file "gravestone_sable_compat-1.0.0.jar" [locator: {mods folder locator at C:\Users\Nvv\AppData\Roaming\ModrinthApp\profiles\NVPack Reloaded\mods}, reader: mod manifest]
[18:19:47] [main/INFO]: Found mod file "gravestonecurioscompat-1.21.1-NeoForge-4.0.2.jar" [locator: {mods folder locator at C:\Users\Nvv\AppData\Roaming\ModrinthApp\profiles\NVPack Reloaded\mods}, reader: mod manifest]
[18:19:47] [main/INFO]: Found mod file "HammerLib-1.21-21.0.14.jar" [locator: {mods folder locator at C:\Users\Nvv\AppData\Roaming\ModrinthApp\profiles\NVPack Reloaded\mods}, reader: mod manifest]
[18:19:47] [main/INFO]: Found mod file "hotstuff-1.1.7.jar" [locator: {mods folder locator at C:\Users\Nvv\AppData\Roaming\ModrinthApp\profiles\NVPack Reloaded\mods}, reader: mod manifest]
[18:19:47] [main/INFO]: Found mod file "ImmediatelyFast-NeoForge-1.6.13+1.21.1.jar" [locator: {mods folder locator at C:\Users\Nvv\AppData\Roaming\ModrinthApp\profiles\NVPack Reloaded\mods}, reader: mod manifest]
[18:19:47] [main/INFO]: Found mod file "ImprovableSkills-1.21-21.0.2.jar" [locator: {mods folder locator at C:\Users\Nvv\AppData\Roaming\ModrinthApp\profiles\NVPack Reloaded\mods}, reader: mod manifest]
[18:19:47] [main/INFO]: Found mod file "interiors-1.21.1-neoforge-0.6.1.jar" [locator: {mods folder locator at C:\Users\Nvv\AppData\Roaming\ModrinthApp\profiles\NVPack Reloaded\mods}, reader: mod manifest]
[18:19:47] [main/INFO]: Found mod file "iris-neoforge-1.8.14-beta.1+mc1.21.1.jar" [locator: {mods folder locator at C:\Users\Nvv\AppData\Roaming\ModrinthApp\profiles\NVPack Reloaded\mods}, reader: mod manifest]
[18:19:47] [main/INFO]: Found mod file "Jade-1.21.1-NeoForge-15.10.6.jar" [locator: {mods folder locator at C:\Users\Nvv\AppData\Roaming\ModrinthApp\profiles\NVPack Reloaded\mods}, reader: mod manifest]
[18:19:47] [main/INFO]: Found mod file "JadeAddons-1.21.1-NeoForge-6.1.0.jar" [locator: {mods folder locator at C:\Users\Nvv\AppData\Roaming\ModrinthApp\profiles\NVPack Reloaded\mods}, reader: mod manifest]
[18:19:47] [main/INFO]: Found mod file "jearchaeology-1.21.0-1.1.5.jar" [locator: {mods folder locator at C:\Users\Nvv\AppData\Roaming\ModrinthApp\profiles\NVPack Reloaded\mods}, reader: mod manifest]
[18:19:47] [main/INFO]: Found mod file "jeed-1.21-2.3.3.jar" [locator: {mods folder locator at C:\Users\Nvv\AppData\Roaming\ModrinthApp\profiles\NVPack Reloaded\mods}, reader: mod manifest]
[18:19:47] [main/INFO]: Found mod file "jei-1.21.1-neoforge-19.44.0.406.jar" [locator: {mods folder locator at C:\Users\Nvv\AppData\Roaming\ModrinthApp\profiles\NVPack Reloaded\mods}, reader: mod manifest]
[18:19:47] [main/INFO]: Found mod file "justenoughbreeding-neoforge-1.21.1-3.2.1.jar" [locator: {mods folder locator at C:\Users\Nvv\AppData\Roaming\ModrinthApp\profiles\NVPack Reloaded\mods}, reader: mod manifest]
[18:19:47] [main/INFO]: Found mod file "JustEnoughProfessions-neoforge-1.21.1-4.0.5.jar" [locator: {mods folder locator at C:\Users\Nvv\AppData\Roaming\ModrinthApp\profiles\NVPack Reloaded\mods}, reader: mod manifest]
[18:19:47] [main/INFO]: Found mod file "JustEnoughResources-NeoForge-1.21.1-1.6.0.17.jar" [locator: {mods folder locator at C:\Users\Nvv\AppData\Roaming\ModrinthApp\profiles\NVPack Reloaded\mods}, reader: mod manifest]
[18:19:47] [main/INFO]: Found mod file "Kiwi-1.21.1-NeoForge-15.8.7.jar" [locator: {mods folder locator at C:\Users\Nvv\AppData\Roaming\ModrinthApp\profiles\NVPack Reloaded\mods}, reader: mod manifest]
[18:19:47] [main/INFO]: Found library file "kotlinforforge-5.12.0-all.jar" [locator: {mods folder locator at C:\Users\Nvv\AppData\Roaming\ModrinthApp\profiles\NVPack Reloaded\mods}, reader: mod manifest]
[18:19:47] [main/INFO]: Found mod file "kubejs-create-neoforge-2101.3.1-build.18.jar" [locator: {mods folder locator at C:\Users\Nvv\AppData\Roaming\ModrinthApp\profiles\NVPack Reloaded\mods}, reader: mod manifest]
[18:19:47] [main/INFO]: Found mod file "kubejs-neoforge-2101.7.2-build.374.jar" [locator: {mods folder locator at C:\Users\Nvv\AppData\Roaming\ModrinthApp\profiles\NVPack Reloaded\mods}, reader: mod manifest]
[18:19:47] [main/INFO]: Found mod file "kubejsdelight-1.1.6.jar" [locator: {mods folder locator at C:\Users\Nvv\AppData\Roaming\ModrinthApp\profiles\NVPack Reloaded\mods}, reader: mod manifest]
[18:19:47] [main/INFO]: Found mod file "lambdynamiclights-4.8.10+1.21.1.jar" [locator: {mods folder locator at C:\Users\Nvv\AppData\Roaming\ModrinthApp\profiles\NVPack Reloaded\mods}, reader: mod manifest]
[18:19:47] [main/INFO]: Found mod file "lamblanterns-1.2.0.jar" [locator: {mods folder locator at C:\Users\Nvv\AppData\Roaming\ModrinthApp\profiles\NVPack Reloaded\mods}, reader: mod manifest]
[18:19:47] [main/INFO]: Found mod file "lcompat-1.21-0.1.2a.jar" [locator: {mods folder locator at C:\Users\Nvv\AppData\Roaming\ModrinthApp\profiles\NVPack Reloaded\mods}, reader: mod manifest]
[18:19:47] [main/INFO]: Found mod file "lctech-1.21-0.2.2.7.jar" [locator: {mods folder locator at C:\Users\Nvv\AppData\Roaming\ModrinthApp\profiles\NVPack Reloaded\mods}, reader: mod manifest]
[18:19:47] [main/INFO]: Found mod file "LesRaisins-Tactical-Equipements-1.21.1-0.4.3.jar" [locator: {mods folder locator at C:\Users\Nvv\AppData\Roaming\ModrinthApp\profiles\NVPack Reloaded\mods}, reader: mod manifest]
[18:19:47] [main/INFO]: Found mod file "letmedespawn-1.21.x-neoforge-1.5.0.jar" [locator: {mods folder locator at C:\Users\Nvv\AppData\Roaming\ModrinthApp\profiles\NVPack Reloaded\mods}, reader: mod manifest]
[18:19:47] [main/INFO]: Found mod file "lightmanscurrency-1.21-2.3.0.5.jar" [locator: {mods folder locator at C:\Users\Nvv\AppData\Roaming\ModrinthApp\profiles\NVPack Reloaded\mods}, reader: mod manifest]
[18:19:47] [main/INFO]: Found mod file "lithium-neoforge-0.15.4+mc1.21.1.jar" [locator: {mods folder locator at C:\Users\Nvv\AppData\Roaming\ModrinthApp\profiles\NVPack Reloaded\mods}, reader: mod manifest]
[18:19:47] [main/INFO]: Found mod file "lithostitched-1.8.0+beta4-neoforge-21.1.jar" [locator: {mods folder locator at C:\Users\Nvv\AppData\Roaming\ModrinthApp\profiles\NVPack Reloaded\mods}, reader: mod manifest]
[18:19:47] [main/INFO]: Found mod file "ls_core-1.1.5-NeoForge-1.21.1.jar" [locator: {mods folder locator at C:\Users\Nvv\AppData\Roaming\ModrinthApp\profiles\NVPack Reloaded\mods}, reader: mod manifest]
[18:19:47] [main/INFO]: Found mod file "ls_furniture-1.0.9-NeoForge-1.21.1.jar" [locator: {mods folder locator at C:\Users\Nvv\AppData\Roaming\ModrinthApp\profiles\NVPack Reloaded\mods}, reader: mod manifest]
[18:19:47] [main/INFO]: Found mod file "mcw-doors-1.1.5-mc1.21.1neoforge.jar" [locator: {mods folder locator at C:\Users\Nvv\AppData\Roaming\ModrinthApp\profiles\NVPack Reloaded\mods}, reader: mod manifest]
[18:19:47] [main/INFO]: Found mod file "mcw-furniture-3.4.1-mc1.21.1neoforge.jar" [locator: {mods folder locator at C:\Users\Nvv\AppData\Roaming\ModrinthApp\profiles\NVPack Reloaded\mods}, reader: mod manifest]
[18:19:47] [main/INFO]: Found mod file "mcw-lights-1.1.5-mc1.21.1neoforge.jar" [locator: {mods folder locator at C:\Users\Nvv\AppData\Roaming\ModrinthApp\profiles\NVPack Reloaded\mods}, reader: mod manifest]
[18:19:47] [main/INFO]: Found mod file "mcw-mcwfences-1.2.1-mc1.21.1neoforge.jar" [locator: {mods folder locator at C:\Users\Nvv\AppData\Roaming\ModrinthApp\profiles\NVPack Reloaded\mods}, reader: mod manifest]
[18:19:47] [main/INFO]: Found mod file "mcw-mcwpaths-1.1.1-mc1.21.1neoforge.jar" [locator: {mods folder locator at C:\Users\Nvv\AppData\Roaming\ModrinthApp\profiles\NVPack Reloaded\mods}, reader: mod manifest]
[18:19:47] [main/INFO]: Found mod file "mcw-mcwstairs-1.0.2-mc1.21.1neoforge.jar" [locator: {mods folder locator at C:\Users\Nvv\AppData\Roaming\ModrinthApp\profiles\NVPack Reloaded\mods}, reader: mod manifest]
[18:19:47] [main/INFO]: Found mod file "mcw-mcwwindows-2.4.2-mc1.21.1neoforge.jar" [locator: {mods folder locator at C:\Users\Nvv\AppData\Roaming\ModrinthApp\profiles\NVPack Reloaded\mods}, reader: mod manifest]
[18:19:47] [main/INFO]: Found mod file "mcw-roofs-2.3.2-mc1.21.1neoforge.jar" [locator: {mods folder locator at C:\Users\Nvv\AppData\Roaming\ModrinthApp\profiles\NVPack Reloaded\mods}, reader: mod manifest]
[18:19:47] [main/INFO]: Found mod file "mcw-trapdoors-1.1.5-mc1.21.1neoforge.jar" [locator: {mods folder locator at C:\Users\Nvv\AppData\Roaming\ModrinthApp\profiles\NVPack Reloaded\mods}, reader: mod manifest]
[18:19:47] [main/INFO]: Found mod file "mcwifipnp-1.9.0-1.21-neoforge.jar" [locator: {mods folder locator at C:\Users\Nvv\AppData\Roaming\ModrinthApp\profiles\NVPack Reloaded\mods}, reader: mod manifest]
[18:19:47] [main/INFO]: Found mod file "mechanicals-1.21.1-1.1.6.jar" [locator: {mods folder locator at C:\Users\Nvv\AppData\Roaming\ModrinthApp\profiles\NVPack Reloaded\mods}, reader: mod manifest]
[18:19:47] [main/INFO]: Found mod file "midnightlib-neoforge-1.9.3+1.21.1.jar" [locator: {mods folder locator at C:\Users\Nvv\AppData\Roaming\ModrinthApp\profiles\NVPack Reloaded\mods}, reader: mod manifest]
[18:19:47] [main/INFO]: Found mod file "modelfix-1.21-1.10.jar" [locator: {mods folder locator at C:\Users\Nvv\AppData\Roaming\ModrinthApp\profiles\NVPack Reloaded\mods}, reader: mod manifest]
[18:19:47] [main/INFO]: Found mod file "modernfix-neoforge-5.27.20+mc1.21.1.jar" [locator: {mods folder locator at C:\Users\Nvv\AppData\Roaming\ModrinthApp\profiles\NVPack Reloaded\mods}, reader: mod manifest]
[18:19:47] [main/INFO]: Found mod file "moreculling-neoforge-1.21.1-1.0.9.jar" [locator: {mods folder locator at C:\Users\Nvv\AppData\Roaming\ModrinthApp\profiles\NVPack Reloaded\mods}, reader: mod manifest]
[18:19:47] [main/INFO]: Found mod file "MouseTweaks-neoforge-mc1.21-2.26.1.jar" [locator: {mods folder locator at C:\Users\Nvv\AppData\Roaming\ModrinthApp\profiles\NVPack Reloaded\mods}, reader: mod manifest]
[18:19:47] [main/INFO]: Found mod file "MyNethersDelight-1.21.1-1.10.4.jar" [locator: {mods folder locator at C:\Users\Nvv\AppData\Roaming\ModrinthApp\profiles\NVPack Reloaded\mods}, reader: mod manifest]
[18:19:47] [main/INFO]: Found mod file "nemos-inventory-sorting-NeoForge-1.21.1-1.8.2.1.jar" [locator: {mods folder locator at C:\Users\Nvv\AppData\Roaming\ModrinthApp\profiles\NVPack Reloaded\mods}, reader: mod manifest]
[18:19:47] [main/INFO]: Found mod file "netherportalfix-neoforge-1.21.1-21.1.1.jar" [locator: {mods folder locator at C:\Users\Nvv\AppData\Roaming\ModrinthApp\profiles\NVPack Reloaded\mods}, reader: mod manifest]
[18:19:47] [main/INFO]: Found mod file "NoChatReports-NEOFORGE-1.21.1-v2.9.1.jar" [locator: {mods folder locator at C:\Users\Nvv\AppData\Roaming\ModrinthApp\profiles\NVPack Reloaded\mods}, reader: mod manifest]
[18:19:47] [main/INFO]: Found mod file "NoChatRestrictions-NeoForge-MC1.21.11-v1.0.2.jar" [locator: {mods folder locator at C:\Users\Nvv\AppData\Roaming\ModrinthApp\profiles\NVPack Reloaded\mods}, reader: mod manifest]
[18:19:47] [main/INFO]: Found mod file "nowheel-1.0.6+1.21.1neoforge.jar" [locator: {mods folder locator at C:\Users\Nvv\AppData\Roaming\ModrinthApp\profiles\NVPack Reloaded\mods}, reader: mod manifest]
[18:19:47] [main/INFO]: Found mod file "open-parties-and-claims-neoforge-1.21.1-0.30.3.jar" [locator: {mods folder locator at C:\Users\Nvv\AppData\Roaming\ModrinthApp\profiles\NVPack Reloaded\mods}, reader: mod manifest]
[18:19:47] [main/INFO]: Found mod file "packagerspsic-1.0.0.jar" [locator: {mods folder locator at C:\Users\Nvv\AppData\Roaming\ModrinthApp\profiles\NVPack Reloaded\mods}, reader: mod manifest]
[18:19:47] [main/INFO]: Found mod file "packetfixer-3.3.1-1.20.5-1.21.X-merged.jar" [locator: {mods folder locator at C:\Users\Nvv\AppData\Roaming\ModrinthApp\profiles\NVPack Reloaded\mods}, reader: mod manifest]
[18:19:47] [main/INFO]: Found mod file "ParCool-1.21.1-4.0.0.2.jar" [locator: {mods folder locator at C:\Users\Nvv\AppData\Roaming\ModrinthApp\profiles\NVPack Reloaded\mods}, reader: mod manifest]
[18:19:47] [main/INFO]: Found mod file "ParCool-CompatibilityAddon-1.21.1-3.4.3.3-1.2.jar" [locator: {mods folder locator at C:\Users\Nvv\AppData\Roaming\ModrinthApp\profiles\NVPack Reloaded\mods}, reader: mod manifest]
[18:19:47] [main/INFO]: Found mod file "particle_core-0.3.3+1.21+neoforge.jar" [locator: {mods folder locator at C:\Users\Nvv\AppData\Roaming\ModrinthApp\profiles\NVPack Reloaded\mods}, reader: mod manifest]
[18:19:47] [main/INFO]: Found mod file "player-animation-lib-forge-2.0.4+1.21.1.jar" [locator: {mods folder locator at C:\Users\Nvv\AppData\Roaming\ModrinthApp\profiles\NVPack Reloaded\mods}, reader: mod manifest]
[18:19:47] [main/INFO]: Found mod file "polymorph-neoforge-1.1.0+1.21.1.jar" [locator: {mods folder locator at C:\Users\Nvv\AppData\Roaming\ModrinthApp\profiles\NVPack Reloaded\mods}, reader: mod manifest]
[18:19:47] [main/INFO]: Found mod file "powergrid-mc1.21.1-0.6.1.jar" [locator: {mods folder locator at C:\Users\Nvv\AppData\Roaming\ModrinthApp\profiles\NVPack Reloaded\mods}, reader: mod manifest]
[18:19:47] [main/INFO]: Found mod file "prickle-neoforge-1.21.1-21.1.11.jar" [locator: {mods folder locator at C:\Users\Nvv\AppData\Roaming\ModrinthApp\profiles\NVPack Reloaded\mods}, reader: mod manifest]
[18:19:47] [main/INFO]: Found mod file "PuzzlesLib-v21.1.52-1.21.1-NeoForge.jar" [locator: {mods folder locator at C:\Users\Nvv\AppData\Roaming\ModrinthApp\profiles\NVPack Reloaded\mods}, reader: mod manifest]
[18:19:47] [main/INFO]: Found mod file "Quick Skin - NeoForge - 1.21.1-2.6.2.4.jar" [locator: {mods folder locator at C:\Users\Nvv\AppData\Roaming\ModrinthApp\profiles\NVPack Reloaded\mods}, reader: mod manifest]
[18:19:47] [main/INFO]: Found mod file "railways-0.3.0-beta.2+neoforge-mc1.21.1.jar" [locator: {mods folder locator at C:\Users\Nvv\AppData\Roaming\ModrinthApp\profiles\NVPack Reloaded\mods}, reader: mod manifest]
[18:19:47] [main/INFO]: Found mod file "recipe_generator-neoforge-1.21.1-2.2.0-beta.jar" [locator: {mods folder locator at C:\Users\Nvv\AppData\Roaming\ModrinthApp\profiles\NVPack Reloaded\mods}, reader: mod manifest]
[18:19:47] [main/INFO]: Found mod file "reeses-sodium-options-neoforge-2.2.3+mc1.21.1.jar" [locator: {mods folder locator at C:\Users\Nvv\AppData\Roaming\ModrinthApp\profiles\NVPack Reloaded\mods}, reader: mod manifest]
[18:19:47] [main/INFO]: Found mod file "resourcefulconfig-neoforge-1.21-3.0.11.jar" [locator: {mods folder locator at C:\Users\Nvv\AppData\Roaming\ModrinthApp\profiles\NVPack Reloaded\mods}, reader: mod manifest]
[18:19:47] [main/INFO]: Found mod file "resourcefullib-neoforge-1.21-3.0.12.jar" [locator: {mods folder locator at C:\Users\Nvv\AppData\Roaming\ModrinthApp\profiles\NVPack Reloaded\mods}, reader: mod manifest]
[18:19:47] [main/INFO]: Found mod file "rhino-2101.2.8-build.91.jar" [locator: {mods folder locator at C:\Users\Nvv\AppData\Roaming\ModrinthApp\profiles\NVPack Reloaded\mods}, reader: mod manifest]
[18:19:47] [main/INFO]: Found mod file "ritchiesprojectilelib-2.1.2+mc.1.21.1-neoforge.jar" [locator: {mods folder locator at C:\Users\Nvv\AppData\Roaming\ModrinthApp\profiles\NVPack Reloaded\mods}, reader: mod manifest]
[18:19:47] [main/INFO]: Found mod file "sable-neoforge-1.21.1-2.0.5.jar" [locator: {mods folder locator at C:\Users\Nvv\AppData\Roaming\ModrinthApp\profiles\NVPack Reloaded\mods}, reader: mod manifest]
[18:19:47] [main/INFO]: Found mod file "sable_player_ragdoll-1.21.1-0.7.5.jar" [locator: {mods folder locator at C:\Users\Nvv\AppData\Roaming\ModrinthApp\profiles\NVPack Reloaded\mods}, reader: mod manifest]
[18:19:47] [main/INFO]: Found mod file "sablejade-1.3.0.jar" [locator: {mods folder locator at C:\Users\Nvv\AppData\Roaming\ModrinthApp\profiles\NVPack Reloaded\mods}, reader: mod manifest]
[18:19:47] [main/INFO]: Found mod file "sablephysicscompat-1.3.0.jar" [locator: {mods folder locator at C:\Users\Nvv\AppData\Roaming\ModrinthApp\profiles\NVPack Reloaded\mods}, reader: mod manifest]
[18:19:47] [main/INFO]: Found mod file "screenshotcompression-1.21.1-1.3.jar" [locator: {mods folder locator at C:\Users\Nvv\AppData\Roaming\ModrinthApp\profiles\NVPack Reloaded\mods}, reader: mod manifest]
[18:19:47] [main/INFO]: Found mod file "Searchables-neoforge-1.21.1-1.0.2.jar" [locator: {mods folder locator at C:\Users\Nvv\AppData\Roaming\ModrinthApp\profiles\NVPack Reloaded\mods}, reader: mod manifest]
[18:19:47] [main/INFO]: Found mod file "simplemenu-1.21.1-2.0.jar" [locator: {mods folder locator at C:\Users\Nvv\AppData\Roaming\ModrinthApp\profiles\NVPack Reloaded\mods}, reader: mod manifest]
[18:19:47] [main/INFO]: Found mod file "SimpleRPC-4.1.4.jar" [locator: {mods folder locator at C:\Users\Nvv\AppData\Roaming\ModrinthApp\profiles\NVPack Reloaded\mods}, reader: mod manifest]
[18:19:47] [main/INFO]: Found mod file "simulated_gauges-1.1.0.jar" [locator: {mods folder locator at C:\Users\Nvv\AppData\Roaming\ModrinthApp\profiles\NVPack Reloaded\mods}, reader: mod manifest]
[18:19:47] [main/INFO]: Found mod file "simulatedcoasters-0.1.5.jar" [locator: {mods folder locator at C:\Users\Nvv\AppData\Roaming\ModrinthApp\profiles\NVPack Reloaded\mods}, reader: mod manifest]
[18:19:47] [main/INFO]: Found mod file "skinlayers3d-neoforge-1.11.2-mc1.21.1.jar" [locator: {mods folder locator at C:\Users\Nvv\AppData\Roaming\ModrinthApp\profiles\NVPack Reloaded\mods}, reader: mod manifest]
[18:19:47] [main/INFO]: Found mod file "sliceanddice-4.3.3-neoforge.jar" [locator: {mods folder locator at C:\Users\Nvv\AppData\Roaming\ModrinthApp\profiles\NVPack Reloaded\mods}, reader: mod manifest]
[18:19:47] [main/INFO]: Found mod file "snassets-1.0.1.jar" [locator: {mods folder locator at C:\Users\Nvv\AppData\Roaming\ModrinthApp\profiles\NVPack Reloaded\mods}, reader: mod manifest]
[18:19:47] [main/INFO]: Found mod file "SnowRealMagic-1.21.1-NeoForge-12.2.2.jar" [locator: {mods folder locator at C:\Users\Nvv\AppData\Roaming\ModrinthApp\profiles\NVPack Reloaded\mods}, reader: mod manifest]
[18:19:47] [main/INFO]: Found mod file "sodium-extra-neoforge-0.9.3+mc1.21.1.jar" [locator: {mods folder locator at C:\Users\Nvv\AppData\Roaming\ModrinthApp\profiles\NVPack Reloaded\mods}, reader: mod manifest]
[18:19:47] [main/INFO]: Found mod file "sophisticatedbackpacks-1.21.1-3.25.78.2107.jar" [locator: {mods folder locator at C:\Users\Nvv\AppData\Roaming\ModrinthApp\profiles\NVPack Reloaded\mods}, reader: mod manifest]
[18:19:47] [main/INFO]: Found mod file "sophisticatedbackpackscreateintegration-1.21.1-0.1.8.134.jar" [locator: {mods folder locator at C:\Users\Nvv\AppData\Roaming\ModrinthApp\profiles\NVPack Reloaded\mods}, reader: mod manifest]
[18:19:47] [main/INFO]: Found mod file "sophisticatedcore-1.21.1-1.4.90.2299.jar" [locator: {mods folder locator at C:\Users\Nvv\AppData\Roaming\ModrinthApp\profiles\NVPack Reloaded\mods}, reader: mod manifest]
[18:19:47] [main/INFO]: Found mod file "sound-physics-aeronautics-1.4.0.jar" [locator: {mods folder locator at C:\Users\Nvv\AppData\Roaming\ModrinthApp\profiles\NVPack Reloaded\mods}, reader: mod manifest]
[18:19:47] [main/INFO]: Found mod file "sound-physics-remastered-neoforge-1.21.1-1.5.1.jar" [locator: {mods folder locator at C:\Users\Nvv\AppData\Roaming\ModrinthApp\profiles\NVPack Reloaded\mods}, reader: mod manifest]
[18:19:47] [main/INFO]: Found mod file "spark-1.10.124-neoforge.jar" [locator: {mods folder locator at C:\Users\Nvv\AppData\Roaming\ModrinthApp\profiles\NVPack Reloaded\mods}, reader: mod manifest]
[18:19:47] [main/INFO]: Found mod file "streetskubegui-neoforge-1.0.0.jar" [locator: {mods folder locator at C:\Users\Nvv\AppData\Roaming\ModrinthApp\profiles\NVPack Reloaded\mods}, reader: mod manifest]
[18:19:47] [main/INFO]: Found gamelibrary file "struts-1.3.0.jar" [locator: {mods folder locator at C:\Users\Nvv\AppData\Roaming\ModrinthApp\profiles\NVPack Reloaded\mods}, reader: mod manifest]
[18:19:47] [main/INFO]: Found mod file "supermartijn642corelib-1.1.24-neoforge-mc1.21.jar" [locator: {mods folder locator at C:\Users\Nvv\AppData\Roaming\ModrinthApp\profiles\NVPack Reloaded\mods}, reader: mod manifest]
[18:19:47] [main/INFO]: Found mod file "tacz-neoforge-1.21.1-1.1.8-hotfix-r6.jar" [locator: {mods folder locator at C:\Users\Nvv\AppData\Roaming\ModrinthApp\profiles\NVPack Reloaded\mods}, reader: mod manifest]
[18:19:47] [main/INFO]: Found mod file "tacz-pack-upgrader-2.1.3.jar" [locator: {mods folder locator at C:\Users\Nvv\AppData\Roaming\ModrinthApp\profiles\NVPack Reloaded\mods}, reader: mod manifest]
[18:19:47] [main/INFO]: Found mod file "tacz-tweaks-3.0.0-alpha.10+1.21.1-neoforge.jar" [locator: {mods folder locator at C:\Users\Nvv\AppData\Roaming\ModrinthApp\profiles\NVPack Reloaded\mods}, reader: mod manifest]
[18:19:47] [main/INFO]: Found mod file "tectonic-3.0.26-neoforge-21.1.jar" [locator: {mods folder locator at C:\Users\Nvv\AppData\Roaming\ModrinthApp\profiles\NVPack Reloaded\mods}, reader: mod manifest]
[18:19:48] [main/INFO]: Found mod file "tempad-1.21.1-3.0.4-all.jar" [locator: {mods folder locator at C:\Users\Nvv\AppData\Roaming\ModrinthApp\profiles\NVPack Reloaded\mods}, reader: mod manifest]
[18:19:48] [main/INFO]: Found mod file "toms_storage-1.21-2.4.1.jar" [locator: {mods folder locator at C:\Users\Nvv\AppData\Roaming\ModrinthApp\profiles\NVPack Reloaded\mods}, reader: mod manifest]
[18:19:48] [main/INFO]: Found mod file "towed-1.2.0.jar" [locator: {mods folder locator at C:\Users\Nvv\AppData\Roaming\ModrinthApp\profiles\NVPack Reloaded\mods}, reader: mod manifest]
[18:19:48] [main/INFO]: Found mod file "tracks-neoforge-1.21.1-1.0.1.jar" [locator: {mods folder locator at C:\Users\Nvv\AppData\Roaming\ModrinthApp\profiles\NVPack Reloaded\mods}, reader: mod manifest]
[18:19:48] [main/INFO]: Found mod file "travelertoolbelt-neoforge-1.21.1-1.0.2.jar" [locator: {mods folder locator at C:\Users\Nvv\AppData\Roaming\ModrinthApp\profiles\NVPack Reloaded\mods}, reader: mod manifest]
[18:19:48] [main/INFO]: Found mod file "valhelsia_core-neoforge-1.21.1-1.1.4.jar" [locator: {mods folder locator at C:\Users\Nvv\AppData\Roaming\ModrinthApp\profiles\NVPack Reloaded\mods}, reader: mod manifest]
[18:19:48] [main/INFO]: Found mod file "visual_keybinder-1.21.1-0.1.12-neoforge.jar" [locator: {mods folder locator at C:\Users\Nvv\AppData\Roaming\ModrinthApp\profiles\NVPack Reloaded\mods}, reader: mod manifest]
[18:19:48] [main/INFO]: Found mod file "voicechat-neoforge-1.21.1-2.6.22.jar" [locator: {mods folder locator at C:\Users\Nvv\AppData\Roaming\ModrinthApp\profiles\NVPack Reloaded\mods}, reader: mod manifest]
[18:19:48] [main/INFO]: Found mod file "VS-Sable-HoseConnectors-0.1.8-1.21.1.jar" [locator: {mods folder locator at C:\Users\Nvv\AppData\Roaming\ModrinthApp\profiles\NVPack Reloaded\mods}, reader: mod manifest]
[18:19:48] [main/INFO]: Found mod file "wallfence-3.1.0-neoforge-1.21.1.jar" [locator: {mods folder locator at C:\Users\Nvv\AppData\Roaming\ModrinthApp\profiles\NVPack Reloaded\mods}, reader: mod manifest]
[18:19:48] [main/INFO]: Found mod file "watut-neoforge-1.21.0-1.2.7.jar" [locator: {mods folder locator at C:\Users\Nvv\AppData\Roaming\ModrinthApp\profiles\NVPack Reloaded\mods}, reader: mod manifest]
[18:19:48] [main/INFO]: Found mod file "waveycapes-neoforge-1.10.2-mc1.21.1.jar" [locator: {mods folder locator at C:\Users\Nvv\AppData\Roaming\ModrinthApp\profiles\NVPack Reloaded\mods}, reader: mod manifest]
[18:19:48] [main/INFO]: Found mod file "waystones-neoforge-1.21.1-21.1.41.jar" [locator: {mods folder locator at C:\Users\Nvv\AppData\Roaming\ModrinthApp\profiles\NVPack Reloaded\mods}, reader: mod manifest]
[18:19:48] [main/INFO]: Found mod file "waystonessable-1.0.7.jar" [locator: {mods folder locator at C:\Users\Nvv\AppData\Roaming\ModrinthApp\profiles\NVPack Reloaded\mods}, reader: mod manifest]
[18:19:48] [main/INFO]: Found mod file "WaystonesTeleportPets-1.2-neoforge-1.21.1.jar" [locator: {mods folder locator at C:\Users\Nvv\AppData\Roaming\ModrinthApp\profiles\NVPack Reloaded\mods}, reader: mod manifest]
[18:19:48] [main/INFO]: Found mod file "xaerominimap-neoforge-1.21.1-26.4.2.jar" [locator: {mods folder locator at C:\Users\Nvv\AppData\Roaming\ModrinthApp\profiles\NVPack Reloaded\mods}, reader: mod manifest]
[18:19:48] [main/INFO]: Found mod file "xaeroworldmap-neoforge-1.21.1-1.45.0.jar" [locator: {mods folder locator at C:\Users\Nvv\AppData\Roaming\ModrinthApp\profiles\NVPack Reloaded\mods}, reader: mod manifest]
[18:19:48] [main/INFO]: Found mod file "yet_another_config_lib_v3-3.8.2+1.21.1-neoforge.jar" [locator: {mods folder locator at C:\Users\Nvv\AppData\Roaming\ModrinthApp\profiles\NVPack Reloaded\mods}, reader: mod manifest]
[18:19:48] [main/INFO]: Found mod file "YungsApi-1.21.1-NeoForge-5.1.8.jar" [locator: {mods folder locator at C:\Users\Nvv\AppData\Roaming\ModrinthApp\profiles\NVPack Reloaded\mods}, reader: mod manifest]
[18:19:48] [main/INFO]: Found mod file "YungsBetterCaves-1.21.1-NeoForge-3.1.5.jar" [locator: {mods folder locator at C:\Users\Nvv\AppData\Roaming\ModrinthApp\profiles\NVPack Reloaded\mods}, reader: mod manifest]
[18:19:48] [main/INFO]: Found mod file "YungsBetterDesertTemples-1.21.1-NeoForge-4.1.5.jar" [locator: {mods folder locator at C:\Users\Nvv\AppData\Roaming\ModrinthApp\profiles\NVPack Reloaded\mods}, reader: mod manifest]
[18:19:48] [main/INFO]: Found mod file "YungsBetterDungeons-1.21.1-NeoForge-5.1.4.jar" [locator: {mods folder locator at C:\Users\Nvv\AppData\Roaming\ModrinthApp\profiles\NVPack Reloaded\mods}, reader: mod manifest]
[18:19:48] [main/INFO]: Found mod file "YungsBetterEndIsland-1.21.1-NeoForge-3.1.2.jar" [locator: {mods folder locator at C:\Users\Nvv\AppData\Roaming\ModrinthApp\profiles\NVPack Reloaded\mods}, reader: mod manifest]
[18:19:48] [main/INFO]: Found mod file "YungsBetterJungleTemples-1.21.1-NeoForge-3.1.2.jar" [locator: {mods folder locator at C:\Users\Nvv\AppData\Roaming\ModrinthApp\profiles\NVPack Reloaded\mods}, reader: mod manifest]
[18:19:48] [main/INFO]: Found mod file "YungsBetterMineshafts-1.21.1-NeoForge-5.1.1.jar" [locator: {mods folder locator at C:\Users\Nvv\AppData\Roaming\ModrinthApp\profiles\NVPack Reloaded\mods}, reader: mod manifest]
[18:19:48] [main/INFO]: Found mod file "YungsBetterNetherFortresses-1.21.1-NeoForge-3.1.5.jar" [locator: {mods folder locator at C:\Users\Nvv\AppData\Roaming\ModrinthApp\profiles\NVPack Reloaded\mods}, reader: mod manifest]
[18:19:48] [main/INFO]: Found mod file "YungsBetterOceanMonuments-1.21.1-NeoForge-4.1.2.jar" [locator: {mods folder locator at C:\Users\Nvv\AppData\Roaming\ModrinthApp\profiles\NVPack Reloaded\mods}, reader: mod manifest]
[18:19:48] [main/INFO]: Found mod file "YungsBetterStrongholds-1.21.1-NeoForge-5.1.3.jar" [locator: {mods folder locator at C:\Users\Nvv\AppData\Roaming\ModrinthApp\profiles\NVPack Reloaded\mods}, reader: mod manifest]
[18:19:48] [main/INFO]: Found mod file "YungsBetterWitchHuts-1.21.1-NeoForge-4.1.1.jar" [locator: {mods folder locator at C:\Users\Nvv\AppData\Roaming\ModrinthApp\profiles\NVPack Reloaded\mods}, reader: mod manifest]
[18:19:50] [main/WARN]: Attempted to select two dependency jars from JarJar which have the same identification: Nested Mod File  in Mod File: C:\Users\Nvv\AppData\Roaming\ModrinthApp\profiles\NVPack Reloaded\mods\particle_core-0.3.3+1.21+neoforge.jar and Nested Mod File  in Mod File: C:\Users\Nvv\AppData\Roaming\ModrinthApp\profiles\NVPack Reloaded\mods\CreateDragonsPlus-1.11.7b.jar. Using Nested Mod File  in Mod File: C:\Users\Nvv\AppData\Roaming\ModrinthApp\profiles\NVPack Reloaded\mods\particle_core-0.3.3+1.21+neoforge.jar
[18:19:50] [main/WARN]: Attempted to select a dependency jar for JarJar which was passed in as source: fabric_renderer_api_v1. Using Mod File: 
[18:19:50] [main/WARN]: Attempted to select a dependency jar for JarJar which was passed in as source: playeranimator. Using Mod File: C:\Users\Nvv\AppData\Roaming\ModrinthApp\profiles\NVPack Reloaded\mods\player-animation-lib-forge-2.0.4+1.21.1.jar
[18:19:50] [main/WARN]: Attempted to select a dependency jar for JarJar which was passed in as source: fabric_block_view_api_v2. Using Mod File: 
[18:19:50] [main/WARN]: Attempted to select a dependency jar for JarJar which was passed in as source: library:net.fabricmc.loader. Using Mod File: \~nonexistent
[18:19:50] [main/WARN]: Attempted to select a dependency jar for JarJar which was passed in as source: resourcefulconfig. Using Mod File: C:\Users\Nvv\AppData\Roaming\ModrinthApp\profiles\NVPack Reloaded\mods\resourcefulconfig-neoforge-1.21-3.0.11.jar
[18:19:50] [main/WARN]: Attempted to select a dependency jar for JarJar which was passed in as source: resourcefullib. Using Mod File: C:\Users\Nvv\AppData\Roaming\ModrinthApp\profiles\NVPack Reloaded\mods\resourcefullib-neoforge-1.21-3.0.12.jar
[18:19:50] [main/WARN]: Attempted to select a dependency jar for JarJar which was passed in as source: fabric_rendering_data_attachment_v1. Using Mod File: 
[18:19:50] [main/WARN]: Attempted to select a dependency jar for JarJar which was passed in as source: fabric_api_base. Using Mod File: 
[18:19:50] [main/INFO]: Found 156 dependencies adding them to mods collection
[18:19:50] [main/INFO]: Found mod file "atmosphere-1.21.1-neoforge-1.0.17.jar" [parent: sliceanddice-4.3.3-neoforge.jar, locator: jarinjar, reader: mod manifest]
[18:19:50] [main/INFO]: Found mod file "c2me-neoforge-fixes-worldgen-threading-issues-mc1.21.1-0.4.0-alpha.0.120.jar" [parent: c2me-neoforge-mc1.21.1-0.4.0-alpha.0.120.jar, locator: jarinjar, reader: mod manifest]
[18:19:50] [main/INFO]: Found gamelibrary file "scena-core-21.1.20.jar" [parent: neoforge-21.1.20.jar, locator: jarinjar, reader: mod manifest]
[18:19:50] [main/INFO]: Found mod file "kuma-api-neoforge-21.0.8+1.21.jar" [parent: balm-neoforge-1.21.1-21.0.65.jar, locator: jarinjar, reader: mod manifest]
[18:19:50] [main/INFO]: Found library file "glsl-processor-0.2.3.jar" [parent: veil-neoforge-1.21.1-4.3.2.jar, locator: jarinjar]
[18:19:50] [main/INFO]: Found mod file "neoforge-21.1.20.jar" [parent: chisels-and-bits-neoforge-21.1.32.jar, locator: jarinjar, reader: mod manifest]
[18:19:50] [main/INFO]: Found mod file "ponder-neoforge-1.0.82+mc1.21.1.jar" [parent: create-1.21.1-6.0.10.jar, locator: jarinjar, reader: mod manifest]
[18:19:50] [main/INFO]: Found mod file "fabric-item-api-v1-11.3.0+b24c12f719.jar" [parent: forgified-fabric-api-0.116.15+2.3.5+1.21.1.jar, locator: jarinjar, reader: mod manifest]
[18:19:50] [main/INFO]: Found library file "greenlight-api-0.1.0+mc1.21.10.jar" [parent: sodium-extra-neoforge-0.9.3+mc1.21.1.jar, locator: jarinjar]
[18:19:50] [main/INFO]: Found mod file "neoforge-21.1.5.jar" [parent: chisels-and-bits-neoforge-21.1.32.jar, locator: jarinjar, reader: mod manifest]
[18:19:50] [main/INFO]: Found mod file "fabric-rendering-fluids-v1-3.1.6+ddc51b4719.jar" [parent: forgified-fabric-api-0.116.15+2.3.5+1.21.1.jar, locator: jarinjar, reader: mod manifest]
[18:19:50] [main/INFO]: Found mod file "c2me-neoforge-opts-natives-math-mc1.21.1-0.4.0-alpha.0.120.jar" [parent: c2me-neoforge-mc1.21.1-0.4.0-alpha.0.120.jar, locator: jarinjar, reader: mod manifest]
[18:19:50] [main/INFO]: Found mod file "apollib-1.2.0-neoforge-21.1.jar" [parent: lithostitched-1.8.0+beta4-neoforge-21.1.jar, locator: jarinjar, reader: mod manifest]
[18:19:50] [main/INFO]: Found gamelibrary file "yumi-commons-collections-1.0.0.jar" [parent: yumi-mc-foundation-1.0.0-beta.1+1.21.1-mojmap.jar, locator: jarinjar, reader: mod manifest]
[18:19:50] [main/INFO]: Found mod file "c2me-neoforge-fixes-general-threading-issues-mc1.21.1-0.4.0-alpha.0.120.jar" [parent: c2me-neoforge-mc1.21.1-0.4.0-alpha.0.120.jar, locator: jarinjar, reader: mod manifest]
[18:19:50] [main/INFO]: Found library file "commons-math3-3.6.1.jar" [parent: tacz-neoforge-1.21.1-1.1.8-hotfix-r6.jar, locator: jarinjar]
[18:19:50] [main/INFO]: Found mod file "fabric-convention-tags-v1-2.1.7+7f945d5b19.jar" [parent: forgified-fabric-api-0.116.15+2.3.5+1.21.1.jar, locator: jarinjar, reader: mod manifest]
[18:19:50] [main/INFO]: Found library file "kotlinx-coroutines-core-jvm-1.11.0.jar" [parent: kotlinforforge-5.12.0-all.jar, locator: jarinjar]
[18:19:50] [main/INFO]: Found mod file "fabric-command-api-v2-2.2.28+36d727be19.jar" [parent: forgified-fabric-api-0.116.15+2.3.5+1.21.1.jar, locator: jarinjar, reader: mod manifest]
[18:19:50] [main/INFO]: Found mod file "fabric-convention-tags-v2-2.12.0+75d3639619.jar" [parent: forgified-fabric-api-0.116.15+2.3.5+1.21.1.jar, locator: jarinjar, reader: mod manifest]
[18:19:50] [main/INFO]: Found mod file "fabric-data-attachment-api-v1-1.4.7+26d408aa19.jar" [parent: forgified-fabric-api-0.116.15+2.3.5+1.21.1.jar, locator: jarinjar, reader: mod manifest]
[18:19:50] [main/INFO]: Found library file "jctools-core-4.0.5.jar" [parent: c2me-neoforge-mc1.21.1-0.4.0-alpha.0.120.jar, locator: jarinjar]
[18:19:50] [main/INFO]: Found mod file "veil-neoforge-1.21.1-4.3.2.jar" [parent: sable-neoforge-1.21.1-2.0.5.jar, locator: jarinjar, reader: mod manifest]
[18:19:50] [main/INFO]: Found mod file "dev.simulated_team.simulated.simulated-neoforge-1.21.1-1.3.1.jar" [parent: create-aeronautics-bundled-1.21.1-1.3.1.jar, locator: jarinjar, reader: mod manifest]
[18:19:50] [main/INFO]: Found mod file "c2me-neoforge-opts-math-mc1.21.1-0.4.0-alpha.0.120.jar" [parent: c2me-neoforge-mc1.21.1-0.4.0-alpha.0.120.jar, locator: jarinjar, reader: mod manifest]
[18:19:50] [main/INFO]: Found gamelibrary file "yumi-commons-event-1.0.0.jar" [parent: yumi-mc-foundation-1.0.0-beta.1+1.21.1-mojmap.jar, locator: jarinjar, reader: mod manifest]
[18:19:50] [main/INFO]: Found library file "kotlin-stdlib-jdk7-2.4.0.jar" [parent: kotlinforforge-5.12.0-all.jar, locator: jarinjar]
[18:19:50] [main/INFO]: Found library file "kotlin-stdlib-jdk8-2.4.0.jar" [parent: kotlinforforge-5.12.0-all.jar, locator: jarinjar]
[18:19:50] [main/INFO]: Found mod file "fabric-screen-api-v1-2.0.26+9991ca2f19.jar" [parent: forgified-fabric-api-0.116.15+2.3.5+1.21.1.jar, locator: jarinjar, reader: mod manifest]
[18:19:50] [main/INFO]: Found library file "reactive-streams-1.0.4.jar" [parent: c2me-neoforge-mc1.21.1-0.4.0-alpha.0.120.jar, locator: jarinjar]
[18:19:50] [main/INFO]: Found mod file "c2me-neoforge-base-mc1.21.1-0.4.0-alpha.0.120-all.jar" [parent: c2me-neoforge-mc1.21.1-0.4.0-alpha.0.120.jar, locator: jarinjar, reader: mod manifest]
[18:19:50] [main/INFO]: Found mod file "c2me-neoforge-fixes-worldgen-vanilla-bugs-mc1.21.1-0.4.0-alpha.0.120.jar" [parent: c2me-neoforge-mc1.21.1-0.4.0-alpha.0.120.jar, locator: jarinjar, reader: mod manifest]
[18:19:50] [main/INFO]: Found mod file "pridelib-1.2.4+1.21.1-mojmap.jar" [parent: lambdynamiclights-4.8.10+1.21.1-neoforge.jar, locator: jarinjar, reader: mod manifest]
[18:19:50] [main/INFO]: Found library file "kotlinx-serialization-json-jvm-1.11.0.jar" [parent: kotlinforforge-5.12.0-all.jar, locator: jarinjar]
[18:19:50] [main/INFO]: Found library file "bytecodecs-1.1.2.jar" [parent: resourcefullib-neoforge-1.21-3.0.12.jar, locator: jarinjar]
[18:19:50] [main/INFO]: Found mod file "fabric-content-registries-v0-8.0.19+5e0d320019.jar" [parent: forgified-fabric-api-0.116.15+2.3.5+1.21.1.jar, locator: jarinjar, reader: mod manifest]
[18:19:50] [main/INFO]: Found mod file "common-storage-lib-data-neoforge-1.21.1-0.0.7.jar" [parent: tempad-1.21.1-3.0.4-all.jar, locator: jarinjar, reader: mod manifest]
[18:19:50] [main/INFO]: Found library file "exp4j-0.4.8.jar" [parent: extra_gauges-2.1.2.jar, locator: jarinjar]
[18:19:50] [main/INFO]: Found gamelibrary file "mixinextras-neoforge-0.5.4.jar" [parent: chatanimation-neoforge-1.3.1+mc1.21.jar, locator: jarinjar, reader: mod manifest]
[18:19:50] [main/INFO]: Found gamelibrary file "yumi-commons-core-1.0.0.jar" [parent: yumi-mc-foundation-1.0.0-beta.1+1.21.1-mojmap.jar, locator: jarinjar, reader: mod manifest]
[18:19:50] [main/INFO]: Found mod file "fabric-game-rule-api-v1-1.0.53+36d727be19.jar" [parent: forgified-fabric-api-0.116.15+2.3.5+1.21.1.jar, locator: jarinjar, reader: mod manifest]
[18:19:50] [main/INFO]: Found mod file "olympus-neoforge-1.21-1.0.18.jar" [parent: tempad-1.21.1-3.0.4-all.jar, locator: jarinjar, reader: mod manifest]
[18:19:50] [main/INFO]: Found mod file "fabric-api-lookup-api-v1-1.6.72+6244b11119.jar" [parent: forgified-fabric-api-0.116.15+2.3.5+1.21.1.jar, locator: jarinjar, reader: mod manifest]
[18:19:50] [main/INFO]: Found mod file "c2me-neoforge-fixes-chunkio-threading-issues-mc1.21.1-0.4.0-alpha.0.120.jar" [parent: c2me-neoforge-mc1.21.1-0.4.0-alpha.0.120.jar, locator: jarinjar, reader: mod manifest]
[18:19:50] [main/INFO]: Found library file "ejml-core-0.44.0.jar" [parent: powergrid-mc1.21.1-0.6.1.jar, locator: jarinjar]
[18:19:50] [main/INFO]: Found gamelibrary file "dev.ryanhcode.sable.sable-sable_rapier-1.21.1-2.0.5.jar" [parent: sable-neoforge-1.21.1-2.0.5.jar, locator: jarinjar, reader: mod manifest]
[18:19:50] [main/INFO]: Found mod file "c2me-neoforge-client-uncapvd-mc1.21.1-0.4.0-alpha.0.120.jar" [parent: c2me-neoforge-mc1.21.1-0.4.0-alpha.0.120.jar, locator: jarinjar, reader: mod manifest]
[18:19:50] [main/INFO]: Found library file "bcel-6.6.1.jar" [parent: tacz-neoforge-1.21.1-1.1.8-hotfix-r6.jar, locator: jarinjar]
[18:19:50] [main/INFO]: Found library file "imageio-metadata-3.12.0.jar" [parent: yet_another_config_lib_v3-3.8.2+1.21.1-neoforge.jar, locator: jarinjar]
[18:19:50] [main/INFO]: Found library file "jcpp-1.4.14.jar" [parent: iris-neoforge-1.8.14-beta.1+mc1.21.1.jar, locator: jarinjar]
[18:19:50] [main/INFO]: Found gamelibrary file "chisels-and-bits-create-21.1.32.jar" [parent: chisels-and-bits-neoforge-21.1.32.jar, locator: jarinjar, reader: mod manifest]
[18:19:50] [main/INFO]: Found mod file "c2me-neoforge-opts-dfc-mc1.21.1-0.4.0-alpha.0.120.jar" [parent: c2me-neoforge-mc1.21.1-0.4.0-alpha.0.120.jar, locator: jarinjar, reader: mod manifest]
[18:19:50] [main/INFO]: Found library file "kotlin-stdlib-2.4.0.jar" [parent: kotlinforforge-5.12.0-all.jar, locator: jarinjar]
[18:19:50] [main/INFO]: Found mod file "simplebedrockmodel-2.2.1-neoforge+mc1.21.1.jar" [parent: tacz-neoforge-1.21.1-1.1.8-hotfix-r6.jar, locator: jarinjar, reader: mod manifest]
[18:19:50] [main/INFO]: Found gamelibrary file "chisels-and-bits-core-21.1.32.jar" [parent: chisels-and-bits-neoforge-21.1.32.jar, locator: jarinjar, reader: mod manifest]
[18:19:50] [main/INFO]: Found library file "tomlkt-jvm-0.3.7.jar" [parent: fzzy_config-0.7.6+1.21+neoforge.jar, locator: jarinjar]
[18:19:50] [main/INFO]: Found mod file "fabric-entity-events-v1-1.8.0+e46a02ca19.jar" [parent: forgified-fabric-api-0.116.15+2.3.5+1.21.1.jar, locator: jarinjar, reader: mod manifest]
[18:19:50] [main/INFO]: Found library file "kaleido-config-0.3.3+1.3.2.jar" [parent: cccbridge-mc1.21.1-v1.7.3-neoforge.jar, locator: jarinjar]
[18:19:50] [main/INFO]: Found library file "ejml-ddense-0.44.0.jar" [parent: powergrid-mc1.21.1-0.6.1.jar, locator: jarinjar]
[18:19:50] [main/INFO]: Found library file "MixinSquared-0.3.7-beta.1.jar" [parent: mixinsquared-neoforge-0.3.7-beta.1.jar, locator: jarinjar]
[18:19:50] [main/INFO]: Found gamelibrary file "saecularia-caudices-core-21.1.5.jar" [parent: neoforge-21.1.5.jar, locator: jarinjar, reader: mod manifest]
[18:19:50] [main/INFO]: Found library file "common-io-3.12.0.jar" [parent: yet_another_config_lib_v3-3.8.2+1.21.1-neoforge.jar, locator: jarinjar]
[18:19:50] [main/INFO]: Found mod file "lambdynamiclights-4.8.10+1.21.1-neoforge.jar" [parent: lambdynamiclights-4.8.10+1.21.1.jar, locator: jarinjar, reader: mod manifest]
[18:19:50] [main/INFO]: Found mod file "fabric-loot-api-v2-3.0.15+a3ee712d19.jar" [parent: forgified-fabric-api-0.116.15+2.3.5+1.21.1.jar, locator: jarinjar, reader: mod manifest]
[18:19:50] [main/INFO]: Found mod file "fabric-loot-api-v3-1.0.3+333dfad919.jar" [parent: forgified-fabric-api-0.116.15+2.3.5+1.21.1.jar, locator: jarinjar, reader: mod manifest]
[18:19:50] [main/INFO]: Found mod file "conditional-mixin-neoforge-0.6.4.jar" [parent: particle_core-0.3.3+1.21+neoforge.jar, locator: jarinjar, reader: mod manifest]
[18:19:50] [main/INFO]: Found mod file "TRansition-1.0.21-1.21.1-neoforge-SNAPSHOT.jar" [parent: entityculling-neoforge-1.10.5-mc1.21.1.jar, locator: jarinjar, reader: mod manifest]
[18:19:50] [main/INFO]: Found mod file "flightlib-1.21.1-neoforge-4.0.36.jar" [parent: create_jetpack-forge-5.2.1.jar, locator: jarinjar, reader: mod manifest]
[18:19:50] [main/INFO]: Found library file "imageio-webp-3.12.0.jar" [parent: yet_another_config_lib_v3-3.8.2+1.21.1-neoforge.jar, locator: jarinjar]
[18:19:50] [main/INFO]: Found mod file "fabric-networking-api-v1-4.3.1+7e3d421f19.jar" [parent: forgified-fabric-api-0.116.15+2.3.5+1.21.1.jar, locator: jarinjar, reader: mod manifest]
[18:19:50] [main/INFO]: Found library file "kotlinx-serialization-core-jvm-1.11.0.jar" [parent: kotlinforforge-5.12.0-all.jar, locator: jarinjar]
[18:19:50] [main/INFO]: Found library file "caffeine-3.2.1.jar" [parent: c2me-neoforge-mc1.21.1-0.4.0-alpha.0.120.jar, locator: jarinjar]
[18:19:50] [main/INFO]: Found mod file "c2me-neoforge-rewrites-chunkio-mc1.21.1-0.4.0-alpha.0.120.jar" [parent: c2me-neoforge-mc1.21.1-0.4.0-alpha.0.120.jar, locator: jarinjar, reader: mod manifest]
[18:19:50] [main/INFO]: Found gamelibrary file "Registrate-MC1.21-1.3.0+67.jar" [parent: create-1.21.1-6.0.10.jar, locator: jarinjar, reader: mod manifest]
[18:19:50] [main/INFO]: Found mod file "c2me-neoforge-opts-allocs-mc1.21.1-0.4.0-alpha.0.120.jar" [parent: c2me-neoforge-mc1.21.1-0.4.0-alpha.0.120.jar, locator: jarinjar, reader: mod manifest]
[18:19:50] [main/INFO]: Found mod file "fabric-lifecycle-events-v1-2.6.0+e40d8add19.jar" [parent: forgified-fabric-api-0.116.15+2.3.5+1.21.1.jar, locator: jarinjar, reader: mod manifest]
[18:19:50] [main/INFO]: Found library file "imageio-core-3.12.0.jar" [parent: yet_another_config_lib_v3-3.8.2+1.21.1-neoforge.jar, locator: jarinjar]
[18:19:50] [main/INFO]: Found library file "asyncutil-0.1.0.jar" [parent: c2me-neoforge-mc1.21.1-0.4.0-alpha.0.120.jar, locator: jarinjar]
[18:19:50] [main/INFO]: Found mod file "fabric-key-binding-api-v1-1.0.47+62cc7ce119.jar" [parent: forgified-fabric-api-0.116.15+2.3.5+1.21.1.jar, locator: jarinjar, reader: mod manifest]
[18:19:50] [main/INFO]: Found mod file "fabric-client-tags-api-v1-1.2.0+5adff2d719.jar" [parent: forgified-fabric-api-0.116.15+2.3.5+1.21.1.jar, locator: jarinjar, reader: mod manifest]
[18:19:50] [main/INFO]: Found mod file "esl-neoforge-1.21.1-1.0.3+neoforge-mc1.21.1.jar" [parent: create-new-age-1.2.0+neoforge-mc1.21.1.jar, locator: jarinjar, reader: mod manifest]
[18:19:50] [main/INFO]: Found mod file "fabric-transfer-api-v1-5.4.4+6244b11119.jar" [parent: forgified-fabric-api-0.116.15+2.3.5+1.21.1.jar, locator: jarinjar, reader: mod manifest]
[18:19:50] [main/INFO]: Found library file "luaj-core-3.0.8-figura.jar" [parent: tacz-neoforge-1.21.1-1.1.8-hotfix-r6.jar, locator: jarinjar]
[18:19:50] [main/INFO]: Found mod file "c2me-neoforge-threading-lighting-mc1.21.1-0.4.0-alpha.0.120.jar" [parent: c2me-neoforge-mc1.21.1-0.4.0-alpha.0.120.jar, locator: jarinjar, reader: mod manifest]
[18:19:50] [main/INFO]: Found mod file "compat_manager-1.21.1-1.0.7.jar" [parent: deployer-0.1.2.jar, locator: jarinjar, reader: mod manifest]
[18:19:50] [main/INFO]: Found mod file "fabric-model-loading-api-v1-2.1.0+6e8f52c719.jar" [parent: forgified-fabric-api-0.116.15+2.3.5+1.21.1.jar, locator: jarinjar, reader: mod manifest]
[18:19:50] [main/INFO]: Found library file "json5-java-3.0.0.jar" [parent: apollib-1.1.5-neoforge-21.1.jar, locator: jarinjar]
[18:19:50] [main/INFO]: Found library file "net.neoforged.neoforge-coremods-21.1.248.jar" [parent: neoforge-21.1.248-universal.jar, locator: jarinjar, reader: mod manifest]
[18:19:50] [main/INFO]: Found library file "mae-1.1.2.jar" [parent: simplebedrockmodel-2.2.1-neoforge+mc1.21.1.jar, locator: jarinjar]
[18:19:50] [main/INFO]: Found mod file "dev.eriksonn.aeronautics.aeronautics-neoforge-1.21.1-1.3.1.jar" [parent: create-aeronautics-bundled-1.21.1-1.3.1.jar, locator: jarinjar, reader: mod manifest]
[18:19:50] [main/INFO]: Found mod file "xaerolib-neoforge-1.21.1-1.7.1.jar" [parent: xaeroworldmap-neoforge-1.21.1-1.45.0.jar, locator: jarinjar, reader: mod manifest]
[18:19:50] [main/INFO]: Found mod file "fabric-screen-handler-api-v1-1.3.91+8dbc56dd19.jar" [parent: forgified-fabric-api-0.116.15+2.3.5+1.21.1.jar, locator: jarinjar, reader: mod manifest]
[18:19:50] [main/INFO]: Found library file "cobalt-0.9.9.jar" [parent: cc-tweaked-1.21.1-forge-1.120.2.jar, locator: jarinjar]
[18:19:50] [main/INFO]: Found mod file "fabric-resource-loader-v0-1.3.1+4ea8954419.jar" [parent: forgified-fabric-api-0.116.15+2.3.5+1.21.1.jar, locator: jarinjar, reader: mod manifest]
[18:19:50] [main/INFO]: Found mod file "TRender-1.0.15-1.21.1-neoforge-SNAPSHOT.jar" [parent: skinlayers3d-neoforge-1.11.2-mc1.21.1.jar, locator: jarinjar, reader: mod manifest]
[18:19:50] [main/INFO]: Found gamelibrary file "chisels-and-bits-api-21.1.32.jar" [parent: chisels-and-bits-neoforge-21.1.32.jar, locator: jarinjar, reader: mod manifest]
[18:19:50] [main/INFO]: Found mod file "fabric-rendering-v1-5.1.0+1a09bd5a19.jar" [parent: forgified-fabric-api-0.116.15+2.3.5+1.21.1.jar, locator: jarinjar, reader: mod manifest]
[18:19:50] [main/INFO]: Found mod file "fabric-renderer-indigo-1.7.1+9125b6dc19.jar" [parent: forgified-fabric-api-0.116.15+2.3.5+1.21.1.jar, locator: jarinjar, reader: mod manifest]
[18:19:50] [main/INFO]: Found mod file "resourcefullibkt-neoforge-1.21-2.0.2.jar" [parent: tempad-1.21.1-3.0.4-all.jar, locator: jarinjar, reader: mod manifest]
[18:19:50] [main/INFO]: Found library file "yabn-1.0.3.jar" [parent: resourcefullib-neoforge-1.21-3.0.12.jar, locator: jarinjar]
[18:19:50] [main/INFO]: Found gamelibrary file "mixinsquared-neoforge-0.3.7-beta.1.jar" [parent: c2me-neoforge-mc1.21.1-0.4.0-alpha.0.120.jar, locator: jarinjar, reader: mod manifest]
[18:19:50] [main/INFO]: Found mod file "grapplemod-compat-create-1.0+1.21.1.neoforge-compat.jar" [parent: grapplemod-1.1+1.21.1.neoforge.jar, locator: jarinjar, reader: mod manifest]
[18:19:50] [main/INFO]: Found library file "kotlinx-coroutines-jdk8-1.11.0.jar" [parent: kotlinforforge-5.12.0-all.jar, locator: jarinjar]
[18:19:50] [main/INFO]: Found mod file "c2me-neoforge-rewrites-chunk-system-mc1.21.1-0.4.0-alpha.0.120.jar" [parent: c2me-neoforge-mc1.21.1-0.4.0-alpha.0.120.jar, locator: jarinjar, reader: mod manifest]
[18:19:50] [main/INFO]: Found library file "rxjava-3.1.12.jar" [parent: c2me-neoforge-mc1.21.1-0.4.0-alpha.0.120.jar, locator: jarinjar]
[18:19:50] [main/INFO]: Found library file "battery-2.0.0.jar" [parent: dynamic-fps-3.11.4+minecraft-1.21.0-neoforge.jar, locator: jarinjar]
[18:19:50] [main/INFO]: Found library file "molang-compiler-3.1.1.19.jar" [parent: veil-neoforge-1.21.1-4.3.2.jar, locator: jarinjar]
[18:19:50] [main/INFO]: Found library file "Reflect-1.6.2.jar" [parent: ImmediatelyFast-NeoForge-1.6.13+1.21.1.jar, locator: jarinjar]
[18:19:50] [main/INFO]: Found mod file "fabric-particles-v1-4.0.2+824f924c19.jar" [parent: forgified-fabric-api-0.116.15+2.3.5+1.21.1.jar, locator: jarinjar, reader: mod manifest]
[18:19:50] [main/INFO]: Found library file "animated-gif-lib-for-java-animated-gif-lib-1.7.jar" [parent: kubejs-neoforge-2101.7.2-build.374.jar, locator: jarinjar]
[18:19:50] [main/INFO]: Found mod file "c2me-neoforge-opts-worldgen-vanilla-mc1.21.1-0.4.0-alpha.0.120.jar" [parent: c2me-neoforge-mc1.21.1-0.4.0-alpha.0.120.jar, locator: jarinjar, reader: mod manifest]
[18:19:50] [main/INFO]: Found library file "common-image-3.12.0.jar" [parent: yet_another_config_lib_v3-3.8.2+1.21.1-neoforge.jar, locator: jarinjar]
[18:19:50] [main/INFO]: Found mod file "c2me-neoforge-opts-scheduling-mc1.21.1-0.4.0-alpha.0.120.jar" [parent: c2me-neoforge-mc1.21.1-0.4.0-alpha.0.120.jar, locator: jarinjar, reader: mod manifest]
[18:19:50] [main/INFO]: Found mod file "fabric-transitive-access-wideners-v1-6.2.0+6c854b6f19.jar" [parent: forgified-fabric-api-0.116.15+2.3.5+1.21.1.jar, locator: jarinjar, reader: mod manifest]
[18:19:50] [main/INFO]: Found mod file "dev.ryanhcode.offroad.offroad-neoforge-1.21.1-1.3.1.jar" [parent: create-aeronautics-bundled-1.21.1-1.3.1.jar, locator: jarinjar, reader: mod manifest]
[18:19:50] [main/INFO]: Found library file "ejml-simple-0.44.0.jar" [parent: powergrid-mc1.21.1-0.6.1.jar, locator: jarinjar]
[18:19:50] [main/INFO]: Found library file "jankson-1.2.3.jar" [parent: fzzy_config-0.7.6+1.21+neoforge.jar, locator: jarinjar]
[18:19:50] [main/INFO]: Found library file "jzlib-1.1.3.jar" [parent: cc-tweaked-1.21.1-forge-1.120.2.jar, locator: jarinjar]
[18:19:50] [main/INFO]: Found mod file "fabric-renderer-registries-v1-3.2.69+df3654b319.jar" [parent: forgified-fabric-api-0.116.15+2.3.5+1.21.1.jar, locator: jarinjar, reader: mod manifest]
[18:19:50] [main/INFO]: Found mod file "fabric-blockrenderlayer-v1-1.1.52+c290471319.jar" [parent: forgified-fabric-api-0.116.15+2.3.5+1.21.1.jar, locator: jarinjar, reader: mod manifest]
[18:19:50] [main/INFO]: Found mod file "c2me-neoforge-server-utils-mc1.21.1-0.4.0-alpha.0.120.jar" [parent: c2me-neoforge-mc1.21.1-0.4.0-alpha.0.120.jar, locator: jarinjar, reader: mod manifest]
[18:19:50] [main/INFO]: Found mod file "grapplemod-compat-sable-1.0+1.21.1.neoforge-compat.jar" [parent: grapplemod-1.1+1.21.1.neoforge.jar, locator: jarinjar, reader: mod manifest]
[18:19:50] [main/INFO]: Found mod file "spectrelib-neoforge-0.17.2+1.21.jar" [parent: charmofundying-neoforge-9.1.0+1.21.1.jar, locator: jarinjar, reader: mod manifest]
[18:19:50] [main/INFO]: Found library file "thedarkcolour.kfflang-5.12.0.jar" [parent: kotlinforforge-5.12.0-all.jar, locator: jarinjar, reader: mod manifest]
[18:19:50] [main/INFO]: Found mod file "fabric-block-api-v1-1.1.0+b0c22bb819.jar" [parent: forgified-fabric-api-0.116.15+2.3.5+1.21.1.jar, locator: jarinjar, reader: mod manifest]
[18:19:50] [main/INFO]: Found gamelibrary file "thedarkcolour.kfflib-5.12.0.jar" [parent: kotlinforforge-5.12.0-all.jar, locator: jarinjar, reader: mod manifest]
[18:19:50] [main/INFO]: Found mod file "fabric-resource-conditions-api-v1-4.3.0+5bdd099819.jar" [parent: forgified-fabric-api-0.116.15+2.3.5+1.21.1.jar, locator: jarinjar, reader: mod manifest]
[18:19:50] [main/INFO]: Found library file "luaj-jse-3.0.8-figura.jar" [parent: tacz-neoforge-1.21.1-1.1.8-hotfix-r6.jar, locator: jarinjar]
[18:19:50] [main/INFO]: Found library file "glsl-transformer-3.0.0-pre3.jar" [parent: iris-neoforge-1.8.14-beta.1+mc1.21.1.jar, locator: jarinjar]
[18:19:50] [main/INFO]: Found mod file "thedarkcolour.kffmod-5.12.0.jar" [parent: kotlinforforge-5.12.0-all.jar, locator: jarinjar, reader: mod manifest]
[18:19:50] [main/INFO]: Found library file "gson-0.2.1.jar" [parent: yet_another_config_lib_v3-3.8.2+1.21.1-neoforge.jar, locator: jarinjar]
[18:19:50] [main/INFO]: Found library file "kotlin-reflect-2.4.0.jar" [parent: kotlinforforge-5.12.0-all.jar, locator: jarinjar]
[18:19:50] [main/INFO]: Found mod file "sable-companion-common-1.21.1-1.6.0.jar" [parent: create_stats-1.2.81.jar, locator: jarinjar, reader: mod manifest]
[18:19:50] [main/INFO]: Found mod file "flywheel-neoforge-1.21.1-1.0.6.jar" [parent: create-1.21.1-6.0.10.jar, locator: jarinjar, reader: mod manifest]
[18:19:50] [main/INFO]: Found mod file "fabric-item-group-api-v1-4.1.7+e324903319.jar" [parent: forgified-fabric-api-0.116.15+2.3.5+1.21.1.jar, locator: jarinjar, reader: mod manifest]
[18:19:50] [main/INFO]: Found mod file "fabric-gametest-api-v1-2.0.5+29f188ce19.jar" [parent: forgified-fabric-api-0.116.15+2.3.5+1.21.1.jar, locator: jarinjar, reader: mod manifest]
[18:19:50] [main/INFO]: Found mod file "c2me-neoforge-notickvd-mc1.21.1-0.4.0-alpha.0.120.jar" [parent: c2me-neoforge-mc1.21.1-0.4.0-alpha.0.120.jar, locator: jarinjar, reader: mod manifest]
[18:19:50] [main/INFO]: Found mod file "spruceui-6.2.5+1.21.1-mojmap.jar" [parent: lambdynamiclights-4.8.10+1.21.1-neoforge.jar, locator: jarinjar, reader: mod manifest]
[18:19:50] [main/INFO]: Found mod file "yumi-mc-foundation-1.0.0-beta.1+1.21.1-mojmap.jar" [parent: lambdynamiclights-4.8.10+1.21.1-neoforge.jar, locator: jarinjar, reader: mod manifest]
[18:19:50] [main/INFO]: Found mod file "fabric-biome-api-v1-13.0.31+1e62d33c19.jar" [parent: forgified-fabric-api-0.116.15+2.3.5+1.21.1.jar, locator: jarinjar, reader: mod manifest]
[18:19:50] [main/INFO]: Found mod file "c2me-neoforge-opts-worldgen-general-mc1.21.1-0.4.0-alpha.0.120.jar" [parent: c2me-neoforge-mc1.21.1-0.4.0-alpha.0.120.jar, locator: jarinjar, reader: mod manifest]
[18:19:50] [main/INFO]: Found mod file "c2me-neoforge-opts-chunkio-mc1.21.1-0.4.0-alpha.0.120.jar" [parent: c2me-neoforge-mc1.21.1-0.4.0-alpha.0.120.jar, locator: jarinjar, reader: mod manifest]
[18:19:50] [main/INFO]: Found library file "json-0.2.1.jar" [parent: yet_another_config_lib_v3-3.8.2+1.21.1-neoforge.jar, locator: jarinjar]
[18:19:50] [main/INFO]: Found mod file "fabric-registry-sync-v0-5.3.2+f9aace1619.jar" [parent: forgified-fabric-api-0.116.15+2.3.5+1.21.1.jar, locator: jarinjar, reader: mod manifest]
[18:19:50] [main/INFO]: Found mod file "better-advanced-tooltips-2101.1.0-build.1.jar" [parent: kubejs-neoforge-2101.7.2-build.374.jar, locator: jarinjar, reader: mod manifest]
[18:19:50] [main/INFO]: Found mod file "lambdynamiclights-api-4.8.10+1.21.1-mojmap.jar" [parent: lambdynamiclights-4.8.10+1.21.1-neoforge.jar, locator: jarinjar, reader: mod manifest]
[18:19:50] [main/INFO]: Found mod file "fabric-recipe-api-v1-5.0.16+59440bcc19.jar" [parent: forgified-fabric-api-0.116.15+2.3.5+1.21.1.jar, locator: jarinjar, reader: mod manifest]
[18:19:50] [main/INFO]: Found mod file "fabric-object-builder-api-v1-15.2.1+cc242efd19.jar" [parent: forgified-fabric-api-0.116.15+2.3.5+1.21.1.jar, locator: jarinjar, reader: mod manifest]
[18:19:50] [main/INFO]: Found library file "ejml-dsparse-0.44.0.jar" [parent: powergrid-mc1.21.1-0.6.1.jar, locator: jarinjar]
[18:19:50] [main/INFO]: Found mod file "fabric-sound-api-v1-1.0.23+10b84f8419.jar" [parent: forgified-fabric-api-0.116.15+2.3.5+1.21.1.jar, locator: jarinjar, reader: mod manifest]
[18:19:50] [main/INFO]: Found mod file "fabric-message-api-v1-6.0.14+6a754fce19.jar" [parent: forgified-fabric-api-0.116.15+2.3.5+1.21.1.jar, locator: jarinjar, reader: mod manifest]
[18:19:50] [main/INFO]: Found library file "tiny-java-server-1.0.0-build.33.jar" [parent: kubejs-neoforge-2101.7.2-build.374.jar, locator: jarinjar]
[18:19:50] [main/INFO]: Found library file "common-lang-3.12.0.jar" [parent: yet_another_config_lib_v3-3.8.2+1.21.1-neoforge.jar, locator: jarinjar]
[18:19:50] [main/INFO]: Found mod file "fabric-tag-api-v1-1.3.0+3e2bcb4b19.jar" [parent: forgified-fabric-api-0.116.15+2.3.5+1.21.1.jar, locator: jarinjar, reader: mod manifest]
[18:19:50] [main/INFO]: Found mod file "fabric-data-generation-api-v1-20.3.0+3e2bcb4b19.jar" [parent: forgified-fabric-api-0.116.15+2.3.5+1.21.1.jar, locator: jarinjar, reader: mod manifest]
[18:19:50] [main/INFO]: Found mod file "fabric-events-interaction-v0-0.7.14+057f5afd19.jar" [parent: forgified-fabric-api-0.116.15+2.3.5+1.21.1.jar, locator: jarinjar, reader: mod manifest]
[18:19:50] [main/INFO]: Fabric mod metadata not found in jar kotlinforforge.all, ignoring
[18:19:51] [main/INFO]: Dependency resolution found 2 candidates to load
[18:19:52] [main/INFO]: Found mod file "continuity-3.0.0+1.21.neoforge_mapped_moj_1.21.1.jar" [locator: org.sinytra.connector.locator.ConnectorLocator@71ea1fda]
[18:19:52] [main/INFO]: Found mod file "furnish-29_mapped_moj_1.21.1.jar" [locator: org.sinytra.connector.locator.ConnectorLocator@71ea1fda]
[18:19:52] [main/INFO]: Found 2 dependencies adding them to mods collection
[18:19:52] [main/INFO]: Found mod file "org.sinytra.connector-2.0.0-beta.17+1.21.1-mod.jar" [parent: , locator: org.sinytra.connector.locator.ConnectorLocator@71ea1fda, reader: mod manifest]
[18:19:52] [main/INFO]: Found gamelibrary file "runtime-1.0.0+1.21.1.jar" [parent: , locator: org.sinytra.connector.locator.ConnectorLocator@71ea1fda, reader: mod manifest]
[18:19:52] [main/INFO]: 
     Mod List:
		Name Version (Mod Id)

		3d-Skin-Layers 1.11.2 (skinlayers3d)
		AeroEngine 1.0.2 (aeroengineering)
		Aeronautics Claims 0.9.3 (aeroclaims)
		Aeronautics Hot Air Fix 1.1.1 (aeronauticshotairfix)
		Almanac 1.5.2 (almanac)
		Alternate Current 1.9.0 (alternate_current)
		Apollib 1.2.0 (apollib)
		AppleSkin 3.0.9+mc1.21 (appleskin)
		Architectury 13.0.11 (architectury)
		Astrocraft-Lite 1.2 (astrocraft_lite)
		Athena 4.0.6 (athena)
		Atmosphere 1.0.17 (atmosphere)
		AttributeFix 21.1.3 (attributefix)
		Auth Me 9.0.1+1.21.1 (authme)
		Azimuth 1.4.7 (azimuth)
		BadOptimizations 2.4.1 (badoptimizations)
		BaguetteLib 2.0.3 (baguettelib)
		Balm 21.0.65 (balm)
		Better Advanced Tooltips 2101.1.0-build.1 (betteradvancedtooltips)
		Big Tires 1.0.0-beta3 (bigtires)
		Bookshelf 21.1.81 (bookshelf)
		Caelus API 7.0.1+1.21.1 (caelus)
		CC: Sable 1.3.4 (cc_sable)
		CC: Tweaked 1.120.2 (computercraft)
		CC:C Bridge 1.7.3 (cccbridge)
		Charm of Undying 9.1.0+1.21.1 (charmofundying)
		ChatAnimation 1.3.1 (chatanimation)
		Chipped 4.0.2 (chipped)
		chisels-and-bits 21.1.32 (chiselsandbits)
		Climbable Ropes for Create Aeronautics 2.1.1 (climbable_ropes)
		Cloth Config v15 API 15.0.140 (cloth_config)
		Collective 8.39 (collective)
		Colorwheel 1.2.9+mc1.21.1 (colorwheel)
		Colorwheel Patcher 1.0.5+mc1.21.1 (colorwheel_patcher)
		Common Storage Lib: Data 0.0.7 (common_storage_lib_data)
		Compat Manager 1.0.7 (compat_manager)
		Concurrent Chunk Management Engine 0.4.0-alpha.0.120+1.21.1 (c2me)
		Concurrent Chunk Management Engine (Base) 0.4.0-alpha.0.120+1.21.1 (c2me_base)
		Concurrent Chunk Management Engine (Client/Uncap View Distance) 0.4.0-alpha.0.120+1.21.1 (c2me_client_uncapvd)
		Concurrent Chunk Management Engine (Fixes/Chunk IO/Threading Issues) 0.4.0-alpha.0.120+1.21.1 (c2me_fixes_chunkio_threading_issues)
		Concurrent Chunk Management Engine (Fixes/General/Threading Issues) 0.4.0-alpha.0.120+1.21.1 (c2me_fixes_general_threading_issues)
		Concurrent Chunk Management Engine (Fixes/WorldGen/Threading Issues) 0.4.0-alpha.0.120+1.21.1 (c2me_fixes_worldgen_threading_issues)
		Concurrent Chunk Management Engine (Fixes/WorldGen/Vanilla Bugs) 0.4.0-alpha.0.120+1.21.1 (c2me_fixes_worldgen_vanilla_bugs)
		Concurrent Chunk Management Engine (No Tick View Distance) 0.4.0-alpha.0.120+1.21.1 (c2me_notickvd)
		Concurrent Chunk Management Engine (Optimizations/Chunk IO) 0.4.0-alpha.0.120+1.21.1 (c2me_opts_chunkio)
		Concurrent Chunk Management Engine (Optimizations/Density Function Compiler) 0.4.0-alpha.0.120+1.21.1 (c2me_opts_dfc)
		Concurrent Chunk Management Engine (Optimizations/General WorldGen) 0.4.0-alpha.0.120+1.21.1 (c2me_opts_worldgen_general)
		Concurrent Chunk Management Engine (Optimizations/Math) 0.4.0-alpha.0.120+1.21.1 (c2me_opts_math)
		Concurrent Chunk Management Engine (Optimizations/Memory Allocations) 0.4.0-alpha.0.120+1.21.1 (c2me_opts_allocs)
		Concurrent Chunk Management Engine (Optimizations/Natives Math) 0.4.0-alpha.0.120+1.21.1 (c2me_opts_natives_math)
		Concurrent Chunk Management Engine (Optimizations/Scheduling) 0.4.0-alpha.0.120+1.21.1 (c2me_opts_scheduling)
		Concurrent Chunk Management Engine (Optimizations/Vanilla WorldGen) 0.4.0-alpha.0.120+1.21.1 (c2me_opts_worldgen_vanilla)
		Concurrent Chunk Management Engine (Rewrites/Chunk IO) 0.4.0-alpha.0.120+1.21.1 (c2me_rewrites_chunkio)
		Concurrent Chunk Management Engine (Rewrites/Chunk System) 0.4.0-alpha.0.120+1.21.1 (c2me_rewrites_chunk_system)
		Concurrent Chunk Management Engine (Server Utils) 0.4.0-alpha.0.120+1.21.1 (c2me_server_utils)
		Concurrent Chunk Management Engine (Threading/Lighting) 0.4.0-alpha.0.120+1.21.1 (c2me_threading_lighting)
		conditional mixin 0.6.4 (conditional_mixin)
		Continuity 3.0.0_1.21.neoforge (continuity)
		Controlling 19.0.5 (controlling)
		CoroUtil 1.21.0-1.3.8 (coroutil)
		CosmeticArmorReworked 1.21.1-v1-neoforge (cosmeticarmorreworked)
		CraterLib 3.1.2 (craterlib)
		Create 6.0.10 (create)
		Create Aeronautics 1.3.1 (aeronautics_bundled)
		Create Aeronautics 1.3.1 (aeronautics)
		Create Aeronautics Lift Fix 1.0.0 (ldfix)
		Create Aeronautics: Toolgun 0.3.6 (create_aeronautics_toolgun)
		Create Aeronautics: Transmission & Linkage 0.2.7 (aeronautics_utility_objects)
		Create Big Cannons 5.11.7 (createbigcannons)
		Create Bits 'n' Bobs 2.2.7 (bits_n_bobs)
		Create Compact Transmission 1.0.7 (create_compact_transmission)
		Create Compatibility Module 1.0+1.21.1.neoforge (grapplemodcompat_create)
		Create Confectionery 1.1.3. (create_confectionery)
		Create Crafts & Additions 1.7.0 (createaddition)
		Create Deco 2.1.3 (createdeco)
		Create Diesel Generators 1.21.1-1.3.15 (createdieselgenerators)
		Create Grappling Hooks 1.2.0 (addon_gancho)
		Create Harmonics 1.1.7 (createharmonics)
		Create Jetpack 5.2.1 (create_jetpack)
		Create Let The Adventure Begin 4.1.0 (create_ltab)
		Create Liquid Fuel 2.1.1-1.21.1 (createliquidfuel)
		Create Offroad 1.3.1 (offroad)
		Create Oh The Biomes We ve Gone Compat 0.0NONE (create_sophback_compat)
		Create Propulsion: Simulated 1.1.5 (createpropulsion)
		Create Rain Fix 1.0.0 (createrainfix)
		Create Sifter 1.21.1-2.2.2 (createsifter)
		Create Simulated 1.3.1 (simulated)
		Create Slice & Dice 4.3.3 (sliceanddice)
		Create Stats and Numbers 1.2.81 (create_stats)
		Create Tracks 1.0.1 (tracks)
		Create Train Parts 0.5.2 (create_train_parts)
		Create Tweaked Controllers 1.21.1-1.2.7 (create_tweaked_controllers)
		Create: Aero Cables 0.4.0 (aerocables)
		Create: Aeroworks 1.5.0 (aeroworks)
		Create: Backtank Trims 1.2.0 (createbacktanktrims)
		Create: Bells & Whistles 0.4.7-1.21.1 (bellsandwhistles)
		Create: Broken Bad ReBroken 1.1.3 (createbb)
		Create: CC Better Recipes 1.2.1 (ccbr)
		Create: CC Total Logistics 0.3.6 (createcclogistics)
		Create: Central Kitchen 2.6.0 (create_central_kitchen)
		Create: Coasters Simulated 0.1.5 (simulatedcoasters)
		Create: Connected 1.3.2-mc1.21.1 (create_connected)
		Create: Copycats+ 3.0.8+mc.1.21.1-neoforge (copycats)
		Create: Dragons Plus 1.11.7b (create_dragons_plus)
		Create: Enchantment Industry 2.5.3 (create_enchantment_industry)
		Create: Extra Gauges 2.1.2 (extra_gauges)
		Create: Flight Control 0.6.2 (create_flight_control)
		Create: Food 2.7.1 (createfood)
		Create: Interiors 0.6.1 (interiors)
		Create: New Age 1.2.0+mc1.21.1 (create_new_age)
		Create: Pattern Schematics 2.0.10 (create_pattern_schematics)
		Create: Power Grid 0.6.1 (powergrid)
		Create: Radars 0.4.9.4-1.21.1 (create_radar)
		Create: Steam 'n' Rails 1.21.1 0.3.0-beta.2+neoforge-mc1.21.1 (railways)
		Create: Towed 1.2.0 (towed)
		Create: Trimmed 1.0.1 (create_trimmed)
		CreateFireFightingAdd 0.2.1-beta (createfirefightingadd)
		CreativeCore 2.13.44 (creativecore)
		Cubes Without Borders 3.0.0+mc1.21 (cubes_without_borders)
		Curios API 9.5.1+1.21.1 (curios)
		Cut Through 21.1.0 (cutthrough)
		Default Options 21.1.8 (defaultoptions)
		Deployer 0.1.2 (deployer)
		Design n' Decor 2.2b (dndecor)
		Distant Horizons 3.2.0-b (distanthorizons)
		Do a Barrel Roll 3.7.3 (do_a_barrel_roll)
		Double Doors 7.2 (doubledoors)
		Drive By Wire 0.3.0 (drivebywire)
		Drive By Wire - Typewriter 1.1.0-beta.2 (drivebywiretypewriter)
		Dynamic FPS 3.11.4 (dynamic_fps)
		Easy Magic 21.1.4 (easymagic)
		Elytra physics 2.6.2 (elytra_physics)
		Elytra Slot 9.0.2+1.21.1 (elytraslot)
		Elytra Trims 3.10.0 (elytratrims)
		Entity Model Features 3.2.4 (entity_model_features)
		Entity Texture Features 7.1 (entity_texture_features)
		EntityCulling 1.10.5 (entityculling)
		ESL 1.0.3 (esl)
		Euphoria Patcher 1.9.3-r5.8.1-neoforge (euphoria_patcher)
		Fairy Lights 1.2.3 (fairylights)
		Farmer's Delight 1.3.3 (farmersdelight)
		Ferrite Core 7.0.3 (ferritecore)
		Flight Lib 4.0.36 (flightlib)
		Flywheel 1.0.6 (flywheel)
		Forbidden Arcanus 2.6.1 (forbidden_arcanus)
		Forgified Fabric API 0.116.15+2.3.5+1.21.1 (fabric_api)
		Forgified Fabric API Base 0.4.42+d1308ded19 (fabric_api_base)
		Forgified Fabric API Lookup API (v1) 1.6.72+6244b11119 (fabric_api_lookup_api_v1)
		Forgified Fabric Biome API (v1) 13.0.31+1e62d33c19 (fabric_biome_api_v1)
		Forgified Fabric Block API (v1) 1.1.0+b0c22bb819 (fabric_block_api_v1)
		Forgified Fabric BlockRenderLayer Registration (v1) 1.1.52+c290471319 (fabric_blockrenderlayer_v1)
		Forgified Fabric BlockView API (v2) 1.0.10+9afaaf8c19 (fabric_block_view_api_v2)
		Forgified Fabric Client Tags 1.2.0+5adff2d719 (fabric_client_tags_api_v1)
		Forgified Fabric Command API (v2) 2.2.28+36d727be19 (fabric_command_api_v2)
		Forgified Fabric Content Registries (v0) 8.0.19+5e0d320019 (fabric_content_registries_v0)
		Forgified Fabric Convention Tags 2.1.7+7f945d5b19 (fabric_convention_tags_v1)
		Forgified Fabric Convention Tags (v2) 2.12.0+75d3639619 (fabric_convention_tags_v2)
		Forgified Fabric Data Attachment API (v1) 1.4.7+26d408aa19 (fabric_data_attachment_api_v1)
		Forgified Fabric Data Generation API (v1) 20.3.0+3e2bcb4b19 (fabric_data_generation_api_v1)
		Forgified Fabric Entity Events (v1) 1.8.0+e46a02ca19 (fabric_entity_events_v1)
		Forgified Fabric Events Interaction (v0) 0.7.14+057f5afd19 (fabric_events_interaction_v0)
		Forgified Fabric Game Rule API (v1) 1.0.53+36d727be19 (fabric_game_rule_api_v1)
		Forgified Fabric Game Test API (v1) 2.0.5+29f188ce19 (fabric_gametest_api_v1)
		Forgified Fabric Item API (v1) 11.3.0+b24c12f719 (fabric_item_api_v1)
		Forgified Fabric Item Group API (v1) 4.1.7+e324903319 (fabric_item_group_api_v1)
		Forgified Fabric Key Binding API (v1) 1.0.47+62cc7ce119 (fabric_key_binding_api_v1)
		Forgified Fabric Lifecycle Events (v1) 2.6.0+e40d8add19 (fabric_lifecycle_events_v1)
		Forgified Fabric Loot API (v2) 3.0.15+a3ee712d19 (fabric_loot_api_v2)
		Forgified Fabric Loot API (v3) 1.0.3+333dfad919 (fabric_loot_api_v3)
		Forgified Fabric Message API (v1) 6.0.14+6a754fce19 (fabric_message_api_v1)
		Forgified Fabric Model Loading API (v1) 2.1.0+6e8f52c719 (fabric_model_loading_api_v1)
		Forgified Fabric Networking API (v1) 4.3.1+7e3d421f19 (fabric_networking_api_v1)
		Forgified Fabric Object Builder API (v1) 15.2.1+cc242efd19 (fabric_object_builder_api_v1)
		Forgified Fabric Particles (v1) 4.0.2+824f924c19 (fabric_particles_v1)
		Forgified Fabric Recipe API (v1) 5.0.16+59440bcc19 (fabric_recipe_api_v1)
		Forgified Fabric Registry Sync (v0) 5.3.2+f9aace1619 (fabric_registry_sync_v0)
		Forgified Fabric Renderer - Indigo 1.7.1+9125b6dc19 (fabric_renderer_indigo)
		Forgified Fabric Renderer API (v1) 3.4.1+9125b6dc19 (fabric_renderer_api_v1)
		Forgified Fabric Renderer Registries (v1) 3.2.69+df3654b319 (fabric_renderer_registries_v1)
		Forgified Fabric Rendering (v1) 5.1.0+1a09bd5a19 (fabric_rendering_v1)
		Forgified Fabric Rendering Data Attachment (v1) 0.3.48+73761d2e19 (fabric_rendering_data_attachment_v1)
		Forgified Fabric Rendering Fluids (v1) 3.1.6+ddc51b4719 (fabric_rendering_fluids_v1)
		Forgified Fabric Resource Conditions API (v1) 4.3.0+5bdd099819 (fabric_resource_conditions_api_v1)
		Forgified Fabric Resource Loader (v0) 1.3.1+4ea8954419 (fabric_resource_loader_v0)
		Forgified Fabric Screen API (v1) 2.0.26+9991ca2f19 (fabric_screen_api_v1)
		Forgified Fabric Screen Handler API (v1) 1.3.91+8dbc56dd19 (fabric_screen_handler_api_v1)
		Forgified Fabric Sound API (v1) 1.0.23+10b84f8419 (fabric_sound_api_v1)
		Forgified Fabric Tag API (v1) 1.3.0+3e2bcb4b19 (fabric_tag_api_v1)
		Forgified Fabric Transfer API (v1) 5.4.4+6244b11119 (fabric_transfer_api_v1)
		Forgified Fabric Transitive Access Wideners (v1) 6.2.0+6c854b6f19 (fabric_transitive_access_wideners_v1)
		Furnection 1.0.9 (ls_furniture)
		Furnish 29 (furnish)
		Furniture Expanded 1.2 (furnitureexpanded)
		Fusion 1.3.14+a (fusion)
		Fzzy Config 0.7.6+1.21+neoforge (fzzy_config)
		GeckoLib 4 4.9.2 (geckolib)
		Grappling Hook Mod 1.1+1.21.1.neoforge (grapplemod)
		Gravestone Curios Compatibility 4.0.2 (gravestonecurioscompat)
		Gravestone Mod 1.21.1-1.0.40 (gravestone)
		Gravestone Sable Compat 1.0.0 (gravestone_sable_compat)
		HammerLib 21.0.14 (hammerlib)
		Hot's Aerostuff 1.1.7 (hotstuff)
		ImmediatelyFast 1.6.13+1.21.1 (immediatelyfast)
		Improvable Skills 21.0.2 (improvableskills)
		Iris 1.8.14-beta.1+mc1.21.1 (iris)
		Jade 15.10.6+neoforge (jade)
		Jade Addons 6.1.0+neoforge (jadeaddons)
		Jade Sable Compat 1.3.0 (sablejade)
		Just Enough Archaeology 1.21.0-1.1.5 (jearchaeology)
		Just Enough Breeding 3.2.1 (justenoughbreeding)
		Just Enough Effects Descriptions 1.21-2.3.3 (jeed)
		Just Enough Items 19.44.0.406 (jei)
		Just Enough Professions (JEP) 4.0.5 (justenoughprofessions)
		Just Enough Resources 1.6.0.17 (jeresources)
		Kiwi Library 15.8.7+neoforge (kiwi)
		Kotlin For Forge 5.12.0 (kotlinforforge)
		KubeJS 2101.7.2-build.374 (kubejs)
		KubeJS Create 2101.3.1-build.18 (kubejs_create)
		KubeJS Diesel Generators 1.21.1-1.2.4 (dg_js)
		KubeJS GUI 2 1.0.0 (streetskubegui)
		KubeJSDelight 1.1.6 (kubejsdelight)
		KumaAPI 21.0.8 (kuma_api)
		Lamb Lanterns 1.2.0 (lamblanterns)
		LambDynamicLights 4.8.10+1.21.1 (lambdynlights)
		LambDynamicLights (API) 4.8.10+1.21.1 (lambdynlights_api)
		LambDynamicLights (Runtime) 4.8.10+1.21.1 (lambdynlights_runtime)
		LAN World Plug-n-Play 1.9.0 (mcwifipnp)
		LesRaisins Tactical Equipments 0.4.3 (lrtactical)
		Let Me Despawn 1.5.0 (letmedespawn)
		Lightman's Compatibility 1.21-0.1.2a (lcompat)
		Lightman's Currency 1.21-2.3.0.5 (lightmanscurrency)
		Lightman's Currency Tech 1.21-0.2.2.7 (lctech)
		Lithium 0.15.4+mc1.21.1 (lithium)
		Lithostitched 1.8.0+beta4 (lithostitched)
		LYIVX's Core 1.1.5 (ls_core)
		Macaw's Doors 1.1.5 (mcwdoors)
		Macaw's Fences and Walls 1.2.1 (mcwfences)
		Macaw's Furniture 3.4.1 (mcwfurnitures)
		Macaw's Lights and Lamps 1.1.5 (mcwlights)
		Macaw's Paths and Pavings 1.1.1 (mcwpaths)
		Macaw's Roofs 2.3.2 (mcwroofs)
		Macaw's Stairs and Balconies 1.0.2 (mcwstairs)
		Macaw's Trapdoors 1.1.5 (mcwtrpdoors)
		Macaw's Windows 2.4.2 (mcwwindows)
		Mechanicals Lib 1.1.6 (mechanicals)
		MidnightLib 1.9.3 (midnightlib)
		Minecraft 1.21.1 (minecraft)
		Model Gap Fix 1.21-1.10 (modelfix)
		ModernFix 5.27.20+mc1.21.1 (modernfix)
		More Culling 1.0.9 (moreculling)
		Mouse Tweaks 2.26.1 (mousetweaks)
		My Nether's Delight 1.10.4 (mynethersdelight)
		Nemo's Inventory Sorting 1.21.1-1.8.2.1 (nemos_inventory_sorting)
		NeoForge 21.1.248 (neoforge)
		NetherPortalFix 21.1.1 (netherportalfix)
		No Chat Reports 1.21.1-v2.9.1 (nochatreports)
		No Chat Restrictions 1.21.11-v1.0.2 (nochatrestrictions)
		Nowheel 1.0.6 (nowheel)
		Olympus 1.0.18 (olympus)
		Open Parties and Claims 0.30.3 (openpartiesandclaims)
		PackagersPSIC 1.0.0 (packagerspsic)
		PacketFixer 3.3.1 (packetfixer)
		ParCool! 4.0.0.2 (parcool)
		ParCool+ / Compatibility Addon 1.2 (parcool_compat_addon)
		Particle Core 0.3.3+1.21+neoforge (particle_core)
		Player Animator 2.0.4+1.21.1 (playeranimator)
		Polymorph 1.1.0+1.21.1 (polymorph)
		Ponder 1.0.82+mc1.21.1 (ponder)
		PrickleMC 21.1.11 (prickle)
		Pride Lib 1.2.4+1.21.1 (pride)
		Puzzles Lib 21.1.52 (puzzleslib)
		QuickSkin 2.6.2.4 (quickskin)
		Raw's Visual Keybinder 1.21.1-0.1.12-neoforge (visual_keybinder)
		Recipe Generator 2.2.0-beta (recipe_generator)
		Reese's Sodium Options 2.2.3+mc1.21.1 (reeses_sodium_options)
		Resourceful Lib 3.0.12 (resourcefullib)
		Resourceful Lib Kotlin 2.0.2 (resourcefullibkt)
		Resourcefulconfig 3.0.11 (resourcefulconfig)
		Rhino 2101.2.8-build.91 (rhino)
		Ritchie's Projectile Library 2.1.2 (ritchiesprojectilelib)
		Sable 2.0.5 (sable)
		Sable Companion 1.6.0 (sablecompanion)
		Sable Compatibility Module 1.0+1.21.1.neoforge (grapplemodcompat_sable)
		Sable Ragdolls 0.7.5 (sable_player_ragdoll)
		Sable: Physics Compat 1.3.0 (sablephysicscompat)
		Saecularia Caudices 21.1.5 (saeculariacaudices)
		scena 21.1.20 (scena)
		Screenshot Compression 1.3 (screenshotcompression)
		Searchables 1.0.2 (searchables)
		Simple Menu 2.0 (simplemenu)
		Simple RPC 4.1.3+release.0 (simplerpc)
		Simple Voice Chat 1.21.1-2.6.22 (voicechat)
		SimpleBedrockModel 2.2.1-neoforge+mc1.21.1 (simplebedrockmodel)
		Simulated Gauges 1.1.0 (simulated_gauges)
		Sinytra Connector 2.0.0-beta.17+1.21.1 (connector)
		SnAssets 1.0.1 (snassets)
		Snow! Real Magic! 12.2.2+neoforge (snowrealmagic)
		Sodium 0.8.13-beta.2+mc1.21.1 (sodium)
		Sodium Extra 0.9.3+mc1.21.1 (sodium_extra)
		Sophisticated Backpacks 3.25.78 (sophisticatedbackpacks)
		Sophisticated Backpacks Create Integration 0.1.8 (sophisticatedbackpackscreateintegration)
		Sophisticated Core 1.4.90 (sophisticatedcore)
		Sound Physics Remastered 1.21.1-1.5.1 (sound_physics_remastered)
		spark 1.10.124 (spark)
		SpectreLib 0.17.2+1.21 (spectrelib)
		SpruceUI 6.2.5+1.21.1 (spruceui)
		Strut Your Stuff 1.3.0 (struts)
		SuperMartijn642's Core Lib 1.1.24 (supermartijn642corelib)
		TaCZ Pack Upgrader 2.1.3 (taczpackupgrader)
		TaCZ Tweaks 3.0.0-alpha.10+1.21.1-neoforge (tacztweaks)
		Tectonic 3.0.26 (tectonic)
		Tempad 3.0.4 (tempad)
		Timeless & Classics Guns: Zero 1.1.8-hotfix-r6 (tacz)
		Tom's Simple Storage Mod 2.4.1 (toms_storage)
		TRansition 1.0.21 (transition)
		Traveler Tool Belt 1.0.2 (travelertoolbelt)
		TRender 1.0.15 (trender)
		Valhelsia Core 1.1.4 (valhelsia_core)
		Veil 4.3.2 (veil)
		VS Sable Hose Connectors 0.1.8 (vsfluidlink)
		Wallfence 1.0.0 (wallfence)
		WaveyCapes 1.10.2 (waveycapes)
		Waystones 21.1.41 (waystones)
		Waystones Teleport Pets 1.2-neoforge-1.21.1 (w2pets)
		WaystonesSable 1.0.7 (waystonessable)
		What Are They Up To 1.21.0-1.2.7 (watut)
		Xaero's Minimap 26.4.2 (xaerominimap)
		Xaero's World Map 1.45.0 (xaeroworldmap)
		XaeroLib 1.7.1 (xaerolib)
		YetAnotherConfigLib 3.8.2+1.21.1-neoforge (yet_another_config_lib_v3)
		Yumi Minecraft Libraries: Foundation 1.0.0-beta.1+1.21.1 (yumi_mc_core)
		YUNG's API 1.21.1-NeoForge-5.1.8 (yungsapi)
		YUNG's Better Caves 1.21.1-NeoForge-3.1.5 (bettercaves)
		YUNG's Better Desert Temples 1.21.1-NeoForge-4.1.5 (betterdeserttemples)
		YUNG's Better Dungeons 1.21.1-NeoForge-5.1.4 (betterdungeons)
		YUNG's Better End Island 1.21.1-NeoForge-3.1.2 (betterendisland)
		YUNG's Better Jungle Temples 1.21.1-NeoForge-3.1.2 (betterjungletemples)
		YUNG's Better Mineshafts 1.21.1-NeoForge-5.1.1 (bettermineshafts)
		YUNG's Better Nether Fortresses 1.21.1-NeoForge-3.1.5 (betterfortresses)
		YUNG's Better Ocean Monuments 1.21.1-NeoForge-4.1.2 (betteroceanmonuments)
		YUNG's Better Strongholds 1.21.1-NeoForge-5.1.3 (betterstrongholds)
		YUNG's Better Witch Huts 1.21.1-NeoForge-4.1.1 (betterwitchhuts)
[18:19:52] [main/ERROR]: Access transformer file accesstransformer.cfg provided by mod sodium_extra does not exist!
[18:19:52] [main/ERROR]: Access transformer file META-INF/accesstransformer.cfg provided by mod pride does not exist!
[18:19:52] [main/INFO]: Successfully made module authlib transformable
[18:19:52] [main/INFO]: Successfully made module brigadier transformable
[18:19:52] [main/INFO]: Loading coremod script-engine for [openpartiesandclaims, improvableskills, xaerominimap, xaeroworldmap]
[18:20:03] [main/INFO]: Compatibility level set to JAVA_21
[18:20:03] [main/INFO]: Launching target 'forgeclient' with arguments [--version, 1.21.1, --gameDir, C:\Users\Nvv\AppData\Roaming\ModrinthApp\profiles\NVPack Reloaded, --assetsDir, C:\Users\Nvv\AppData\Roaming\ModrinthApp\meta\assets, --uuid, 43d3eed57a714085b904bfbd6aeaee77, --username, Nvvlife, --assetIndex, 17, --accessToken, ❄❄❄❄❄❄❄❄, --clientId, c4502edb-87c6-40cb-b595-64a280cf8906, --xuid, 0, --userType, msa, --versionType, release, --width, 854, --height, 480]
[18:20:04] [main/INFO]: Initializing com.ishland.c2me.fixes.worldgen.threading_issues.mixin
[18:20:04] [main/WARN]: Reference map 'betterdungeons.refmap.json' for betterdungeons.mixins.json could not be read. If this is a development environment you can ignore this message
[18:20:04] [main/INFO]: Loaded configuration file for Sodium Extra: 36 options available, 0 override(s) found
[18:20:04] [main/WARN]: Reference map 'parcool_compat_addon.refmap.json' for parcool_compat_addon.mixins.json could not be read. If this is a development environment you can ignore this message
[18:20:04] [main/WARN]: Reference map 'openpartiesandclaims.refmap.json' for openpartiesandclaims.mixins.json could not be read. If this is a development environment you can ignore this message
[18:20:04] [main/WARN]: Reference map 'openpartiesandclaims.refmap.json' for openpartiesandclaims.create.mixins.json could not be read. If this is a development environment you can ignore this message
[18:20:04] [main/WARN]: Reference map 'scena.refmap.json' for sc.mixins.json could not be read. If this is a development environment you can ignore this message
[18:20:04] [main/WARN]: Reference map 'mixins.hammerlib.refmap.json' for mixins.hammerlib.json could not be read. If this is a development environment you can ignore this message
[18:20:04] [main/WARN]: Reference map 'bettercaves.refmap.json' for bettercaves.mixins.json could not be read. If this is a development environment you can ignore this message
[18:20:04] [main/INFO]: Initializing com.ishland.c2me.fixes.general.threading_issues.mixin
[18:20:04] [main/INFO]: Loaded configuration file for ModernFix 5.27.20+mc1.21.1: 89 options available, 4 override(s) found
[18:20:04] [main/WARN]: Option 'mixin.perf.release_protochunks' overriden (by mods [c2me]) to 'false'
[18:20:04] [main/WARN]: Option 'mixin.bugfix.paper_chunk_patches' overriden (by mods [c2me]) to 'false'
[18:20:04] [main/WARN]: Option 'mixin.perf.cache_strongholds' overriden (by mods [c2me]) to 'false'
[18:20:04] [main/WARN]: Option 'mixin.bugfix.chunk_deadlock' overriden (by mods [c2me]) to 'false'
[18:20:04] [main/INFO]: Applying Nashorn fix
[18:20:04] [main/INFO]: Configuring Minecraft's max.bg.threads option with 9 threads
[18:20:04] [main/WARN]: Reference map 'yungsapi.refmap.json' for yungsapi.mixins.json could not be read. If this is a development environment you can ignore this message
[18:20:04] [main/WARN]: Reference map 'iris.refmap.json' for mixins.iris.json could not be read. If this is a development environment you can ignore this message
[18:20:04] [main/WARN]: Reference map 'iris.refmap.json' for mixins.iris.fantastic.json could not be read. If this is a development environment you can ignore this message
[18:20:04] [main/WARN]: Reference map 'iris.refmap.json' for mixins.iris.vertexformat.json could not be read. If this is a development environment you can ignore this message
[18:20:04] [main/WARN]: Reference map 'iris.refmap.json' for iris-batched-entity-rendering.mixins.json could not be read. If this is a development environment you can ignore this message
[18:20:04] [main/WARN]: Reference map 'iris.refmap.json' for mixins.iris.compat.sodium.json could not be read. If this is a development environment you can ignore this message
[18:20:04] [main/WARN]: Reference map 'createdieselgenerators.refmap.json' for createdieselgenerators.mixins.json could not be read. If this is a development environment you can ignore this message
[18:20:04] [main/WARN]: Reference map 'balm.refmap.json' for balm.mixins.json could not be read. If this is a development environment you can ignore this message
[18:20:04] [main/WARN]: Reference map 'snowrealmagic.refmap.json' for snowrealmagic.mixins.json could not be read. If this is a development environment you can ignore this message
[18:20:04] [main/WARN]: Reference map 'prickle.refmap.json' for prickle.mixins.json could not be read. If this is a development environment you can ignore this message
[18:20:04] [main/INFO]: Initializing com.ishland.c2me.base.mixin
[18:20:04] [main/INFO]: Global Executor Parallelism: 6 configured, 6 evaluated, 6 default evaluated
[18:20:04] [main/WARN]: Reference map 'recipe_generator.refmap.json' for recipe_generator.mixins.json could not be read. If this is a development environment you can ignore this message
[18:20:04] [main/WARN]: Reference map 'betterfortresses.refmap.json' for betterfortresses.mixins.json could not be read. If this is a development environment you can ignore this message
[18:20:04] [main/WARN]: Reference map 'do_a_barrel_roll.refmap.json' for do_a_barrel_roll.mixins.json could not be read. If this is a development environment you can ignore this message
[18:20:04] [main/WARN]: Reference map 'supermartijn642corelib.mixins.refmap.json' for supermartijn642corelib.mixins.json could not be read. If this is a development environment you can ignore this message
[18:20:04] [main/WARN]: Reference map 'fairylights.refmap.json' for fairylights.mixins.json could not be read. If this is a development environment you can ignore this message
[18:20:04] [main/INFO]: Initializing com.ishland.c2me.opts.dfc.mixin
[18:20:04] [main/WARN]: Reference map 'mixins.improvableskills.refmap.json' for mixins.improvableskills.json could not be read. If this is a development environment you can ignore this message
[18:20:04] [main/WARN]: Reference map 'curios.refmap.json' for curios.neoforge.mixins.json could not be read. If this is a development environment you can ignore this message
[18:20:04] [main/WARN]: Reference map 'curios.refmap.json' for curios.mixins.json could not be read. If this is a development environment you can ignore this message
[18:20:04] [main/WARN]: Reference map 'astrocraft_lite.refmap.json' for astrocraft_lite.mixins.json could not be read. If this is a development environment you can ignore this message
[18:20:04] [main/WARN]: Reference map 'chatanimation.refmap.json' for chatanimation.mixins.json could not be read. If this is a development environment you can ignore this message
[18:20:04] [main/WARN]: Reference map 'searchables.refmap.json' for searchables.mixins.json could not be read. If this is a development environment you can ignore this message
[18:20:04] [main/WARN]: Reference map 'searchables.refmap.json' for searchables.neoforge.mixins.json could not be read. If this is a development environment you can ignore this message
[18:20:04] [main/WARN]: Reference map 'betterendisland.refmap.json' for betterendisland.mixins.json could not be read. If this is a development environment you can ignore this message
[18:20:04] [main/WARN]: Reference map 'nemos_inventory_sorting.refmap.json' for nemos_inventory_sorting.mixins.json could not be read. If this is a development environment you can ignore this message
[18:20:04] [main/WARN]: Reference map 'jadeaddons.refmap.json' for jadeaddons.mixins.json could not be read. If this is a development environment you can ignore this message
[18:20:04] [main/WARN]: Reference map 'bettermineshafts.refmap.json' for bettermineshafts.mixins.json could not be read. If this is a development environment you can ignore this message
[18:20:04] [main/WARN]: Reference map 'betterjungletemples.refmap.json' for betterjungletemples.mixins.json could not be read. If this is a development environment you can ignore this message
[18:20:04] [main/WARN]: Reference map 'elytraslot.refmap.json' for elytraslot-integrations.mixins.json could not be read. If this is a development environment you can ignore this message
[18:20:04] [main/WARN]: Reference map 'create_tweaked_controllers.refmap.json' for create_tweaked_controllers.mixins.json could not be read. If this is a development environment you can ignore this message
[18:20:04] [main/WARN]: Reference map 'kiwi.refmap.json' for kiwi.mixins.json could not be read. If this is a development environment you can ignore this message
[18:20:04] [main/INFO]: Initializing com.ishland.c2me.threading.lighting.mixin
[18:20:04] [main/WARN]: Reference map 'aeronautics.refmap.json' for aeronautics.mixins.json could not be read. If this is a development environment you can ignore this message
[18:20:04] [main/INFO]: Option 'mixin.experimental.entity.block_caching.suffocation' requires 'mixin.util.block_tracking=true' but found 'false'. Setting 'mixin.experimental.entity.block_caching.suffocation=false'.
[18:20:04] [main/INFO]: Option 'mixin.experimental.entity.block_caching.block_support' requires 'mixin.util.block_tracking=true' but found 'false'. Setting 'mixin.experimental.entity.block_caching.block_support=false'.
[18:20:04] [main/INFO]: Option 'mixin.experimental.entity.block_caching.block_touching' requires 'mixin.util.block_tracking=true' but found 'false'. Setting 'mixin.experimental.entity.block_caching.block_touching=false'.
[18:20:04] [main/INFO]: Option 'mixin.experimental.entity.block_caching' requires 'mixin.util.block_tracking=true' but found 'false'. Setting 'mixin.experimental.entity.block_caching=false'.
[18:20:04] [main/INFO]: Loaded configuration file for Lithium: 148 options available, 4 override(s) found
[18:20:04] [main/WARN]: Reference map 'attributefix.refmap.json' for attributefix.mixins.json could not be read. If this is a development environment you can ignore this message
[18:20:04] [main/INFO]: Initializing com.ishland.c2me.rewrites.chunksystem.mixin
[18:20:04] [main/INFO]: Loaded configuration file for Sodium: 45 options available, 1 override(s) found
[18:20:04] [main/WARN]: Reference map 'moreculling.refmap.json' for moreculling.mixins.json could not be read. If this is a development environment you can ignore this message
[18:20:04] [main/INFO]: Initializing com.ishland.c2me.opts.worldgen.vanilla.mixin
[18:20:04] [main/INFO]: Initializing com.ishland.c2me.opts.scheduling.mixin
[18:20:04] [main/WARN]: Reference map 'offroad.refmap.json' for offroad.mixins.json could not be read. If this is a development environment you can ignore this message
[18:20:04] [main/WARN]: Reference map 'scena.refmap.json' for scena.mixins.json could not be read. If this is a development environment you can ignore this message
[18:20:04] [main/WARN]: Reference map 'scena.mixins.refmap.json' for scena.mixins.sodium.json could not be read. If this is a development environment you can ignore this message
[18:20:04] [main/WARN]: Reference map 'nochatreports.refmap.json' for mixins/common/nochatreports.mixins.json could not be read. If this is a development environment you can ignore this message
[18:20:04] [main/WARN]: Reference map 'xaerominimap.refmap.json' for xaerohud.mixins.json could not be read. If this is a development environment you can ignore this message
[18:20:04] [main/WARN]: Reference map 'xaerominimap.refmap.json' for xaerominimap.mixins.json could not be read. If this is a development environment you can ignore this message
[18:20:04] [main/WARN]: Reference map 'polymorph.refmap.json' for polymorph.mixins.json could not be read. If this is a development environment you can ignore this message
[18:20:04] [main/WARN]: Reference map 'polymorph.refmap.json' for polymorph-compatibility.mixins.json could not be read. If this is a development environment you can ignore this message
[18:20:04] [main/INFO]: Initializing com.ishland.c2me.notickvd.mixin
[18:20:04] [main/WARN]: Reference map 'entityculling.refmap.mixins.json' for entityculling.mixins.json could not be read. If this is a development environment you can ignore this message
[18:20:04] [main/WARN]: Reference map 'defaultoptions.refmap.json' for defaultoptions.mixins.json could not be read. If this is a development environment you can ignore this message
[18:20:04] [main/WARN]: Reference map 'defaultoptions.refmap.json' for defaultoptions.neoforge.mixins.json could not be read. If this is a development environment you can ignore this message
[18:20:04] [main/WARN]: Reference map 'kuma_api.refmap.json' for kuma_api.mixins.json could not be read. If this is a development environment you can ignore this message
[18:20:04] [main/WARN]: Reference map 'betterwitchhuts.refmap.json' for betterwitchhuts.mixins.json could not be read. If this is a development environment you can ignore this message
[18:20:04] [main/WARN]: Reference map 'netherportalfix.refmap.json' for netherportalfix.mixins.json could not be read. If this is a development environment you can ignore this message
[18:20:04] [main/WARN]: Reference map 'geckolib.refmap.json' for geckolib.mixins.json could not be read. If this is a development environment you can ignore this message
[18:20:04] [main/INFO]: Initializing com.ishland.c2me.opts.natives_math.mixin
[18:20:04] [main/WARN]: Disabling com.ishland.c2me.opts.natives_math.mixin due to incompatible Java version, see debug logs for details
[18:20:04] [main/INFO]: Disabling com.ishland.c2me.opts.natives_math.mixin
[18:20:04] [main/WARN]: Reference map 'betteroceanmonuments.refmap.json' for betteroceanmonuments.mixins.json could not be read. If this is a development environment you can ignore this message
[18:20:04] [main/WARN]: Reference map 'xaeroworldmap.refmap.json' for xaeroworldmap.mixins.json could not be read. If this is a development environment you can ignore this message
[18:20:04] [main/WARN]: Reference map 'controlling.refmap.json' for controlling.mixins.json could not be read. If this is a development environment you can ignore this message
[18:20:04] [main/WARN]: Reference map 'controlling.refmap.json' for controlling.neoforge.mixins.json could not be read. If this is a development environment you can ignore this message
[18:20:04] [main/WARN]: Reference map 'bookshelf.refmap.json' for bookshelf.mixins.json could not be read. If this is a development environment you can ignore this message
[18:20:04] [main/WARN]: Reference map 'simulated.refmap.json' for simulated.mixins.json could not be read. If this is a development environment you can ignore this message
[18:20:04] [main/INFO]: Initializing com.ishland.c2me.opts.math.mixin
[18:20:04] [main/INFO]: Initializing com.ishland.c2me.fixes.worldgen.vanilla_bugs.mixin
[18:20:04] [main/WARN]: Reference map 'create_connected.refmap.json' for create_connected.mixins.json could not be read. If this is a development environment you can ignore this message
[18:20:04] [main/INFO]: Initializing com.ishland.c2me.fixes.chunkio.threading_issues.mixin
[18:20:04] [main/INFO]: Initializing com.ishland.c2me.client.uncapvd.mixin
[18:20:04] [main/WARN]: Reference map 'simplebedrockmodel.refmap.json' for simplebedrockmodel.mixins.json could not be read. If this is a development environment you can ignore this message
[18:20:04] [main/WARN]: Reference map 'betterstrongholds.refmap.json' for betterstrongholds.mixins.json could not be read. If this is a development environment you can ignore this message
[18:20:04] [main/WARN]: Reference map 'CreateLiquidFuel.refmap.json' for createliquidfuel.mixins.json could not be read. If this is a development environment you can ignore this message
[18:20:04] [main/INFO]: Initializing com.ishland.c2me.rewrites.chunkio.mixin
[18:20:04] [main/INFO]: Initializing com.ishland.c2me.opts.allocs.mixin
[18:20:04] [main/WARN]: Reference map 'xaerolib.refmap.json' for xaerolib.mixins.json could not be read. If this is a development environment you can ignore this message
[18:20:04] [main/WARN]: Reference map 'tacz.refmap.json' for tacz.mixins.json could not be read. If this is a development environment you can ignore this message
[18:20:04] [main/WARN]: Reference map 'tacz.refmap.json' for tacz.compat.acceleratedrendering.mixins.json could not be read. If this is a development environment you can ignore this message
[18:20:04] [main/WARN]: Reference map 'nochatrestrictions.refmap.json' for nochatrestrictions.mixins.json could not be read. If this is a development environment you can ignore this message
[18:20:04] [main/WARN]: Reference map 'waystones.refmap.json' for waystones.mixins.json could not be read. If this is a development environment you can ignore this message
[18:20:04] [main/WARN]: Reference map 'mcwifipnp-refmap.json' for mcwifipnp.mixins.json could not be read. If this is a development environment you can ignore this message
[18:20:04] [main/WARN]: Reference map 'betterdeserttemples.refmap.json' for betterdeserttemples.mixins.json could not be read. If this is a development environment you can ignore this message
[18:20:04] [main/WARN]: Reference map 'skinlayers3d.refmap.mixins.json' for skinlayers3d.mixins.json could not be read. If this is a development environment you can ignore this message
[18:20:04] [main/WARN]: Reference map 'creativecore.mixins.refmap.json' for creativecore.mixins.json could not be read. If this is a development environment you can ignore this message
[18:20:04] [main/WARN]: Reference map 'creativecore.mixins.refmap.json' for creativecore.forge.mixins.json could not be read. If this is a development environment you can ignore this message
[18:20:04] [main/WARN]: Reference map 'forbidden_arcanus.refmap.json' for forbidden_arcanus.mixins.json could not be read. If this is a development environment you can ignore this message
[18:20:04] [main/INFO]: Initializing com.ishland.c2me.server.utils.mixin
[18:20:04] [main/WARN]: Reference map 'packagerspsic.refmap.json' for packagerspsic.mixins.json could not be read. If this is a development environment you can ignore this message
[18:20:04] [main/WARN]: Reference map 'parcool.refmap.json' for parcool.mixins.json could not be read. If this is a development environment you can ignore this message
[18:20:04] [main/WARN]: Reference map 'createradar.refmap.json' for create_radar.mixins.json could not be read. If this is a development environment you can ignore this message
[18:20:04] [main/INFO]: Initializing com.ishland.c2me.opts.worldgen.general.mixin
[18:20:04] [main/INFO]: Initializing com.ishland.c2me.opts.chunkio.mixin
[18:20:04] [main/WARN]: Reference map 'watut.refmap.json' for watut.mixins.json could not be read. If this is a development environment you can ignore this message
[18:20:04] [main/WARN]: Reference map '${refmap_target}refmap.json' for ferritecore.predicates.mixin.json could not be read. If this is a development environment you can ignore this message
[18:20:04] [main/WARN]: Reference map '${refmap_target}refmap.json' for ferritecore.fastmap.mixin.json could not be read. If this is a development environment you can ignore this message
[18:20:04] [main/WARN]: Reference map '${refmap_target}refmap.json' for ferritecore.mrl.mixin.json could not be read. If this is a development environment you can ignore this message
[18:20:04] [main/WARN]: Reference map '${refmap_target}refmap.json' for ferritecore.dedupmultipart.mixin.json could not be read. If this is a development environment you can ignore this message
[18:20:04] [main/WARN]: Reference map '${refmap_target}refmap.json' for ferritecore.blockstatecache.mixin.json could not be read. If this is a development environment you can ignore this message
[18:20:04] [main/WARN]: Reference map '${refmap_target}refmap.json' for ferritecore.dedupbakedquad.mixin.json could not be read. If this is a development environment you can ignore this message
[18:20:04] [main/WARN]: Reference map '${refmap_target}refmap.json' for ferritecore.threaddetec.mixin.json could not be read. If this is a development environment you can ignore this message
[18:20:04] [main/WARN]: Reference map '${refmap_target}refmap.json' for ferritecore.modelsides.mixin.json could not be read. If this is a development environment you can ignore this message
[18:20:04] [main/WARN]: Reference map '${refmap_target}refmap.json' for ferritecore.datacomponents.mixin.json could not be read. If this is a development environment you can ignore this message
[18:20:04] [main/WARN]: Reference map '${refmap_target}refmap.json' for ferritecore.accessors.mixin.json could not be read. If this is a development environment you can ignore this message
[18:20:04] [main/WARN]: Reference map 'yet_another_config_lib_v3.refmap.json' for yacl.mixins.json could not be read. If this is a development environment you can ignore this message
[18:20:04] [main/WARN]: Reference map 'tacztweaks.refmap.json' for tacztweaks.mixins.json could not be read. If this is a development environment you can ignore this message
[18:20:04] [main/WARN]: Reference map 'tacztweaks-neoforge.refmap.json' for tacztweaks-neoforge.mixins.json could not be read. If this is a development environment you can ignore this message
[18:20:04] [main/WARN]: Reference map 'charmofundying.refmap.json' for charmofundying.mixins.json could not be read. If this is a development environment you can ignore this message
[18:20:04] [main/WARN]: Reference map 'ponder.refmap.json' for ponder-common.mixins.json could not be read. If this is a development environment you can ignore this message
[18:20:04] [main/WARN]: Reference map 'dndecor.refmap.json' for dndecor.mixins.json could not be read. If this is a development environment you can ignore this message
[18:20:04] [main/WARN]: Reference map 'bits_n_bobs.refmap.json' for bits_n_bobs.mixins.json could not be read. If this is a development environment you can ignore this message
[18:20:04] [main/WARN]: Reference map 'create_compact_transmission.refmap.json' for create_compact_transmission.mixins.json could not be read. If this is a development environment you can ignore this message
[18:20:04] [main/INFO]: Using Sodium renderer mixins
[18:20:04] [main/INFO]: Using Sodium renderer mixins
[18:20:04] [main/WARN]: Reference map 'createharmonics.refmap.json' for createharmonics.common.mixins.json could not be read. If this is a development environment you can ignore this message
[18:20:04] [main/WARN]: Reference map 'sable_player_ragdoll.refmap.json' for sable_player_ragdoll.mixins.json could not be read. If this is a development environment you can ignore this message
[18:20:04] [main/WARN]: Reference map 'sable_player_ragdoll.refmap.json' for sable_player_ragdoll.neoforge.mixins.json could not be read. If this is a development environment you can ignore this message
[18:20:04] [main/INFO]: [com.sshakusora.waystonessable.mixin.WaystonesSableMixinPlugin:log:234]: [WaystonesSable/MixinPlugin] loaded: Create attached-check API compatible=true, Sable assembleBlocks compatible=true, Sable start-tracking packet compatible=true, Sable stop-tracking packet compatible=true, forceAssemblyMixin=false, disableAssemblyMixin=false, disableTrackingPacketMixins=false
[18:20:04] [main/WARN]: Reference map 'createfood.refmap.json' for createfood.mixins.json could not be read. If this is a development environment you can ignore this message
[18:20:04] [main/WARN]: Reference map 'createpropulsion.refmap.json' for createpropulsion.mixins.json could not be read. If this is a development environment you can ignore this message
[18:20:04] [main/WARN]: Reference map 'gravestone_sable_compat.refmap.json' for gravestone_sable_compat.mixins.json could not be read. If this is a development environment you can ignore this message
[18:20:04] [main/WARN]: Reference map 'drivebywire.refmap.json' for drivebywire.mixins.json could not be read. If this is a development environment you can ignore this message
[18:20:04] [main/INFO]: Packet Fixer neoforge 1.20.5-1.21.X has been applied successfully.
[18:20:04] [main/INFO]: Config version: 6
[18:20:04] [main/INFO]: BadOptimizations config dump:
[18:20:04] [main/INFO]: enable_toast_optimizations: true
[18:20:04] [main/INFO]: ignore_mod_incompatibilities: false
[18:20:04] [main/INFO]: lightmap_time_change_needed_for_update: 80
[18:20:04] [main/INFO]: enable_lightmap_caching: true
[18:20:04] [main/INFO]: enable_particle_manager_optimization: true
[18:20:04] [main/INFO]: enable_entity_renderer_caching: true
[18:20:04] [main/INFO]: log_config: true
[18:20:04] [main/INFO]: enable_remove_redundant_fov_calculations: true
[18:20:04] [main/INFO]: config_version: 6
[18:20:04] [main/INFO]: enable_sky_angle_caching_in_worldrenderer: true
[18:20:04] [main/INFO]: enable_block_entity_renderer_caching: true
[18:20:04] [main/INFO]: skycolor_time_change_needed_for_update: 3
[18:20:04] [main/INFO]: enable_entity_flag_caching: true
[18:20:04] [main/INFO]: ignore_mod_cache_hooks: false
[18:20:04] [main/INFO]: enable_debug_renderer_disable_if_not_needed: true
[18:20:04] [main/INFO]: enable_sky_color_caching: true
[18:20:04] [main/INFO]: enable_remove_tutorial_if_not_demo: true
[18:20:04] [main/INFO]: show_f3_text: true
[18:20:04] [main/WARN]: Reference map 'sound_physics_remastered.refmap.json' for sound_physics_remastered.mixins.json could not be read. If this is a development environment you can ignore this message
[18:20:04] [main/WARN]: Reference map '' for adapter.init.mixins.json could not be read. If this is a development environment you can ignore this message
[18:20:05] [main/INFO]: Skipping ParCool 3 + Sable mixin com.alrexu.parcool.compat.mixin.sable.WorldUtilSableCollisionMixin (Sable loaded: true, ParCool 3 loaded: false)
[18:20:05] [main/INFO]: Skipping ParCool 3 + Sable mixin com.alrexu.parcool.compat.mixin.sable.CliffJumpSableMixin (Sable loaded: true, ParCool 3 loaded: false)
[18:20:05] [main/INFO]: Skipping ParCool 3 + Sable mixin com.alrexu.parcool.compat.mixin.sable.CliffJumpSableMixin (Sable loaded: true, ParCool 3 loaded: false)
[18:20:05] [main/INFO]: Skipping ParCool 3 + Sable mixin com.alrexu.parcool.compat.mixin.sable.ClingReleaseSableMixin (Sable loaded: true, ParCool 3 loaded: false)
[18:20:05] [main/INFO]: Skipping ParCool 3 + Player Animator composition mixin com.alrexu.parcool.compat.mixin.client.PlayerModelAnimationCompositionMixin
[18:20:05] [main/INFO]: Skipping ParCool 3 + Player Animator composition mixin com.alrexu.parcool.compat.mixin.client.AnimationApplierCompositionMixin
[18:20:05] [main/WARN]: Error loading class: dev/latvian/mods/kubejs/recipe/RecipesEventJS (java.lang.ClassNotFoundException: dev.latvian.mods.kubejs.recipe.RecipesEventJS)
[18:20:05] [main/WARN]: @Mixin target dev.latvian.mods.kubejs.recipe.RecipesEventJS was not found mixins.hammerlib.json:bs.kubejs.RecipeEventJSMixin from mod hammerlib
[18:20:05] [main/WARN]: Error loading class: com/portingdeadmods/cable_facades/events/GameClientEvents$2 (java.lang.ClassNotFoundException: com.portingdeadmods.cable_facades.events.GameClientEvents$2)
[18:20:05] [main/WARN]: Error loading class: com/direwolf20/justdirethings/client/renderers/OurRenderTypes (java.lang.ClassNotFoundException: com.direwolf20.justdirethings.client.renderers.OurRenderTypes)
[18:20:05] [main/WARN]: Error loading class: mekanism/client/render/entity/RenderFlame (java.lang.ClassNotFoundException: mekanism.client.render.entity.RenderFlame)
[18:20:05] [main/WARN]: Error loading class: mekanism/client/render/armor/MekaSuitArmor (java.lang.ClassNotFoundException: mekanism.client.render.armor.MekaSuitArmor)
[18:20:05] [main/WARN]: Error loading class: mekanism/client/render/lib/effect/BillboardingEffectRenderer (java.lang.ClassNotFoundException: mekanism.client.render.lib.effect.BillboardingEffectRenderer)
[18:20:05] [main/WARN]: Error loading class: blusunrize/immersiveengineering/client/utils/IEGLShaders (java.lang.ClassNotFoundException: blusunrize.immersiveengineering.client.utils.IEGLShaders)
[18:20:05] [main/WARN]: Error loading class: fuzs/diagonalblocks/world/phys/shapes/VoxelCollection (java.lang.ClassNotFoundException: fuzs.diagonalblocks.world.phys.shapes.VoxelCollection)
[18:20:05] [main/WARN]: @Mixin target fuzs.diagonalblocks.world.phys.shapes.VoxelCollection was not found snowrealmagic.mixins.json:diagonalblocks.VoxelCollectionAccess from mod snowrealmagic
[18:20:05] [main/WARN]: Error loading class: sereneseasons/season/RandomUpdateHandler (java.lang.ClassNotFoundException: sereneseasons.season.RandomUpdateHandler)
[18:20:05] [main/WARN]: @Mixin target sereneseasons.season.RandomUpdateHandler was not found snowrealmagic.mixins.json:sereneseasons.RandomUpdateHandlerMixin from mod snowrealmagic
[18:20:05] [main/WARN]: Error loading class: fuzs/diagonalblocks/client/handler/DiagonalModelHandler (java.lang.ClassNotFoundException: fuzs.diagonalblocks.client.handler.DiagonalModelHandler)
[18:20:05] [main/WARN]: @Mixin target fuzs.diagonalblocks.client.handler.DiagonalModelHandler was not found snowrealmagic.mixins.json:diagonalblocks.DiagonalModelHandlerMixin from mod snowrealmagic
[18:20:05] [main/WARN]: Error loading class: xfacthd/framedblocks/common/blockentity/doubled/slab/FramedAdjustableDoubleBlockEntity (java.lang.ClassNotFoundException: xfacthd.framedblocks.common.blockentity.doubled.slab.FramedAdjustableDoubleBlockEntity)
[18:20:05] [main/WARN]: @Mixin target xfacthd.framedblocks.common.blockentity.doubled.slab.FramedAdjustableDoubleBlockEntity was not found createbigcannons.mixins.json:compat.framedblocks.FramedAdjustableDoubleBlockEntityAccessor from mod createbigcannons
[18:20:05] [main/WARN]: Error loading class: ca/spottedleaf/starlight/common/thread/SchedulingUtil (java.lang.ClassNotFoundException: ca.spottedleaf.starlight.common.thread.SchedulingUtil)
[18:20:05] [main/INFO]: Force-disabling mixin 'entity.collisions.unpushable_cramming.EntityMixin' as rule 'mixin.entity.collisions.unpushable_cramming' (added by mods [sable]) disables it and children
[18:20:05] [main/INFO]: Force-disabling mixin 'entity.collisions.unpushable_cramming.EntitySectionMixin' as rule 'mixin.entity.collisions.unpushable_cramming' (added by mods [sable]) disables it and children
[18:20:05] [main/INFO]: Force-disabling mixin 'entity.collisions.unpushable_cramming.EntitySelectorMixin' as rule 'mixin.entity.collisions.unpushable_cramming' (added by mods [sable]) disables it and children
[18:20:05] [main/INFO]: Force-disabling mixin 'entity.collisions.unpushable_cramming.LivingEntityMixin' as rule 'mixin.entity.collisions.unpushable_cramming' (added by mods [sable]) disables it and children
[18:20:05] [main/INFO]: Force-disabling mixin 'world.chunk_access.ChunkHolderMixin' as rule 'mixin.world.chunk_access' (added by mods [sable]) disables it and children
[18:20:05] [main/INFO]: Force-disabling mixin 'world.chunk_access.GenerationChunkHolderAccessor' as rule 'mixin.world.chunk_access' (added by mods [sable]) disables it and children
[18:20:05] [main/INFO]: Force-disabling mixin 'world.chunk_access.LevelMixin' as rule 'mixin.world.chunk_access' (added by mods [sable]) disables it and children
[18:20:05] [main/INFO]: Force-disabling mixin 'world.chunk_access.ServerChunkCacheMixin' as rule 'mixin.world.chunk_access' (added by mods [sable]) disables it and children
[18:20:05] [main/INFO]: Force-disabling mixin 'world.chunk_ticking.spread_ice.BiomeMixin' as rule 'mixin.world.chunk_ticking' (added by mods [sable]) disables it and children
[18:20:05] [main/INFO]: Force-disabling mixin 'world.tick_scheduler.LevelChunkTicksMixin' as rule 'mixin.world.tick_scheduler' (added by mods [sable]) disables it and children
[18:20:06] [main/WARN]: Error loading class: ca/spottedleaf/starlight/common/integration/v0/ChunkSystemHooks (java.lang.ClassNotFoundException: ca.spottedleaf.starlight.common.integration.v0.ChunkSystemHooks)
[18:20:06] [main/WARN]: @Mixin target ca/spottedleaf/starlight/common/integration/v0/ChunkSystemHooks was not found c2me-rewrites-chunk-system.mixins.json:scalablelux.MixinChunkSystemHooks from mod c2me_rewrites_chunk_system
[18:20:06] [main/WARN]: Force-disabling mixin 'features.render.world.sky.ClientLevelMixin' as rule 'mixin.features.render.world.sky' (added by mods [iris]) disables it and children
[18:20:06] [main/WARN]: Force-disabling mixin 'features.render.world.sky.FogRendererMixin' as rule 'mixin.features.render.world.sky' (added by mods [iris]) disables it and children
[18:20:06] [main/WARN]: Force-disabling mixin 'features.render.world.sky.LevelRendererMixin' as rule 'mixin.features.render.world.sky' (added by mods [iris]) disables it and children
[18:20:06] [main/WARN]: Error loading class: net/dries007/tfc/common/blocks/wood/TFCLeavesBlock (java.lang.ClassNotFoundException: net.dries007.tfc.common.blocks.wood.TFCLeavesBlock)
[18:20:06] [main/WARN]: @Mixin target net.dries007.tfc.common.blocks.wood.TFCLeavesBlock was not found moreculling.neoforge.mixins.json:compat.TFCLeavesBlockMixin from mod moreculling
[18:20:06] [main/WARN]: Error loading class: net/caffeinemc/mods/sodium/client/gui/options/control/ControlValueFormatter (java.lang.ClassNotFoundException: net.caffeinemc.mods.sodium.client.gui.options.control.ControlValueFormatter)
[18:20:06] [main/WARN]: @Mixin target net.caffeinemc.mods.sodium.client.gui.options.control.ControlValueFormatter was not found cubes-without-borders.sodium.mixins.json:ControlValueFormatterMixin from mod cubes_without_borders
[18:20:06] [main/WARN]: Error loading class: net/caffeinemc/mods/sodium/client/gui/SodiumGameOptionPages (java.lang.ClassNotFoundException: net.caffeinemc.mods.sodium.client.gui.SodiumGameOptionPages)
[18:20:06] [main/WARN]: @Mixin target net.caffeinemc.mods.sodium.client.gui.SodiumGameOptionPages was not found cubes-without-borders.sodium.mixins.json:SodiumGameOptionPagesMixin from mod cubes_without_borders
[18:20:06] [main/INFO]: PlayerPreventSnappingMixin was chosen to be loaded!
[18:20:06] [main/WARN]: Error loading class: de/maxhenkel/voicechat/voice/server/ServerWorldUtils (java.lang.ClassNotFoundException: de.maxhenkel.voicechat.voice.server.ServerWorldUtils)
[18:20:06] [main/WARN]: @Mixin target de.maxhenkel.voicechat.voice.server.ServerWorldUtils was not found railways-common.mixins.json:compat.voicechat.ServerWorldUtilsMixin from mod railways
[18:20:06] [main/WARN]: Error loading class: net/minecraft/client/gui/screens/controls/KeyBindsList$KeyEntry (java.lang.ClassNotFoundException: net.minecraft.client.gui.screens.controls.KeyBindsList$KeyEntry)
[18:20:06] [main/WARN]: @Mixin target net.minecraft.client.gui.screens.controls.KeyBindsList$KeyEntry was not found railways-common.mixins.json:client.MixinKeyBindsListKeyEntry from mod railways
[18:20:06] [main/WARN]: Error loading class: me/jellysquid/mods/lithium/common/ai/pathing/PathNodeDefaults (java.lang.ClassNotFoundException: me.jellysquid.mods.lithium.common.ai.pathing.PathNodeDefaults)
[18:20:06] [main/WARN]: Error loading class: me/jellysquid/mods/sodium/client/gui/SodiumGameOptionPages (java.lang.ClassNotFoundException: me.jellysquid.mods.sodium.client.gui.SodiumGameOptionPages)
[18:20:06] [main/WARN]: Error loading class: net/caffeinemc/sodium/config/user/UserConfigCategories (java.lang.ClassNotFoundException: net.caffeinemc.sodium.config.user.UserConfigCategories)
[18:20:06] [main/WARN]: Error loading class: net/caffeinemc/mods/sodium/client/gui/SodiumGameOptionPages (java.lang.ClassNotFoundException: net.caffeinemc.mods.sodium.client.gui.SodiumGameOptionPages)
[18:20:06] [main/WARN]: Error loading class: net/vulkanmod/config/option/Options (java.lang.ClassNotFoundException: net.vulkanmod.config.option.Options)
[18:20:06] [main/WARN]: Error loading class: me/jellysquid/mods/lithium/common/ai/pathing/PathNodeDefaults (java.lang.ClassNotFoundException: me.jellysquid.mods.lithium.common.ai.pathing.PathNodeDefaults)
[18:20:06] [main/WARN]: Error loading class: com/mrcrayfish/controllable/client/binding/context/BindingContext (java.lang.ClassNotFoundException: com.mrcrayfish.controllable.client.binding.context.BindingContext)
[18:20:06] [main/WARN]: Error loading class: dev/ftb/mods/ftbchunks/data/ChunkTeamDataImpl (java.lang.ClassNotFoundException: dev.ftb.mods.ftbchunks.data.ChunkTeamDataImpl)
[18:20:06] [main/WARN]: @Mixin target dev.ftb.mods.ftbchunks.data.ChunkTeamDataImpl was not found aeroclaims.mixins.json:ftb.ChunkTeamDataMixin from mod aeroclaims
[18:20:06] [main/WARN]: Error loading class: dev/ftb/mods/ftbchunks/data/ChunkTeamDataImpl (java.lang.ClassNotFoundException: dev.ftb.mods.ftbchunks.data.ChunkTeamDataImpl)
[18:20:06] [main/WARN]: @Mixin target dev.ftb.mods.ftbchunks.data.ChunkTeamDataImpl was not found aeroclaims.mixins.json:ftb.ChunkTeamDataForceLoadMixin from mod aeroclaims
[18:20:06] [main/INFO]: Immersive Portals not present, skipping DH compatibility mixin.
[18:20:07] [main/WARN]: Error loading class: com/drmangotea/tfmg/content/engines/base/AbstractEngineBlockEntity (java.lang.ClassNotFoundException: com.drmangotea.tfmg.content.engines.base.AbstractEngineBlockEntity)
[18:20:07] [main/WARN]: Error loading class: com/drmangotea/tfmg/content/engines/types/AbstractSmallEngineBlockEntity (java.lang.ClassNotFoundException: com.drmangotea.tfmg.content.engines.types.AbstractSmallEngineBlockEntity)
[18:20:07] [main/WARN]: Error loading class: com/drmangotea/tfmg/content/engines/types/regular_engine/RegularEngineBlockEntity (java.lang.ClassNotFoundException: com.drmangotea.tfmg.content.engines.types.regular_engine.RegularEngineBlockEntity)
[18:20:07] [main/WARN]: Error loading class: dev/qwxon/compactflap/content/blocks/analog_compact_flap/AnalogCompactFlapBearingBlockEntity (java.lang.ClassNotFoundException: dev.qwxon.compactflap.content.blocks.analog_compact_flap.AnalogCompactFlapBearingBlockEntity)
[18:20:07] [main/WARN]: Error loading class: dev/qwxon/compactflap/content/blocks/analog_swivel_bearing/AnalogSwivelBearingBlockEntity (java.lang.ClassNotFoundException: dev.qwxon.compactflap.content.blocks.analog_swivel_bearing.AnalogSwivelBearingBlockEntity)
[18:20:07] [main/WARN]: @Mixin target dev/qwxon/compactflap/content/blocks/analog_swivel_bearing/AnalogSwivelBearingBlockEntity was not found create_flight_control.compat.mixins.json:CompactFlapAnalogSwivelBearingBEMixin from mod create_flight_control
[18:20:07] [main/WARN]: Error loading class: dev/qwxon/compactflap/content/blocks/compact_flap_bearing/CompactFlapBearingBlock (java.lang.ClassNotFoundException: dev.qwxon.compactflap.content.blocks.compact_flap_bearing.CompactFlapBearingBlock)
[18:20:07] [main/WARN]: Error loading class: dev/qwxon/compactflap/content/blocks/compact_flap_bearing/CompactFlapBearingBlockEntity (java.lang.ClassNotFoundException: dev.qwxon.compactflap.content.blocks.compact_flap_bearing.CompactFlapBearingBlockEntity)
[18:20:07] [main/WARN]: Error loading class: dev/qwxon/compactflap/content/blocks/compact_swivel_flap/CompactSwivelFlapBlock (java.lang.ClassNotFoundException: dev.qwxon.compactflap.content.blocks.compact_swivel_flap.CompactSwivelFlapBlock)
[18:20:07] [main/WARN]: @Mixin target dev/qwxon/compactflap/content/blocks/compact_swivel_flap/CompactSwivelFlapBlock was not found create_flight_control.compat.mixins.json:CompactFlapSwivelBearingBlockMixin from mod create_flight_control
[18:20:07] [main/WARN]: Error loading class: dev/qwxon/compactflap/content/blocks/compact_swivel_flap/CompactSwivelFlapBlockEntity (java.lang.ClassNotFoundException: dev.qwxon.compactflap.content.blocks.compact_swivel_flap.CompactSwivelFlapBlockEntity)
[18:20:07] [main/WARN]: @Mixin target dev/qwxon/compactflap/content/blocks/compact_swivel_flap/CompactSwivelFlapBlockEntity was not found create_flight_control.compat.mixins.json:CompactFlapSwivelBearingBEMixin from mod create_flight_control
[18:20:07] [main/WARN]: Error loading class: dev/simulated_team/aero_reformation/content/blocks/rcs_thruster/RcsThrusterBlockEntity (java.lang.ClassNotFoundException: dev.simulated_team.aero_reformation.content.blocks.rcs_thruster.RcsThrusterBlockEntity)
[18:20:07] [main/WARN]: @Mixin target dev/simulated_team/aero_reformation/content/blocks/rcs_thruster/RcsThrusterBlockEntity was not found create_flight_control.compat.mixins.json:RcsThrusterBEMixin from mod create_flight_control
[18:20:07] [main/WARN]: Error loading class: com/hooya/stabilizedturret/client/ClientAimState (java.lang.ClassNotFoundException: com.hooya.stabilizedturret.client.ClientAimState)
[18:20:07] [main/WARN]: Error loading class: com/github/exopandora/shouldersurfing/client/ShoulderSurfingCamera (java.lang.ClassNotFoundException: com.github.exopandora.shouldersurfing.client.ShoulderSurfingCamera)
[18:20:07] [main/INFO]: [com.sshakusora.waystonessable.mixin.WaystonesSableMixinPlugin:log:234]: [WaystonesSable/MixinPlugin] Skipping com.sshakusora.waystonessable.mixin.SubLevelAssemblyHelperMixin (Create attached-check API compatible=true, Sable assembleBlocks compatible=true)
[18:20:07] [main/INFO]: [com.sshakusora.waystonessable.mixin.WaystonesSableMixinPlugin:log:234]: [WaystonesSable/MixinPlugin] Applying com.sshakusora.waystonessable.mixin.client.ClientboundStartTrackingSubLevelPacketMixin (target packet compatible=true)
[18:20:07] [main/INFO]: [com.sshakusora.waystonessable.mixin.WaystonesSableMixinPlugin:log:234]: [WaystonesSable/MixinPlugin] Applying com.sshakusora.waystonessable.mixin.client.ClientboundStopTrackingSubLevelPacketMixin (target packet compatible=true)
[18:20:07] [main/WARN]: Error loading class: punchy/config/PunchyConfig (java.lang.ClassNotFoundException: punchy.config.PunchyConfig)
[18:20:07] [main/WARN]: @Mixin target punchy.config.PunchyConfig was not found addon_gancho.mixins.json:compat.PunchyBlacklistMixin from mod addon_gancho
[18:20:07] [main/WARN]: Error loading class: dev/ughdhdh/suspension_wrench/renderer/AdjustableWheelMountRenderer (java.lang.ClassNotFoundException: dev.ughdhdh.suspension_wrench.renderer.AdjustableWheelMountRenderer)
[18:20:07] [main/WARN]: @Mixin target dev.ughdhdh.suspension_wrench.renderer.AdjustableWheelMountRenderer was not found bigtires.mixins.json:MixinAdjustableWheelMountRenderer from mod bigtires
[18:20:07] [main/WARN]: Error loading class: org/jetbrains/annotations/ApiStatus$Internal (java.lang.ClassNotFoundException: org.jetbrains.annotations.ApiStatus$Internal)
[18:20:07] [main/WARN]: Error loading class: org/jetbrains/annotations/ApiStatus$ScheduledForRemoval (java.lang.ClassNotFoundException: org.jetbrains.annotations.ApiStatus$ScheduledForRemoval)
[18:20:07] [main/INFO]: Initializing MixinExtras via com.llamalad7.mixinextras.service.MixinExtrasServiceImpl(version=0.5.4).
[28aug.2026 18:20:09.103] [main/INFO] [STDOUT/]: [com.euphoriapatches.euphoria_patcher.EuphoriaPatcher:<init>:57]: 
Euphoria Patcher:
[28aug.2026 18:20:09.605] [main/INFO] [euphoria_patcher/]: EuphoriaPatcher: [UPDATE CHECKER] The EuphoriaPatcher Mod is up to date
[28aug.2026 18:20:09.678] [main/INFO] [euphoria_patcher/]: EuphoriaPatcher: Clearing caches... and possibly your weekend plans.
[28aug.2026 18:20:09.697] [main/INFO] [euphoria_patcher/]: EuphoriaPatcher: EuphoriaPatches_1.9.3 is already installed.
[28aug.2026 18:20:09.703] [main/INFO] [STDOUT/]: [com.euphoriapatches.euphoria_patcher.logging.EuphoriaLogger:log:128]: 
 
EuphoriaPatcher: Thank you for using Euphoria Patches - SpacEagle17

 
[28aug.2026 18:20:09.764] [main/WARN] [mixin/]: Static binding violation: PRIVATE @Overwrite method decoratedId in modernfix-modernfix.mixins.json:perf.tag_id_caching.TagOrElementLocationMixin from mod modernfix cannot reduce visibiliy of PUBLIC target method, visibility will be upgraded.
[28aug.2026 18:20:12.393] [Datafixer Bootstrap/INFO] [com.mojang.datafixers.DataFixerBuilder/]: 229 Datafixer optimizations took 267 milliseconds
[28aug.2026 18:20:12.572] [pool-15-thread-1/INFO] [net.minecraft.server.Bootstrap/]: ModernFix reached bootstrap stage (30.04 s after launch)
[28aug.2026 18:20:14.438] [pool-15-thread-1/WARN] [mixin/]: Static binding violation: PRIVATE @Overwrite method getTemperature in modernfix-modernfix.mixins.json:perf.remove_biome_temperature_cache.BiomeMixin from mod modernfix cannot reduce visibiliy of PUBLIC target method, visibility will be upgraded.
[28aug.2026 18:20:14.443] [pool-15-thread-1/WARN] [mixin/]: Method overwrite conflict for getTemperature in lithium.mixins.json:world.temperature_cache.BiomeMixin from mod lithium, previously written by org.embeddedt.modernfix.common.mixin.perf.remove_biome_temperature_cache.BiomeMixin. Skipping method.
[28aug.2026 18:20:17.596] [pool-15-thread-1/INFO] [dev.yumi.mc.core.impl.YumiFoundationMod/]: Initializing mods (entrypoint yumi:init)...
[28aug.2026 18:20:17.632] [pool-15-thread-1/INFO] [net.minecraft.server.Bootstrap/]: Vanilla bootstrap took 5036 milliseconds
[28aug.2026 18:20:18.415] [main/INFO] [defaultoptions/]: Loaded default options for extra-folder
[28aug.2026 18:20:18.643] [Render thread/WARN] [net.minecraft.server.packs.VanillaPackResourcesBuilder/]: Assets URL 'union:/C:/Users/Nvv/AppData/Roaming/ModrinthApp/meta/libraries/net/minecraft/client/1.21.1-20240808.144430/client-1.21.1-20240808.144430-srg.jar%23438!/assets/.mcassetsroot' uses unexpected schema
[28aug.2026 18:20:18.643] [Render thread/WARN] [net.minecraft.server.packs.VanillaPackResourcesBuilder/]: Assets URL 'union:/C:/Users/Nvv/AppData/Roaming/ModrinthApp/meta/libraries/net/minecraft/client/1.21.1-20240808.144430/client-1.21.1-20240808.144430-srg.jar%23438!/data/.mcassetsroot' uses unexpected schema
[28aug.2026 18:20:18.683] [Render thread/INFO] [com.mojang.authlib.yggdrasil.YggdrasilAuthenticationService/]: Environment: Environment[sessionHost=https://sessionserver.mojang.com, servicesHost=https://api.minecraftservices.com, name=PROD]
[28aug.2026 18:20:18.697] [Render thread/INFO] [NoChatRestrictions/]: MixinYggdrasilUserApiService initialized succesfully.
[28aug.2026 18:20:18.697] [Render thread/INFO] [NoChatRestrictions/]: Successfully supplanted UserApiService with a wrapped version.
[28aug.2026 18:20:18.698] [Render thread/INFO] [net.minecraft.client.Minecraft/]: Setting user: Nvvlife
[28aug.2026 18:20:18.728] [Render thread/INFO] [furnish/]: Hello Fabric world!
[28aug.2026 18:20:19.258] [Render thread/INFO] [LambDynamicLights/]: [LambDynLights] Initializing LambDynamicLights...
[28aug.2026 18:20:19.276] [Render thread/INFO] [LambDynamicLights|Config/]: [LambDynLights] Configuration loaded.
[28aug.2026 18:20:19.364] [Render thread/INFO] [defaultoptions/]: options.txt already exists - last modified 1787931139959
[28aug.2026 18:20:19.376] [Render thread/INFO] [Iris/]: Queuing DH event binding...
[28aug.2026 18:20:19.516] [Render thread/INFO] [net.minecraft.client.Minecraft/]: Backend library: LWJGL version 3.3.3+5
[28aug.2026 18:20:19.621] [Render thread/INFO] [com.mojang.blaze3d.platform.Window/]: OpenGL Vendor: NVIDIA Corporation
[28aug.2026 18:20:19.621] [Render thread/INFO] [com.mojang.blaze3d.platform.Window/]: OpenGL Renderer: NVIDIA GeForce RTX 3070/PCIe/SSE2
[28aug.2026 18:20:19.621] [Render thread/INFO] [com.mojang.blaze3d.platform.Window/]: OpenGL Version: 4.6.0 NVIDIA 610.62
[28aug.2026 18:20:19.623] [Render thread/INFO] [Sodium-NvidiaWorkarounds/]: Modifying OpenGL context to apply workarounds for the NVIDIA graphics driver...
[28aug.2026 18:20:19.623] [Render thread/INFO] [Sodium-NvidiaWorkarounds/]: Enabling GL_DEBUG_OUTPUT_SYNCHRONOUS to force the NVIDIA driver to disable threaded command submission
[28aug.2026 18:20:19.685] [ForkJoinPool.commonPool-worker-8/WARN] [Iris/]: [Iris Update Check] This version doesn't have an update index, skipping.
[28aug.2026 18:20:19.700] [Render thread/INFO] [ImmediatelyFast/]: Initializing ImmediatelyFast 1.6.13+1.21.1 on NVIDIA GeForce RTX 3070/PCIe/SSE2 (NVIDIA Corporation) with OpenGL 4.6.0 NVIDIA 610.62
[28aug.2026 18:20:19.702] [Render thread/INFO] [ImmediatelyFast/]: Found Iris 1.8.14-beta.1+mc1.21.1. Enabling compatibility.
[28aug.2026 18:20:19.891] [Render thread/INFO] [Iris/]: Debug functionality is disabled.
[28aug.2026 18:20:19.893] [Render thread/INFO] [Iris/]: OpenGL 4.5 detected, enabling DSA.
[28aug.2026 18:20:19.905] [Render thread/INFO] [colorwheel/]: Is OIT supported: true
[28aug.2026 18:20:20.496] [modloading-worker-0/INFO] [com.alrexu.parcool.compat.ParCoolCompatAddon/]: ParCool 4.x detected; compatibility handlers are placeholders until the stable 4.x API is supported
[28aug.2026 18:20:20.574] [modloading-worker-0/INFO] [Create Deco/]: Registering items for Create Deco
[28aug.2026 18:20:20.609] [modloading-worker-0/INFO] [Entity Texture Features/]: [ETF]: Modifying ETF Render State constructor because: for EMF
[28aug.2026 18:20:20.611] [modloading-worker-0/INFO] [traben.entity_model_features.EMF/]: Loading Entity Model Features, now compatible with every mod, except all the ones that aren't...
[28aug.2026 18:20:20.629] [modloading-worker-0/INFO] [Veil/]: Veil is initializing.
[28aug.2026 18:20:20.680] [modloading-worker-0/INFO] [net.neoforged.neoforge.common.NeoForgeMod/NEOFORGE-MOD]: NeoForge mod loading, version 21.1.248, for MC 1.21.1
[28aug.2026 18:20:20.760] [modloading-worker-0/INFO] [org.antarcticgardens.cna.CreateNewAge/]: Hello 1.21.1 Create!
[28aug.2026 18:20:20.812] [modloading-worker-0/INFO] [Create Deco/]: Registering blocks for Create Deco
[28aug.2026 18:20:20.908] [modloading-worker-0/INFO] [Create Deco/]: Populating connected texture maps...
[28aug.2026 18:20:20.958] [modloading-worker-0/INFO] [Recipe Generator/]: Recipe Generator initialized for NeoForge
[28aug.2026 18:20:20.967] [modloading-worker-0/INFO] [Recipe Generator/]: Recipe Generator initialized, no way...
[28aug.2026 18:20:21.179] [modloading-worker-0/INFO] [Railways/]: Steam 'n' Rails v1.6.13-alpha initializing! Commit hash: dev on Create version: 6.0.10 on platform: Neoforge
[28aug.2026 18:20:21.199] [modloading-worker-0/INFO] [Entity Texture Features/]: [ETF]: 6 new ETF Random Properties registered by entity_model_features
[28aug.2026 18:20:21.292] [modloading-worker-0/INFO] [Entity Texture Features/]: Loading Entity Texture Features, Curse you Perry the Platypus!
[28aug.2026 18:20:21.496] [modloading-worker-0/WARN] [mixin/]: Static binding violation: PRIVATE @Overwrite method elementOrTag in modernfix-modernfix.mixins.json:perf.tag_id_caching.TagEntryMixin from mod modernfix cannot reduce visibiliy of PUBLIC target method, visibility will be upgraded.
[28aug.2026 18:20:21.810] [modloading-worker-0/INFO] [org.zeith.hammerlib.HammerLib/]: Registered charge handler for type org.zeith.hammerlib.util.charging.fluid.FluidCharge - org.zeith.hammerlib.util.charging.impl.FluidChargeHandler@709c4f0d
[28aug.2026 18:20:21.819] [modloading-worker-0/INFO] [org.zeith.hammerlib.HammerLib/]: Registered charge handler for type org.zeith.hammerlib.util.charging.fe.FECharge - org.zeith.hammerlib.util.charging.impl.FEChargeHandler@40542ca4
[28aug.2026 18:20:21.843] [modloading-worker-0/INFO] [org.zeith.hammerlib.HammerLib/]: Registered inventory lister org.zeith.hammerlib.util.charging.impl.VanillaPlayerInvLister
[28aug.2026 18:20:22.269] [modloading-worker-0/INFO] [nemos_inventory_sorting/]: Thank you for using Nemo's Inventory Sorting!
[28aug.2026 18:20:22.342] [modloading-worker-0/INFO] [org.zeith.hammerlib.HammerLib/]: Hooked Lorg/zeith/hammerlib/core/test/machine/TileTestMachine; from hammerlib to register it's stuff.
[28aug.2026 18:20:22.343] [modloading-worker-0/INFO] [org.zeith.hammerlib.HammerLib/]: Hooked Lorg/zeith/hammerlib/core/test/machine/RecipeTestMachine; from hammerlib to register it's stuff.
[28aug.2026 18:20:22.343] [modloading-worker-0/INFO] [org.zeith.hammerlib.HammerLib/]: Hooked Lorg/zeith/hammerlib/core/test/machine/BlockTestMachine; from hammerlib to register it's stuff.
[28aug.2026 18:20:22.343] [modloading-worker-0/INFO] [org.zeith.hammerlib.HammerLib/]: Hooked Lorg/zeith/hammerlib/core/recipes/replacers/WaterBottleReplacer; from hammerlib to register it's stuff.
[28aug.2026 18:20:22.343] [modloading-worker-0/INFO] [org.zeith.hammerlib.HammerLib/]: Hooked Lorg/zeith/hammerlib/core/recipes/replacers/RemainingReplacerHL; from hammerlib to register it's stuff.
[28aug.2026 18:20:22.343] [modloading-worker-0/INFO] [org.zeith.hammerlib.HammerLib/]: Hooked Lorg/zeith/hammerlib/core/init/SourceTypesHL; from hammerlib to register it's stuff.
[28aug.2026 18:20:22.343] [modloading-worker-0/INFO] [org.zeith.hammerlib.HammerLib/]: Hooked Lorg/zeith/hammerlib/core/init/RecipesHL; from hammerlib to register it's stuff.
[28aug.2026 18:20:22.343] [modloading-worker-0/INFO] [org.zeith.hammerlib.HammerLib/]: Hooked Lorg/zeith/hammerlib/core/init/LevelActionTypesHL; from hammerlib to register it's stuff.
[28aug.2026 18:20:22.344] [modloading-worker-0/INFO] [org.zeith.hammerlib.HammerLib/]: Hooked Lorg/zeith/hammerlib/core/init/ItemsHL; from hammerlib to register it's stuff.
[28aug.2026 18:20:22.344] [modloading-worker-0/INFO] [org.zeith.hammerlib.HammerLib/]: Hooked Lorg/zeith/hammerlib/core/init/GlintProviderTypesHL; from hammerlib to register it's stuff.
[28aug.2026 18:20:22.344] [modloading-worker-0/INFO] [org.zeith.hammerlib.HammerLib/]: Hooked Lorg/zeith/hammerlib/core/init/GearsHL; from hammerlib to register it's stuff.
[28aug.2026 18:20:22.344] [modloading-worker-0/INFO] [org.zeith.hammerlib.HammerLib/]: Hooked Lorg/zeith/hammerlib/core/init/ComponentTypesHL; from hammerlib to register it's stuff.
[28aug.2026 18:20:22.344] [modloading-worker-0/INFO] [org.zeith.hammerlib.HammerLib/]: Hooked Lorg/zeith/hammerlib/api/forge/ContainerAPI; from hammerlib to register it's stuff.
[28aug.2026 18:20:22.344] [modloading-worker-0/INFO] [org.zeith.hammerlib.HammerLib/]: Hooked Lorg/zeith/improvableskills/utils/loot/LootConditionSkillScroll; from improvableskills to register it's stuff.
[28aug.2026 18:20:22.344] [modloading-worker-0/INFO] [org.zeith.hammerlib.HammerLib/]: Hooked Lorg/zeith/improvableskills/init/SkillsIS; from improvableskills to register it's stuff.
[28aug.2026 18:20:22.344] [modloading-worker-0/INFO] [org.zeith.hammerlib.HammerLib/]: Hooked Lorg/zeith/improvableskills/init/RecipeTypesIS; from improvableskills to register it's stuff.
[28aug.2026 18:20:22.344] [modloading-worker-0/INFO] [org.zeith.hammerlib.HammerLib/]: Hooked Lorg/zeith/improvableskills/init/ParticleTypesIS; from improvableskills to register it's stuff.
[28aug.2026 18:20:22.344] [modloading-worker-0/INFO] [org.zeith.hammerlib.HammerLib/]: Hooked Lorg/zeith/improvableskills/init/PageletsIS; from improvableskills to register it's stuff.
[28aug.2026 18:20:22.344] [modloading-worker-0/INFO] [org.zeith.hammerlib.HammerLib/]: Hooked Lorg/zeith/improvableskills/init/ItemsIS; from improvableskills to register it's stuff.
[28aug.2026 18:20:22.344] [modloading-worker-0/INFO] [org.zeith.hammerlib.HammerLib/]: Hooked Lorg/zeith/improvableskills/init/GuiHooksIS; from improvableskills to register it's stuff.
[28aug.2026 18:20:22.344] [modloading-worker-0/INFO] [org.zeith.hammerlib.HammerLib/]: Hooked Lorg/zeith/improvableskills/init/ComponentsIS; from improvableskills to register it's stuff.
[28aug.2026 18:20:22.344] [modloading-worker-0/INFO] [org.zeith.hammerlib.HammerLib/]: Hooked Lorg/zeith/improvableskills/init/AbilitiesIS; from improvableskills to register it's stuff.
[28aug.2026 18:20:22.344] [modloading-worker-0/INFO] [org.zeith.hammerlib.HammerLib/]: Hooked Lorg/zeith/improvableskills/custom/items/data/StoredSkill; from improvableskills to register it's stuff.
[28aug.2026 18:20:22.344] [modloading-worker-0/INFO] [org.zeith.hammerlib.HammerLib/]: Hooked Lorg/zeith/improvableskills/custom/items/data/StoredAbility; from improvableskills to register it's stuff.
[28aug.2026 18:20:22.345] [modloading-worker-0/INFO] [org.zeith.hammerlib.HammerLib/]: Hooked Lorg/zeith/improvableskills/api/loot/GlobalSkillLootModifier; from improvableskills to register it's stuff.
[28aug.2026 18:20:22.390] [modloading-worker-0/INFO] [org.zeith.hammerlib.HammerLib/]: Injecting config setup into class org.zeith.improvableskills.cfg.ConfigsIS
[28aug.2026 18:20:22.807] [modloading-worker-0/INFO] [net.fabricmc.fabric.impl.client.indigo.Indigo/]: [Indigo] Different rendering plugin detected; not applying Indigo.
[28aug.2026 18:20:22.843] [modloading-worker-0/INFO] [com.natamus.simplemenu_common_neoforge.data.Constants/]: [Simple Menu] Initiating.
[28aug.2026 18:20:23.135] [modloading-worker-0/INFO] [snownee.kiwi.Kiwi/INIT]: Processing 9 KiwiModule annotations
[28aug.2026 18:20:23.453] [modloading-worker-0/INFO] [scena-forge/]: Initialized scena-forge
[28aug.2026 18:20:23.524] [modloading-worker-0/INFO] [net.minecraft.server.LoggedPrintStream/]: [STDOUT]: [Mouse Tweaks] Main.initialize()
[28aug.2026 18:20:23.537] [modloading-worker-0/INFO] [net.minecraft.server.LoggedPrintStream/]: [STDOUT]: [Mouse Tweaks] Initialized.
[28aug.2026 18:20:23.572] [modloading-worker-0/INFO] [mod.chiselsandbits.forge.Forge/]: Initialized Chisels&Bits - Forge
[28aug.2026 18:20:23.815] [modloading-worker-0/INFO] [CraterLoader/]: Discovering Plugins
[28aug.2026 18:20:23.822] [modloading-worker-0/INFO] [CraterLoader/]: Discovered 1 plugins
[28aug.2026 18:20:23.825] [modloading-worker-0/INFO] [CraterLoader/]: Loading Client Plugins
[28aug.2026 18:20:23.859] [modloading-worker-0/INFO] [mod.chiselsandbits.registrars.ModBlockEntityTypes/]: Loaded block entity configuration.
[28aug.2026 18:20:23.911] [modloading-worker-0/INFO] [CraterLoader/]: Loaded Client Plugins
[28aug.2026 18:20:23.957] [modloading-worker-0/INFO] [mod.chiselsandbits.registrars.ModBlocks/]: Loaded block configuration.
[28aug.2026 18:20:23.979] [modloading-worker-0/INFO] [mod.chiselsandbits.registrars.ModChiselModeGroups/]: Loaded chisel mode group configuration.
[28aug.2026 18:20:24.023] [modloading-worker-0/INFO] [mezz.jei.library.load.PluginCaller/]: Sending ConfigManager...
[28aug.2026 18:20:24.038] [modloading-worker-0/INFO] [mezz.jei.library.load.PluginCaller/]: Sending ConfigManager took 12.38 milliseconds
[28aug.2026 18:20:24.040] [modloading-worker-0/INFO] [xaero.hud.minimap.MinimapLogs/]: Xaero's Minimap: World Map found!
[28aug.2026 18:20:24.040] [modloading-worker-0/INFO] [xaero.hud.minimap.MinimapLogs/]: No Optifine!
[28aug.2026 18:20:24.041] [modloading-worker-0/INFO] [xaero.hud.minimap.MinimapLogs/]: Xaero's Minimap: No Vivecraft!
[28aug.2026 18:20:24.042] [modloading-worker-0/INFO] [xaero.hud.minimap.MinimapLogs/]: Xaero's Minimap: Iris found!
[28aug.2026 18:20:24.054] [modloading-worker-0/INFO] [Puzzles Lib/]: Constructing components for puzzleslib:common
[28aug.2026 18:20:24.064] [modloading-worker-0/INFO] [xaero.hud.minimap.MinimapLogs/]: Xaero's Minimap: Waystones found!
[28aug.2026 18:20:24.109] [modloading-worker-0/INFO] [net.blay09.mods.balm.neoforge.config.NeoForgeBalmConfig/]: Registering config for defaultoptions:common (COMMON) with 3 properties.
[28aug.2026 18:20:24.128] [modloading-worker-0/WARN] [mixin/]: @Inject(@At("INVOKE")) Shift.BY=2 on create_connected.mixins.json:sequencedgearshift.SequencedGearshiftScreenMixin from mod create_connected::handler$gff000$create_connected$updateParamsOfRow exceeds the maximum allowed value: 0. Increase the value of maxShiftBy to suppress this warning.
[28aug.2026 18:20:24.283] [modloading-worker-0/INFO] [thedarkcolour.kotlinforforge.neoforge.test.KotlinForForge/]: Kotlin For Forge Enabled!
[28aug.2026 18:20:24.339] [modloading-worker-0/INFO] [me.ImJoshh.elytra_physics.ElytraPhysicsNeoForge/]: LOADER SETUP RUN
[28aug.2026 18:20:24.398] [modloading-worker-0/INFO] [LambLanterns/]: Lamb Lanterns v1.2.0 loaded
[28aug.2026 18:20:24.398] [modloading-worker-0/INFO] [LambLanterns/]:   lantern slot attached to player; lanterns are tagged #curios:lantern
[28aug.2026 18:20:24.398] [modloading-worker-0/INFO] [LambLanterns/]:   LambDynamicLights: detected - worn lanterns will emit dynamic light
[28aug.2026 18:20:24.404] [modloading-worker-0/INFO] [com.leclowndu93150.corpsecurioscompat.Main/]: Hello from Gravestone Curios Compat!
[28aug.2026 18:20:24.405] [modloading-worker-0/INFO] [xaero.map.WorldMap/]: Registering common data for channel xaeroworldmap:main!
[28aug.2026 18:20:24.419] [modloading-worker-0/INFO] [Puzzles Lib/]: Constructing components for puzzleslib:client
[28aug.2026 18:20:24.460] [modloading-worker-0/INFO] [xaero.map.WorldMap/]: Registering client data for channel xaeroworldmap:main!
[28aug.2026 18:20:24.504] [modloading-worker-0/INFO] [mod.chiselsandbits.registrars.ModChiselModes/]: Loaded chisel mode configuration.
[28aug.2026 18:20:24.506] [modloading-worker-0/INFO] [mod.chiselsandbits.registrars.ModContainerTypes/]: Loaded container type configuration.
[28aug.2026 18:20:24.508] [modloading-worker-0/INFO] [mod.chiselsandbits.registrars.ModCreativeTabs/]: Loaded item group configuration.
[28aug.2026 18:20:24.509] [modloading-worker-0/INFO] [xaero.map.WorldMap/]: Loading primary common config for channel xaeroworldmap:main!
[28aug.2026 18:20:24.528] [modloading-worker-0/INFO] [xaero.map.WorldMap/]: Loading server config profiles for channel xaeroworldmap:main!
[28aug.2026 18:20:24.536] [modloading-worker-0/INFO] [xaero.map.WorldMap/]: Loading primary client config for channel xaeroworldmap:main!
[28aug.2026 18:20:24.541] [modloading-worker-0/INFO] [xaero.map.WorldMap/]: Loading client config profiles for channel xaeroworldmap:main!
[28aug.2026 18:20:24.547] [modloading-worker-0/INFO] [xaero.common.HudMod/]: Registering common data for channel xaerominimap:main!
[28aug.2026 18:20:24.614] [modloading-worker-0/INFO] [mod.chiselsandbits.registrars.ModItems/]: Loaded item configuration.
[28aug.2026 18:20:24.626] [modloading-worker-0/INFO] [xaero.common.HudMod/]: Registering client data for channel xaerominimap:main!
[28aug.2026 18:20:24.637] [modloading-worker-0/INFO] [mod.chiselsandbits.registrars.ModMetadataKeys/]: Loaded metadata key configuration.
[28aug.2026 18:20:24.646] [modloading-worker-0/INFO] [mod.chiselsandbits.registrars.ModModelProperties/]: Loaded model property configuration.
[28aug.2026 18:20:24.659] [modloading-worker-0/INFO] [mod.chiselsandbits.registrars.ModModificationOperation/]: Loaded modification operation configuration.
[28aug.2026 18:20:24.667] [modloading-worker-0/INFO] [xaero.common.HudMod/]: Loading primary common config for channel xaerominimap:main!
[28aug.2026 18:20:24.673] [modloading-worker-0/INFO] [xaero.common.HudMod/]: Loading server config profiles for channel xaerominimap:main!
[28aug.2026 18:20:24.678] [modloading-worker-0/INFO] [xaero.common.HudMod/]: Loading primary client config for channel xaerominimap:main!
[28aug.2026 18:20:24.684] [modloading-worker-0/INFO] [xaero.common.HudMod/]: Loading client config profiles for channel xaerominimap:main!
[28aug.2026 18:20:24.689] [modloading-worker-0/INFO] [mod.chiselsandbits.registrars.ModModificationOperationGroups/]: Loaded modification operation group configuration.
[28aug.2026 18:20:24.761] [modloading-worker-0/INFO] [mod.chiselsandbits.registrars.ModPatternPlacementTypes/]: Loaded pattern placement type configuration.
[28aug.2026 18:20:24.768] [modloading-worker-0/INFO] [mod.chiselsandbits.registrars.ModRecipeSerializers/]: Loaded recipe serializer configuration.
[28aug.2026 18:20:24.774] [modloading-worker-0/INFO] [mod.chiselsandbits.registrars.ModTags/]: Loaded tag configuration.
[28aug.2026 18:20:24.776] [modloading-worker-0/INFO] [mod.chiselsandbits.registrars.ModRecipeTypes/]: Registering recipe types.
[28aug.2026 18:20:24.822] [modloading-worker-0/INFO] [mod.chiselsandbits.registrars.ModChangeTypes/]: Loaded change type configuration.
[28aug.2026 18:20:24.860] [modloading-worker-0/INFO] [io.github.lightman314.lightmanscurrency.LightmansCurrency/]: Reloading config/lcompat-nodes.txt
[28aug.2026 18:20:25.012] [modloading-worker-0/INFO] [mod.chiselsandbits.registrars.ModMultiStateSnapshotTypes/]: Loaded change type configuration.
[28aug.2026 18:20:25.024] [modloading-worker-0/INFO] [mod.chiselsandbits.registrars.ModDataComponentTypes/]: Loaded data component types.
[28aug.2026 18:20:25.038] [modloading-worker-0/WARN] [mixin/]: Discarding @Unique public method useItemOn in copycats-common.mixins.json:copycat.step.CopycatStepBlockMixin from mod copycats because it already exists in com.simibubi.create.content.decoration.copycat.CopycatStepBlock
[28aug.2026 18:20:25.073] [modloading-worker-0/WARN] [mixin/]: Discarding @Unique public method onLoad in copycats-common.mixins.json:foundation.copycat.CopycatBlockEntityMixin from mod copycats because it already exists in com.simibubi.create.content.decoration.copycat.CopycatBlockEntity
[28aug.2026 18:20:25.079] [modloading-worker-0/INFO] [mod.chiselsandbits.registrars.ModEventHandler/]: Registering event handlers
[28aug.2026 18:20:25.092] [modloading-worker-0/WARN] [mixin/]: Discarding @Unique public method useItemOn in copycats-common.mixins.json:copycat.panel.CopycatPanelBlockMixin from mod copycats because it already exists in com.simibubi.create.content.decoration.copycat.CopycatPanelBlock
[28aug.2026 18:20:25.092] [modloading-worker-0/WARN] [mixin/]: Discarding @Unique public method mirror in copycats-common.mixins.json:copycat.panel.CopycatPanelBlockMixin from mod copycats because it already exists in com.simibubi.create.content.decoration.copycat.CopycatPanelBlock
[28aug.2026 18:20:25.092] [modloading-worker-0/WARN] [mixin/]: Discarding @Unique public method rotate in copycats-common.mixins.json:copycat.panel.CopycatPanelBlockMixin from mod copycats because it already exists in com.simibubi.create.content.decoration.copycat.CopycatPanelBlock
[28aug.2026 18:20:25.247] [modloading-worker-0/INFO] [Collective/]: Loading Collective version 8.39.
[28aug.2026 18:20:25.385] [modloading-worker-0/INFO] [mod.chiselsandbits.forge.Forge/]: Initialized Chisels&Bits-Forge client
[28aug.2026 18:20:25.755] [modloading-worker-0/INFO] [fzzy_config/]: Loaded config fzzy_config:keybinds in 887ms
[28aug.2026 18:20:25.983] [modloading-worker-0/WARN] [mixin/]: Discarding @Unique public method rotate in copycats-neoforge.mixins.json:foundation.copycat.multistate.MultiStateCopycatBlockMixin from mod copycats because it already exists in com.copycatsplus.copycats.foundation.copycat.multistate.MultiStateCopycatBlock
[28aug.2026 18:20:25.985] [modloading-worker-0/WARN] [mixin/]: Discarding @Unique public method mirror in copycats-neoforge.mixins.json:foundation.copycat.multistate.MultiStateCopycatBlockMixin from mod copycats because it already exists in com.copycatsplus.copycats.foundation.copycat.multistate.MultiStateCopycatBlock
[28aug.2026 18:20:25.985] [modloading-worker-0/WARN] [mixin/]: Discarding @Unique public method useItemOn in copycats-neoforge.mixins.json:foundation.copycat.multistate.MultiStateCopycatBlockMixin from mod copycats because it already exists in com.copycatsplus.copycats.foundation.copycat.multistate.MultiStateCopycatBlock
[28aug.2026 18:20:25.985] [modloading-worker-0/WARN] [mixin/]: Discarding @Unique public method useWithoutItem in copycats-neoforge.mixins.json:foundation.copycat.multistate.MultiStateCopycatBlockMixin from mod copycats because it already exists in com.copycatsplus.copycats.foundation.copycat.multistate.MultiStateCopycatBlock
[28aug.2026 18:20:26.011] [modloading-worker-0/WARN] [mixin/]: Discarding @Unique public method rotate in copycats-neoforge.mixins.json:foundation.copycat.CopycatBlockMixin from mod copycats because it already exists in com.copycatsplus.copycats.content.copycat.door.CopycatDoorBlock
[28aug.2026 18:20:26.011] [modloading-worker-0/WARN] [mixin/]: Discarding @Unique public method mirror in copycats-neoforge.mixins.json:foundation.copycat.CopycatBlockMixin from mod copycats because it already exists in com.copycatsplus.copycats.content.copycat.door.CopycatDoorBlock
[28aug.2026 18:20:26.011] [modloading-worker-0/WARN] [mixin/]: Discarding @Unique public method useItemOn in copycats-neoforge.mixins.json:foundation.copycat.CopycatBlockMixin from mod copycats because it already exists in com.copycatsplus.copycats.content.copycat.door.CopycatDoorBlock
[28aug.2026 18:20:26.011] [modloading-worker-0/WARN] [mixin/]: Discarding @Unique public method useWithoutItem in copycats-neoforge.mixins.json:foundation.copycat.CopycatBlockMixin from mod copycats because it already exists in com.copycatsplus.copycats.content.copycat.door.CopycatDoorBlock
[28aug.2026 18:20:26.020] [modloading-worker-0/WARN] [mixin/]: Discarding @Unique public method rotate in copycats-neoforge.mixins.json:foundation.copycat.CopycatBlockMixin from mod copycats because it already exists in com.copycatsplus.copycats.content.copycat.sliding_door.CopycatSlidingDoorBlock
[28aug.2026 18:20:26.020] [modloading-worker-0/WARN] [mixin/]: Discarding @Unique public method mirror in copycats-neoforge.mixins.json:foundation.copycat.CopycatBlockMixin from mod copycats because it already exists in com.copycatsplus.copycats.content.copycat.sliding_door.CopycatSlidingDoorBlock
[28aug.2026 18:20:26.020] [modloading-worker-0/WARN] [mixin/]: Discarding @Unique public method useItemOn in copycats-neoforge.mixins.json:foundation.copycat.CopycatBlockMixin from mod copycats because it already exists in com.copycatsplus.copycats.content.copycat.sliding_door.CopycatSlidingDoorBlock
[28aug.2026 18:20:26.020] [modloading-worker-0/WARN] [mixin/]: Discarding @Unique public method useWithoutItem in copycats-neoforge.mixins.json:foundation.copycat.CopycatBlockMixin from mod copycats because it already exists in com.copycatsplus.copycats.content.copycat.sliding_door.CopycatSlidingDoorBlock
[28aug.2026 18:20:26.029] [modloading-worker-0/WARN] [mixin/]: Discarding @Unique public method rotate in copycats-neoforge.mixins.json:foundation.copycat.CopycatBlockMixin from mod copycats because it already exists in com.copycatsplus.copycats.content.copycat.fluid_pipe.CopycatGlassFluidPipeBlock
[28aug.2026 18:20:26.029] [modloading-worker-0/WARN] [mixin/]: Discarding @Unique public method mirror in copycats-neoforge.mixins.json:foundation.copycat.CopycatBlockMixin from mod copycats because it already exists in com.copycatsplus.copycats.content.copycat.fluid_pipe.CopycatGlassFluidPipeBlock
[28aug.2026 18:20:26.029] [modloading-worker-0/WARN] [mixin/]: Discarding @Unique public method useItemOn in copycats-neoforge.mixins.json:foundation.copycat.CopycatBlockMixin from mod copycats because it already exists in com.copycatsplus.copycats.content.copycat.fluid_pipe.CopycatGlassFluidPipeBlock
[28aug.2026 18:20:26.029] [modloading-worker-0/WARN] [mixin/]: Discarding @Unique public method useWithoutItem in copycats-neoforge.mixins.json:foundation.copycat.CopycatBlockMixin from mod copycats because it already exists in com.copycatsplus.copycats.content.copycat.fluid_pipe.CopycatGlassFluidPipeBlock
[28aug.2026 18:20:26.053] [modloading-worker-0/INFO] [KubeJS/]: Loading vanilla registries...
[28aug.2026 18:20:26.081] [modloading-worker-0/INFO] [KubeJS/]: Looking for KubeJS plugins...
[28aug.2026 18:20:26.092] [modloading-worker-0/INFO] [KubeJS/]: Found plugin source kubejs
[28aug.2026 18:20:26.095] [modloading-worker-0/WARN] [mixin/]: Discarding @Unique public method rotate in copycats-neoforge.mixins.json:foundation.copycat.CopycatBlockMixin from mod copycats because it already exists in com.copycatsplus.copycats.foundation.copycat.CCCopycatBlock
[28aug.2026 18:20:26.095] [modloading-worker-0/WARN] [mixin/]: Discarding @Unique public method mirror in copycats-neoforge.mixins.json:foundation.copycat.CopycatBlockMixin from mod copycats because it already exists in com.copycatsplus.copycats.foundation.copycat.CCCopycatBlock
[28aug.2026 18:20:26.095] [modloading-worker-0/WARN] [mixin/]: Discarding @Unique public method useItemOn in copycats-neoforge.mixins.json:foundation.copycat.CopycatBlockMixin from mod copycats because it already exists in com.copycatsplus.copycats.foundation.copycat.CCCopycatBlock
[28aug.2026 18:20:26.095] [modloading-worker-0/WARN] [mixin/]: Discarding @Unique public method useWithoutItem in copycats-neoforge.mixins.json:foundation.copycat.CopycatBlockMixin from mod copycats because it already exists in com.copycatsplus.copycats.foundation.copycat.CCCopycatBlock
[28aug.2026 18:20:26.103] [modloading-worker-0/INFO] [Puzzles Lib/]: Constructing components for easymagic:common
[28aug.2026 18:20:26.123] [modloading-worker-0/INFO] [KubeJS/]: Found plugin source createdieselgenerators
[28aug.2026 18:20:26.181] [modloading-worker-0/INFO] [KubeJS/]: Found plugin source dg_js
[28aug.2026 18:20:26.192] [modloading-worker-0/INFO] [KubeJS/]: Found plugin source mechanicals
[28aug.2026 18:20:26.194] [modloading-worker-0/INFO] [KubeJS/]: Found plugin source kubejsdelight
[28aug.2026 18:20:26.194] [modloading-worker-0/INFO] [org.patryk3211.powergrid.PowerGrid/]: Power grid starting, prepare to be electrocuted
[28aug.2026 18:20:26.197] [modloading-worker-0/INFO] [KubeJS/]: Found plugin source tacz
[28aug.2026 18:20:26.199] [modloading-worker-0/INFO] [KubeJS/]: Found plugin source createsifter
[28aug.2026 18:20:26.202] [modloading-worker-0/INFO] [KubeJS/]: Found plugin source kubejs_create
[28aug.2026 18:20:26.205] [modloading-worker-0/INFO] [KubeJS/]: Found plugin source createpropulsion
[28aug.2026 18:20:26.208] [modloading-worker-0/INFO] [KubeJS/]: Done in 125.2 ms
[28aug.2026 18:20:26.211] [modloading-worker-0/INFO] [xaero.lib.XaeroLib/]: Registering common data for channel xaerolib:main!
[28aug.2026 18:20:26.214] [modloading-worker-0/INFO] [xaero.lib.XaeroLib/]: Registering client data for channel xaerolib:main!
[28aug.2026 18:20:26.216] [modloading-worker-0/INFO] [xaero.lib.XaeroLib/]: Loading primary common config for channel xaerolib:main!
[28aug.2026 18:20:26.222] [modloading-worker-0/INFO] [xaero.lib.XaeroLib/]: Loading server config profiles for channel xaerolib:main!
[28aug.2026 18:20:26.222] [modloading-worker-0/WARN] [mixin/]: Discarding @Unique public method rotate in copycats-neoforge.mixins.json:foundation.copycat.CopycatBlockMixin from mod copycats because it already exists in com.copycatsplus.copycats.content.copycat.button.CopycatButtonBlock
[28aug.2026 18:20:26.222] [modloading-worker-0/WARN] [mixin/]: Discarding @Unique public method mirror in copycats-neoforge.mixins.json:foundation.copycat.CopycatBlockMixin from mod copycats because it already exists in com.copycatsplus.copycats.content.copycat.button.CopycatButtonBlock
[28aug.2026 18:20:26.222] [modloading-worker-0/WARN] [mixin/]: Discarding @Unique public method useItemOn in copycats-neoforge.mixins.json:foundation.copycat.CopycatBlockMixin from mod copycats because it already exists in com.copycatsplus.copycats.content.copycat.button.CopycatButtonBlock
[28aug.2026 18:20:26.222] [modloading-worker-0/WARN] [mixin/]: Discarding @Unique public method useWithoutItem in copycats-neoforge.mixins.json:foundation.copycat.CopycatBlockMixin from mod copycats because it already exists in com.copycatsplus.copycats.content.copycat.button.CopycatButtonBlock
[28aug.2026 18:20:26.223] [modloading-worker-0/INFO] [org.patryk3211.powergrid.PowerGrid/]: Native backend loaded successfully
[28aug.2026 18:20:26.227] [modloading-worker-0/INFO] [xaero.lib.XaeroLib/]: Loading primary client config for channel xaerolib:main!
[28aug.2026 18:20:26.231] [modloading-worker-0/INFO] [xaero.lib.XaeroLib/]: Loading client config profiles for channel xaerolib:main!
[28aug.2026 18:20:26.244] [modloading-worker-0/INFO] [fzzy_config/]: Loaded config :particle_core_config in 179ms
[28aug.2026 18:20:26.267] [modloading-worker-0/INFO] [Puzzles Lib/]: Dispatching loading event for config easymagic-client.toml
[28aug.2026 18:20:26.284] [modloading-worker-0/WARN] [mixin/]: Discarding @Unique public method rotate in copycats-neoforge.mixins.json:foundation.copycat.CopycatBlockMixin from mod copycats because it already exists in com.copycatsplus.copycats.content.copycat.fence.CopycatFenceBlock
[28aug.2026 18:20:26.284] [modloading-worker-0/WARN] [mixin/]: Discarding @Unique public method mirror in copycats-neoforge.mixins.json:foundation.copycat.CopycatBlockMixin from mod copycats because it already exists in com.copycatsplus.copycats.content.copycat.fence.CopycatFenceBlock
[28aug.2026 18:20:26.284] [modloading-worker-0/WARN] [mixin/]: Discarding @Unique public method useItemOn in copycats-neoforge.mixins.json:foundation.copycat.CopycatBlockMixin from mod copycats because it already exists in com.copycatsplus.copycats.content.copycat.fence.CopycatFenceBlock
[28aug.2026 18:20:26.284] [modloading-worker-0/WARN] [mixin/]: Discarding @Unique public method useWithoutItem in copycats-neoforge.mixins.json:foundation.copycat.CopycatBlockMixin from mod copycats because it already exists in com.copycatsplus.copycats.content.copycat.fence.CopycatFenceBlock
[28aug.2026 18:20:26.289] [modloading-worker-0/INFO] [Puzzles Lib/]: Dispatching loading event for config easymagic-common.toml
[28aug.2026 18:20:26.293] [modloading-worker-0/INFO] [net.minecraft.server.LoggedPrintStream/]: [STDOUT]: [TRender] Initializing Client...
[28aug.2026 18:20:26.324] [modloading-worker-0/WARN] [mixin/]: Discarding @Unique public method rotate in copycats-neoforge.mixins.json:foundation.copycat.CopycatBlockMixin from mod copycats because it already exists in com.copycatsplus.copycats.content.copycat.fence_gate.CopycatFenceGateBlock
[28aug.2026 18:20:26.324] [modloading-worker-0/WARN] [mixin/]: Discarding @Unique public method mirror in copycats-neoforge.mixins.json:foundation.copycat.CopycatBlockMixin from mod copycats because it already exists in com.copycatsplus.copycats.content.copycat.fence_gate.CopycatFenceGateBlock
[28aug.2026 18:20:26.324] [modloading-worker-0/WARN] [mixin/]: Discarding @Unique public method useItemOn in copycats-neoforge.mixins.json:foundation.copycat.CopycatBlockMixin from mod copycats because it already exists in com.copycatsplus.copycats.content.copycat.fence_gate.CopycatFenceGateBlock
[28aug.2026 18:20:26.325] [modloading-worker-0/WARN] [mixin/]: Discarding @Unique public method useWithoutItem in copycats-neoforge.mixins.json:foundation.copycat.CopycatBlockMixin from mod copycats because it already exists in com.copycatsplus.copycats.content.copycat.fence_gate.CopycatFenceGateBlock
[28aug.2026 18:20:26.349] [modloading-worker-0/INFO] [NoChatRestrictions/]: NoChatRestrictions NeoForge mod initialized!
[28aug.2026 18:20:26.404] [modloading-worker-0/WARN] [mixin/]: Discarding @Unique public method rotate in copycats-neoforge.mixins.json:foundation.copycat.CopycatBlockMixin from mod copycats because it already exists in com.copycatsplus.copycats.content.copycat.ladder.CopycatLadderBlock
[28aug.2026 18:20:26.405] [modloading-worker-0/WARN] [mixin/]: Discarding @Unique public method mirror in copycats-neoforge.mixins.json:foundation.copycat.CopycatBlockMixin from mod copycats because it already exists in com.copycatsplus.copycats.content.copycat.ladder.CopycatLadderBlock
[28aug.2026 18:20:26.405] [modloading-worker-0/WARN] [mixin/]: Discarding @Unique public method useItemOn in copycats-neoforge.mixins.json:foundation.copycat.CopycatBlockMixin from mod copycats because it already exists in com.copycatsplus.copycats.content.copycat.ladder.CopycatLadderBlock
[28aug.2026 18:20:26.405] [modloading-worker-0/WARN] [mixin/]: Discarding @Unique public method useWithoutItem in copycats-neoforge.mixins.json:foundation.copycat.CopycatBlockMixin from mod copycats because it already exists in com.copycatsplus.copycats.content.copycat.ladder.CopycatLadderBlock
[28aug.2026 18:20:26.405] [modloading-worker-0/INFO] [com.happysg.radar.CreateRadar/]: Initializing Create Radar!
[28aug.2026 18:20:26.435] [modloading-worker-0/WARN] [mixin/]: Discarding @Unique public method rotate in copycats-neoforge.mixins.json:foundation.copycat.CopycatBlockMixin from mod copycats because it already exists in com.copycatsplus.copycats.content.copycat.pressure_plate.CopycatPressurePlateBlock
[28aug.2026 18:20:26.436] [modloading-worker-0/WARN] [mixin/]: Discarding @Unique public method mirror in copycats-neoforge.mixins.json:foundation.copycat.CopycatBlockMixin from mod copycats because it already exists in com.copycatsplus.copycats.content.copycat.pressure_plate.CopycatPressurePlateBlock
[28aug.2026 18:20:26.436] [modloading-worker-0/WARN] [mixin/]: Discarding @Unique public method useItemOn in copycats-neoforge.mixins.json:foundation.copycat.CopycatBlockMixin from mod copycats because it already exists in com.copycatsplus.copycats.content.copycat.pressure_plate.CopycatPressurePlateBlock
[28aug.2026 18:20:26.436] [modloading-worker-0/WARN] [mixin/]: Discarding @Unique public method useWithoutItem in copycats-neoforge.mixins.json:foundation.copycat.CopycatBlockMixin from mod copycats because it already exists in com.copycatsplus.copycats.content.copycat.pressure_plate.CopycatPressurePlateBlock
[28aug.2026 18:20:26.437] [modloading-worker-0/INFO] [Puzzles Lib/]: Constructing components for easymagic:client
[28aug.2026 18:20:26.445] [modloading-worker-0/INFO] [com.happysg.radar.CreateRadar/]: Registering Items!
[28aug.2026 18:20:26.464] [modloading-worker-0/WARN] [mixin/]: Discarding @Unique public method rotate in copycats-neoforge.mixins.json:foundation.copycat.CopycatBlockMixin from mod copycats because it already exists in com.copycatsplus.copycats.content.copycat.pressure_plate.CopycatWeightedPressurePlate
[28aug.2026 18:20:26.465] [modloading-worker-0/WARN] [mixin/]: Discarding @Unique public method mirror in copycats-neoforge.mixins.json:foundation.copycat.CopycatBlockMixin from mod copycats because it already exists in com.copycatsplus.copycats.content.copycat.pressure_plate.CopycatWeightedPressurePlate
[28aug.2026 18:20:26.465] [modloading-worker-0/WARN] [mixin/]: Discarding @Unique public method useItemOn in copycats-neoforge.mixins.json:foundation.copycat.CopycatBlockMixin from mod copycats because it already exists in com.copycatsplus.copycats.content.copycat.pressure_plate.CopycatWeightedPressurePlate
[28aug.2026 18:20:26.465] [modloading-worker-0/WARN] [mixin/]: Discarding @Unique public method useWithoutItem in copycats-neoforge.mixins.json:foundation.copycat.CopycatBlockMixin from mod copycats because it already exists in com.copycatsplus.copycats.content.copycat.pressure_plate.CopycatWeightedPressurePlate
[28aug.2026 18:20:26.514] [modloading-worker-0/WARN] [mixin/]: Discarding @Unique public method rotate in copycats-neoforge.mixins.json:foundation.copycat.CopycatBlockMixin from mod copycats because it already exists in com.copycatsplus.copycats.content.copycat.stairs.CopycatStairsBlock
[28aug.2026 18:20:26.514] [modloading-worker-0/WARN] [mixin/]: Discarding @Unique public method mirror in copycats-neoforge.mixins.json:foundation.copycat.CopycatBlockMixin from mod copycats because it already exists in com.copycatsplus.copycats.content.copycat.stairs.CopycatStairsBlock
[28aug.2026 18:20:26.515] [modloading-worker-0/WARN] [mixin/]: Discarding @Unique public method useItemOn in copycats-neoforge.mixins.json:foundation.copycat.CopycatBlockMixin from mod copycats because it already exists in com.copycatsplus.copycats.content.copycat.stairs.CopycatStairsBlock
[28aug.2026 18:20:26.515] [modloading-worker-0/WARN] [mixin/]: Discarding @Unique public method useWithoutItem in copycats-neoforge.mixins.json:foundation.copycat.CopycatBlockMixin from mod copycats because it already exists in com.copycatsplus.copycats.content.copycat.stairs.CopycatStairsBlock
[28aug.2026 18:20:26.528] [modloading-worker-0/INFO] [Puzzles Lib/]: Constructing components for cutthrough:common
[28aug.2026 18:20:26.531] [modloading-worker-0/INFO] [Puzzles Lib/]: Dispatching loading event for config cutthrough-client.toml
[28aug.2026 18:20:26.535] [modloading-worker-0/INFO] [Puzzles Lib/]: Constructing components for cutthrough:client
[28aug.2026 18:20:26.546] [modloading-worker-0/WARN] [mixin/]: Discarding @Unique public method rotate in copycats-neoforge.mixins.json:foundation.copycat.CopycatBlockMixin from mod copycats because it already exists in com.copycatsplus.copycats.content.copycat.trapdoor.CopycatTrapdoorBlock
[28aug.2026 18:20:26.546] [modloading-worker-0/WARN] [mixin/]: Discarding @Unique public method mirror in copycats-neoforge.mixins.json:foundation.copycat.CopycatBlockMixin from mod copycats because it already exists in com.copycatsplus.copycats.content.copycat.trapdoor.CopycatTrapdoorBlock
[28aug.2026 18:20:26.546] [modloading-worker-0/WARN] [mixin/]: Discarding @Unique public method useItemOn in copycats-neoforge.mixins.json:foundation.copycat.CopycatBlockMixin from mod copycats because it already exists in com.copycatsplus.copycats.content.copycat.trapdoor.CopycatTrapdoorBlock
[28aug.2026 18:20:26.546] [modloading-worker-0/WARN] [mixin/]: Discarding @Unique public method useWithoutItem in copycats-neoforge.mixins.json:foundation.copycat.CopycatBlockMixin from mod copycats because it already exists in com.copycatsplus.copycats.content.copycat.trapdoor.CopycatTrapdoorBlock
[28aug.2026 18:20:26.578] [modloading-worker-0/WARN] [mixin/]: Discarding @Unique public method rotate in copycats-neoforge.mixins.json:foundation.copycat.CopycatBlockMixin from mod copycats because it already exists in com.copycatsplus.copycats.content.copycat.wall.CopycatWallBlock
[28aug.2026 18:20:26.578] [modloading-worker-0/WARN] [mixin/]: Discarding @Unique public method mirror in copycats-neoforge.mixins.json:foundation.copycat.CopycatBlockMixin from mod copycats because it already exists in com.copycatsplus.copycats.content.copycat.wall.CopycatWallBlock
[28aug.2026 18:20:26.578] [modloading-worker-0/WARN] [mixin/]: Discarding @Unique public method useItemOn in copycats-neoforge.mixins.json:foundation.copycat.CopycatBlockMixin from mod copycats because it already exists in com.copycatsplus.copycats.content.copycat.wall.CopycatWallBlock
[28aug.2026 18:20:26.578] [modloading-worker-0/WARN] [mixin/]: Discarding @Unique public method useWithoutItem in copycats-neoforge.mixins.json:foundation.copycat.CopycatBlockMixin from mod copycats because it already exists in com.copycatsplus.copycats.content.copycat.wall.CopycatWallBlock
[28aug.2026 18:20:26.579] [modloading-worker-0/INFO] [com.happysg.radar.CreateRadar/]: Registering blocks!
[28aug.2026 18:20:26.640] [modloading-worker-0/INFO] [com.happysg.radar.CreateRadar/]: Registering block entity types!
[28aug.2026 18:20:26.640] [modloading-worker-0/WARN] [mixin/]: Discarding @Unique public method rotate in copycats-neoforge.mixins.json:foundation.copycat.CopycatBlockMixin from mod copycats because it already exists in com.copycatsplus.copycats.content.copycat.shaft.CopycatShaftBlock
[28aug.2026 18:20:26.640] [modloading-worker-0/WARN] [mixin/]: Discarding @Unique public method mirror in copycats-neoforge.mixins.json:foundation.copycat.CopycatBlockMixin from mod copycats because it already exists in com.copycatsplus.copycats.content.copycat.shaft.CopycatShaftBlock
[28aug.2026 18:20:26.640] [modloading-worker-0/WARN] [mixin/]: Discarding @Unique public method useItemOn in copycats-neoforge.mixins.json:foundation.copycat.CopycatBlockMixin from mod copycats because it already exists in com.copycatsplus.copycats.content.copycat.shaft.CopycatShaftBlock
[28aug.2026 18:20:26.640] [modloading-worker-0/WARN] [mixin/]: Discarding @Unique public method useWithoutItem in copycats-neoforge.mixins.json:foundation.copycat.CopycatBlockMixin from mod copycats because it already exists in com.copycatsplus.copycats.content.copycat.shaft.CopycatShaftBlock
[28aug.2026 18:20:26.651] [modloading-worker-0/INFO] [com.happysg.radar.CreateRadar/]: Registering CreativeTabs!
[28aug.2026 18:20:26.653] [modloading-worker-0/INFO] [com.happysg.radar.CreateRadar/]: Registering Lang!
[28aug.2026 18:20:26.656] [modloading-worker-0/INFO] [net.blay09.mods.balm.neoforge.config.NeoForgeBalmConfig/]: Registering config for waystones:common (COMMON) with 38 properties.
[28aug.2026 18:20:26.671] [modloading-worker-0/WARN] [mixin/]: Discarding @Unique public method rotate in copycats-neoforge.mixins.json:foundation.copycat.multistate.MultiStateCopycatBlockMixin from mod copycats because it already exists in com.copycatsplus.copycats.content.copycat.cogwheel.CopycatCogWheelBlock
[28aug.2026 18:20:26.671] [modloading-worker-0/WARN] [mixin/]: Discarding @Unique public method mirror in copycats-neoforge.mixins.json:foundation.copycat.multistate.MultiStateCopycatBlockMixin from mod copycats because it already exists in com.copycatsplus.copycats.content.copycat.cogwheel.CopycatCogWheelBlock
[28aug.2026 18:20:26.672] [modloading-worker-0/WARN] [mixin/]: Discarding @Unique public method useItemOn in copycats-neoforge.mixins.json:foundation.copycat.multistate.MultiStateCopycatBlockMixin from mod copycats because it already exists in com.copycatsplus.copycats.content.copycat.cogwheel.CopycatCogWheelBlock
[28aug.2026 18:20:26.672] [modloading-worker-0/WARN] [mixin/]: Discarding @Unique public method useWithoutItem in copycats-neoforge.mixins.json:foundation.copycat.multistate.MultiStateCopycatBlockMixin from mod copycats because it already exists in com.copycatsplus.copycats.content.copycat.cogwheel.CopycatCogWheelBlock
[28aug.2026 18:20:26.690] [modloading-worker-0/INFO] [com.happysg.radar.CreateRadar/]: Registering Peripherals!
[28aug.2026 18:20:26.694] [modloading-worker-0/INFO] [Railways/]: Registered bogey styles from railways
[28aug.2026 18:20:26.699] [modloading-worker-0/INFO] [ls_furniture/]: Initializing config registry for Furnection
[28aug.2026 18:20:26.708] [modloading-worker-0/WARN] [mixin/]: Discarding @Unique public method rotate in copycats-neoforge.mixins.json:foundation.copycat.CopycatBlockMixin from mod copycats because it already exists in com.copycatsplus.copycats.content.copycat.fluid_pipe.CopycatFluidPipeBlock
[28aug.2026 18:20:26.708] [modloading-worker-0/WARN] [mixin/]: Discarding @Unique public method mirror in copycats-neoforge.mixins.json:foundation.copycat.CopycatBlockMixin from mod copycats because it already exists in com.copycatsplus.copycats.content.copycat.fluid_pipe.CopycatFluidPipeBlock
[28aug.2026 18:20:26.708] [modloading-worker-0/WARN] [mixin/]: Discarding @Unique public method useItemOn in copycats-neoforge.mixins.json:foundation.copycat.CopycatBlockMixin from mod copycats because it already exists in com.copycatsplus.copycats.content.copycat.fluid_pipe.CopycatFluidPipeBlock
[28aug.2026 18:20:26.708] [modloading-worker-0/WARN] [mixin/]: Discarding @Unique public method useWithoutItem in copycats-neoforge.mixins.json:foundation.copycat.CopycatBlockMixin from mod copycats because it already exists in com.copycatsplus.copycats.content.copycat.fluid_pipe.CopycatFluidPipeBlock
[28aug.2026 18:20:26.741] [modloading-worker-0/WARN] [mixin/]: Discarding @Unique public method rotate in copycats-neoforge.mixins.json:foundation.copycat.CopycatBlockMixin from mod copycats because it already exists in com.copycatsplus.copycats.content.copycat.pane.CopycatPaneBlock
[28aug.2026 18:20:26.741] [modloading-worker-0/WARN] [mixin/]: Discarding @Unique public method mirror in copycats-neoforge.mixins.json:foundation.copycat.CopycatBlockMixin from mod copycats because it already exists in com.copycatsplus.copycats.content.copycat.pane.CopycatPaneBlock
[28aug.2026 18:20:26.741] [modloading-worker-0/WARN] [mixin/]: Discarding @Unique public method useItemOn in copycats-neoforge.mixins.json:foundation.copycat.CopycatBlockMixin from mod copycats because it already exists in com.copycatsplus.copycats.content.copycat.pane.CopycatPaneBlock
[28aug.2026 18:20:26.741] [modloading-worker-0/WARN] [mixin/]: Discarding @Unique public method useWithoutItem in copycats-neoforge.mixins.json:foundation.copycat.CopycatBlockMixin from mod copycats because it already exists in com.copycatsplus.copycats.content.copycat.pane.CopycatPaneBlock
[28aug.2026 18:20:26.741] [modloading-worker-0/INFO] [coroutil/]: neo forge loader environment detected
[28aug.2026 18:20:26.823] [modloading-worker-0/WARN] [mixin/]: Discarding @Unique public method onLoad in copycats-neoforge.mixins.json:foundation.copycat.CopycatBlockEntityMixin from mod copycats because it already exists in com.copycatsplus.copycats.foundation.copycat.CCCopycatBlockEntity
[28aug.2026 18:20:26.834] [modloading-worker-0/WARN] [mixin/]: Discarding @Unique public method onLoad in copycats-neoforge.mixins.json:foundation.copycat.multistate.MultiStateCopycatBlockEntityMixin from mod copycats because it already exists in com.copycatsplus.copycats.foundation.copycat.multistate.MultiStateCopycatBlockEntity
[28aug.2026 18:20:26.864] [modloading-worker-0/WARN] [mixin/]: Discarding @Unique public method onLoad in copycats-neoforge.mixins.json:foundation.copycat.CopycatBlockEntityMixin from mod copycats because it already exists in com.copycatsplus.copycats.content.copycat.shaft.CopycatShaftBlockEntity
[28aug.2026 18:20:26.876] [modloading-worker-0/WARN] [mixin/]: Discarding @Unique public method onLoad in copycats-neoforge.mixins.json:foundation.copycat.multistate.MultiStateCopycatBlockEntityMixin from mod copycats because it already exists in com.copycatsplus.copycats.content.copycat.cogwheel.CopycatCogWheelBlockEntity
[28aug.2026 18:20:26.884] [modloading-worker-0/WARN] [mixin/]: Discarding @Unique public method onLoad in copycats-neoforge.mixins.json:foundation.copycat.CopycatBlockEntityMixin from mod copycats because it already exists in com.copycatsplus.copycats.content.copycat.fluid_pipe.CopycatFluidPipeBlockEntity
[28aug.2026 18:20:26.892] [modloading-worker-0/WARN] [mixin/]: Discarding @Unique public method onLoad in copycats-neoforge.mixins.json:foundation.copycat.CopycatBlockEntityMixin from mod copycats because it already exists in com.copycatsplus.copycats.content.copycat.fluid_pipe.CopycatStraightPipeBlockEntity
[28aug.2026 18:20:26.903] [modloading-worker-0/WARN] [mixin/]: Discarding @Unique public method onLoad in copycats-neoforge.mixins.json:foundation.copycat.CopycatBlockEntityMixin from mod copycats because it already exists in com.copycatsplus.copycats.content.copycat.sliding_door.CopycatSlidingDoorBlockEntity
[28aug.2026 18:20:26.933] [modloading-worker-0/INFO] [YetAnotherConfigLib/]: Deserializing YACLConfig from 'C:\Users\Nvv\AppData\Roaming\ModrinthApp\profiles\NVPack Reloaded\config\yacl.json5'
[28aug.2026 18:20:26.956] [modloading-worker-0/INFO] [com.yyon.grapplinghook.GrappleMod/]: [Grapplemod] NeoForge entrypoint running.
[28aug.2026 18:20:26.988] [modloading-worker-0/INFO] [net.minecraft.server.LoggedPrintStream/]: [STDOUT]: TEST
[28aug.2026 18:20:26.990] [modloading-worker-0/INFO] [net.minecraft.server.LoggedPrintStream/]: [STDOUT]: TEST2
[28aug.2026 18:20:27.114] [modloading-worker-0/INFO] [YetAnotherConfigLib/]: Deserializing GrappleModCommonConfig from 'C:\Users\Nvv\AppData\Roaming\ModrinthApp\profiles\NVPack Reloaded\config\grapplemod-common.json'
[28aug.2026 18:20:27.122] [modloading-worker-0/WARN] [com.yyon.grapplinghook.GrappleMod/]: Tried to broadcast packet while no server was running.
[28aug.2026 18:20:27.122] [modloading-worker-0/INFO] [com.yyon.grapplinghook.GrappleMod/]: Using client-provided common config.
[28aug.2026 18:20:27.125] [modloading-worker-0/INFO] [com.yyon.grapplinghook.GrappleMod/]: Registering item data components
[28aug.2026 18:20:27.150] [modloading-worker-0/INFO] [com.simibubi.create.Create/]: Create 6.0.10 initializing! Commit hash: ac0c444d9828da3453ae8cc65338e8de063286fb
[28aug.2026 18:20:27.158] [modloading-worker-0/INFO] [com.yyon.grapplinghook.GrappleMod/]: Defining armour material: grapplemod:long_fall_boot_ish
[28aug.2026 18:20:27.297] [modloading-worker-0/INFO] [Railways/]: Registering data fixers
[28aug.2026 18:20:27.306] [modloading-worker-0/INFO] [com.yyon.grapplinghook.GrappleMod/]: Registering Mod Menus
[28aug.2026 18:20:27.451] [modloading-worker-0/INFO] [com.yyon.grapplinghook.GrappleMod/]: Re-assigning datapack reload listener...
[28aug.2026 18:20:27.453] [modloading-worker-0/INFO] [com.yyon.grapplinghook.GrappleMod/]: Loading default data packs...
[28aug.2026 18:20:27.455] [modloading-worker-0/INFO] [com.yyon.grapplinghook.GrappleMod/]: All done with datapacks!
[28aug.2026 18:20:27.467] [modloading-worker-0/INFO] [YetAnotherConfigLib/]: Deserializing GrappleModClientConfig from 'C:\Users\Nvv\AppData\Roaming\ModrinthApp\profiles\NVPack Reloaded\config\grapplemod-client.json'
[28aug.2026 18:20:27.500] [modloading-worker-0/INFO] [com.yyon.grapplinghook.GrappleMod/]: Getting Model Layer Location: minecraft:long_fall_boots#armor
[28aug.2026 18:20:27.512] [modloading-worker-0/INFO] [com.yyon.grapplinghook.GrappleMod/]: Known Layers: [minecraft:piglin_head#main, minecraft:ravager#main, minecraft:skeleton_horse#main, minecraft:zombie_horse#main, minecraft:sheep#main, minecraft:giant#inner_armor, minecraft:ocelot#main, minecraft:player_slim#inner_armor, minecraft:player#outer_armor, minecraft:sheep#fur, minecraft:piglin_brute#outer_armor, minecraft:bed_head#main, minecraft:fox#main, minecraft:stray#inner_armor, minecraft:tropical_fish_large#main, minecraft:chest_minecart#main, minecraft:turtle#main, minecraft:hopper_minecart#main, minecraft:breeze#main, minecraft:bogged#outer_armor, minecraft:allay#main, minecraft:bell#main, minecraft:endermite#main, minecraft:wither_skeleton_skull#main, minecraft:zombified_piglin#inner_armor, minecraft:breeze_wind#main, minecraft:stray#outer, minecraft:evoker#main, minecraft:cat#main, minecraft:tropical_fish_small#main, minecraft:witch#main, minecraft:command_block_minecart#main, minecraft:bogged#main, minecraft:evoker_fangs#main, minecraft:pig#saddle, minecraft:hoglin#main, minecraft:wither#armor, minecraft:zombie_villager#inner_armor, minecraft:mooshroom#main, minecraft:vindicator#main, minecraft:cat#collar, minecraft:slime#main, minecraft:shield#main, minecraft:horse#main, minecraft:spawner_minecart#main, minecraft:skeleton_skull#main, minecraft:drowned#outer, minecraft:panda#main, minecraft:piglin_brute#main, minecraft:trident#main, minecraft:villager#main, minecraft:guardian#main, minecraft:conduit#eye, minecraft:double_chest_left#main, minecraft:tropical_fish_large#pattern, minecraft:conduit#wind, minecraft:armor_stand#inner_armor, minecraft:enderman#main, minecraft:husk#main, minecraft:piglin#outer_armor, minecraft:salmon#main, minecraft:silverfish#main, minecraft:glow_squid#main, minecraft:illusioner#main, minecraft:spin_attack#main, minecraft:wither#main, minecraft:shulker_bullet#main, minecraft:cave_spider#main, minecraft:skeleton#outer_armor, minecraft:creeper_head#main, minecraft:wolf_armor#main, minecraft:llama_spit#main, minecraft:zombie_head#main, minecraft:mule#main, minecraft:pig#main, minecraft:chicken#main, minecraft:phantom#main, minecraft:tadpole#main, minecraft:wither_skull#main, minecraft:spider#main, minecraft:zombie#outer_armor, minecraft:husk#inner_armor, minecraft:dolphin#main, minecraft:leash_knot#main, minecraft:double_chest_right#main, minecraft:pufferfish_small#main, minecraft:zombified_piglin#outer_armor, minecraft:horse_armor#main, minecraft:drowned#main, minecraft:zombie_villager#outer_armor, minecraft:squid#main, minecraft:goat#main, minecraft:bat#main, minecraft:banner#main, minecraft:strider#saddle, minecraft:bogged#outer, minecraft:decorated_pot_sides#main, minecraft:end_crystal#main, minecraft:piglin#main, minecraft:zoglin#main, minecraft:strider#main, minecraft:giant#outer_armor, minecraft:player_slim#outer_armor, minecraft:parrot#main, minecraft:snow_golem#main, minecraft:cod#main, minecraft:zombie#main, minecraft:ender_dragon#main, minecraft:elytra#main, minecraft:wither_skeleton#inner_armor, minecraft:trader_llama#main, minecraft:piglin_brute#inner_armor, minecraft:player_head#main, minecraft:chest#main, minecraft:dragon_skull#main, minecraft:slime#outer, minecraft:zombified_piglin#main, minecraft:iron_golem#main, minecraft:warden#main, minecraft:wither_skeleton#main, minecraft:tropical_fish_small#pattern, minecraft:conduit#cage, minecraft:elder_guardian#main, minecraft:skeleton#main, minecraft:stray#outer_armor, minecraft:camel#main, minecraft:sniffer#main, minecraft:armor_stand#main, minecraft:decorated_pot_base#main, minecraft:skeleton#inner_armor, minecraft:creeper#main, minecraft:pufferfish_medium#main, minecraft:zombie_villager#main, minecraft:bogged#inner_armor, minecraft:blaze#main, minecraft:giant#main, minecraft:long_fall_boots#armor, minecraft:player_slim#main, minecraft:stray#main, minecraft:piglin#inner_armor, minecraft:pufferfish_big#main, minecraft:donkey#main, minecraft:drowned#inner_armor, minecraft:tnt_minecart#main, minecraft:cow#main, minecraft:llama#decor, minecraft:drowned#outer_armor, minecraft:magma_cube#main, minecraft:pillager#main, minecraft:bee#main, minecraft:bed_foot#main, minecraft:vex#main, minecraft:frog#main, minecraft:wolf#main, minecraft:axolotl#main, minecraft:creeper#armor, minecraft:rabbit#main, minecraft:llama#main, minecraft:armor_stand#outer_armor, minecraft:polar_bear#main, minecraft:husk#outer_armor, minecraft:wind_charge#main, minecraft:zombie#inner_armor, minecraft:conduit#shell, minecraft:furnace_minecart#main, minecraft:armadillo#main, minecraft:ghast#main, minecraft:player#inner_armor, minecraft:shulker#main, minecraft:player#main, minecraft:minecart#main, minecraft:book#main, minecraft:wandering_trader#main, minecraft:wither_skeleton#outer_armor]
[28aug.2026 18:20:28.247] [modloading-worker-0/INFO] [KubeJS Startup/]: startup_scripts:main.js#2: Hello, World! (Loaded startup example script)
[28aug.2026 18:20:28.249] [modloading-worker-0/INFO] [KubeJS Startup/]: Loaded script startup_scripts:main.js in 0.129 s
[28aug.2026 18:20:28.252] [modloading-worker-0/INFO] [KubeJS Startup/]: Loaded 1/1 KubeJS startup scripts in 2.006 s with 0 errors and 0 warnings
[28aug.2026 18:20:28.271] [modloading-worker-0/INFO] [KubeJS Client/]: Loaded 0/0 KubeJS client scripts in 0.017 s with 0 errors and 0 warnings
[28aug.2026 18:20:28.278] [modloading-worker-0/INFO] [KubeJS Startup/]: Validated 2 files in kubejs/assets/ in 2ms
[28aug.2026 18:20:28.279] [modloading-worker-0/INFO] [KubeJS Startup/]: Validated 0 files in kubejs/data/ in 0ms
[28aug.2026 18:20:28.974] [modloading-worker-0/INFO] [com.weaversworkshop.grapplemod.compat.create.CreateCompatNeoForgeEntrypoint/]: [Grapple <-> Create] Entrypoint running (NeoForge).
[28aug.2026 18:20:28.974] [modloading-worker-0/INFO] [dev.kdevy.createrainfix.CreateRainFix/]: Create Rain Fix initialized
[28aug.2026 18:20:28.974] [modloading-worker-0/INFO] [com.weaversworkshop.grapplemod.compat.create.CreateCompatNeoForgeEntrypoint/]: [Grapple <-> Create] 'create' detected; loading integration module.
[28aug.2026 18:20:28.976] [modloading-worker-0/INFO] [com.weaversworkshop.grapplemod.compat.create.CreateCompatModule/]: [Grapple <-> Create] Integration module initializing.
[28aug.2026 18:20:28.976] [modloading-worker-0/INFO] [com.moshi.createbacktanktrims.CreateBacktankTrims/]: Create: Backtank Trims loaded - Create armor can now be trimmed.
[28aug.2026 18:20:28.977] [modloading-worker-0/INFO] [Create: Interiors/]: Create: Interiors v0.6.1 initializing! Create version: 6.0.10 on platform: NeoForge
[28aug.2026 18:20:28.980] [modloading-worker-0/INFO] [dev.lapt.nowheel.NowheelMod/]: Nowheel loaded
[28aug.2026 18:20:28.985] [modloading-worker-0/INFO] [com.yyon.grapplinghook.GrappleMod/]: Contraption integration installed: com.weaversworkshop.grapplemod.compat.create.CreateContraptionIntegration
[28aug.2026 18:20:28.986] [modloading-worker-0/INFO] [com.weaversworkshop.grapplemod.compat.create.CreateCompatNeoForgeEntrypoint/]: [Grapple <-> Create] SPI integration module loaded SUCCESSFULLY.
[28aug.2026 18:20:29.044] [modloading-worker-0/INFO] [Create Stats and Numbers/]: Create Stats and Numbers initializing!
[28aug.2026 18:20:29.072] [modloading-worker-0/INFO] [dev.ryanhcode.sable.Sable/]: Sable loaded!
[28aug.2026 18:20:29.073] [modloading-worker-0/INFO] [dev.averageanime.neoforge.CreateFood/]: Create: Food - Registering Items
[28aug.2026 18:20:29.104] [modloading-worker-0/WARN] [dev.ryanhcode.sable.Sable/]: NOTE: Sable is loaded with Flywheel. Sable contains extensive shader overrides and a full light-storage replacement. Expect this to cause compatibility issues. If issues arise, please report them to the Sable issue tracker (https://github.com/ryanhcode/sable/issues) instead of the Flywheel issue tracker.
[28aug.2026 18:20:29.106] [modloading-worker-0/INFO] [gravestone_sable_compat/]: Gravestone Sable Compat loaded — graves will now follow Sable sub-levels.
[28aug.2026 18:20:29.107] [modloading-worker-0/INFO] [dev.mgcode.sablejade.SableJadeMod/]: Loading sablejade
[28aug.2026 18:20:29.180] [modloading-worker-0/INFO] [com.weaversworkshop.grapplemod.compat.sable.SableCompatNeoForgeEntrypoint/]: [Grapple <-> Sable] Entrypoint running (NeoForge).
[28aug.2026 18:20:29.181] [modloading-worker-0/INFO] [com.weaversworkshop.grapplemod.compat.sable.SableCompatNeoForgeEntrypoint/]: [Grapple <-> Sable] 'sable' detected; loading integration module.
[28aug.2026 18:20:29.184] [modloading-worker-0/INFO] [com.weaversworkshop.grapplemod.compat.sable.SableCompatModule/]: [Grapple <-> Sable] Integration module initializing.
[28aug.2026 18:20:29.194] [modloading-worker-0/INFO] [com.yyon.grapplinghook.GrappleMod/]: Sub-level integration installed: com.weaversworkshop.grapplemod.compat.sable.SableSubLevelIntegration
[28aug.2026 18:20:29.196] [modloading-worker-0/INFO] [com.weaversworkshop.grapplemod.compat.sable.SableCompatNeoForgeEntrypoint/]: [Grapple <-> Sable] SPI integration module loaded SUCCESSFULLY.
[28aug.2026 18:20:29.197] [modloading-worker-0/INFO] [com.weaversworkshop.grapplemod.compat.sable.SableClientModule/]: [Grapple <-> Sable] Client module reusing integration instance from main module: com.weaversworkshop.grapplemod.compat.sable.SableSubLevelIntegration
[28aug.2026 18:20:29.201] [modloading-worker-0/INFO] [com.weaversworkshop.grapplemod.compat.sable.SableClientModule/]: [Grapple <-> Sable] Client sub-level tracking registered on ClientTickEvents.END_WORLD_TICK.
[28aug.2026 18:20:29.202] [modloading-worker-0/INFO] [com.weaversworkshop.grapplemod.compat.sable.SableCompatNeoForgeEntrypoint/]: [Grapple <-> Sable] Client integration module loaded SUCCESSFULLY.
[28aug.2026 18:20:29.233] [modloading-worker-0/INFO] [com.sshakusora.waystonessable.WaystonesSable/]: Registered Create attached-block check for Waystone upper/lower halves; Create Aeronautics block discovery can now keep both halves in one Sable SubLevel.
[28aug.2026 18:20:29.340] [modloading-worker-0/INFO] [com.mikoalopex.createfirefightingadd.RemapManager/]: [CreateFireFightingAdd] Registered legacy alias: 'firefighting_nozzle' -> 'cone_nozzle' (v0.1.6: Renamed to cone_nozzle for clearer semantics. Legacy alias registered automatically.)
[28aug.2026 18:20:29.502] [modloading-worker-0/INFO] [com.kipti.bnb.CreateBitsnBobs/]: Bits 'n' Bobs is present!
[28aug.2026 18:20:29.502] [modloading-worker-0/INFO] [com.kipti.bnb.CreateBitsnBobs/]: Sorry for the disruption if any, I do poke around with the graphics of other mods
[28aug.2026 18:20:29.502] [modloading-worker-0/WARN] [com.kipti.bnb.CreateBitsnBobs/]: Bits 'n' bobs is replacing assets inside Create: Design n' Decor with ones using the default cogwheel model instead of the modified cogwheel model, this may cause some visual inconsitency!
[28aug.2026 18:20:29.561] [modloading-worker-0/INFO] [dev.averageanime.neoforge.CreateFood/]: Create: Food - Registering Fluids
[28aug.2026 18:20:29.561] [modloading-worker-0/INFO] [dev.averageanime.neoforge.CreateFood/]: Create: Food - Registering Blocks
[28aug.2026 18:20:29.593] [modloading-worker-0/INFO] [dev.averageanime.neoforge.CreateFood/]: Create: Food - Registering Display Blocks
[28aug.2026 18:20:29.633] [modloading-worker-0/INFO] [dev.averageanime.neoforge.CreateFood/]: Create: Food - Registering Creative Tabs (Items + Fluids)
[28aug.2026 18:20:29.635] [modloading-worker-0/INFO] [dev.averageanime.neoforge.CreateFood/]: Create: Food - Registering Creative Tabs (Display Blocks)
[28aug.2026 18:20:29.726] [modloading-worker-0/INFO] [me.mochibit.createharmonics.foundation.Logger/]: [CreateHarmonics] Pointing mod commands for registration
[28aug.2026 18:20:29.728] [modloading-worker-0/INFO] [me.mochibit.createharmonics.foundation.Logger/]: [CreateHarmonics] Registering creative tabs
[28aug.2026 18:20:29.728] [modloading-worker-0/INFO] [me.mochibit.createharmonics.foundation.Logger/]: [CreateHarmonics] Registering data components..
[28aug.2026 18:20:29.728] [modloading-worker-0/INFO] [me.mochibit.createharmonics.foundation.Logger/]: [CreateHarmonics] Registering mod event proxies...
[28aug.2026 18:20:29.750] [modloading-worker-0/INFO] [me.mochibit.createharmonics.foundation.Logger/]: [CreateHarmonics] Loading Mod Icons
[28aug.2026 18:20:29.751] [modloading-worker-0/INFO] [me.mochibit.createharmonics.foundation.Logger/]: [CreateHarmonics] Loading Mod Packets
[28aug.2026 18:20:29.752] [modloading-worker-0/INFO] [me.mochibit.createharmonics.foundation.Logger/]: [CreateHarmonics] Lazily loading partial models
[28aug.2026 18:20:29.752] [modloading-worker-0/INFO] [me.mochibit.createharmonics.foundation.Logger/]: [CreateHarmonics] Registering recipe types
[28aug.2026 18:20:29.752] [modloading-worker-0/INFO] [me.mochibit.createharmonics.foundation.Logger/]: [CreateHarmonics] Registering mod sounds..
[28aug.2026 18:20:29.752] [modloading-worker-0/INFO] [me.mochibit.createharmonics.foundation.Logger/]: [CreateHarmonics] Registering display sources
[28aug.2026 18:20:29.752] [modloading-worker-0/INFO] [me.mochibit.createharmonics.foundation.Logger/]: [CreateHarmonics] Registering mounted storages
[28aug.2026 18:20:29.752] [modloading-worker-0/INFO] [me.mochibit.createharmonics.foundation.Logger/]: [CreateHarmonics] Registering blocks
[28aug.2026 18:20:29.752] [modloading-worker-0/INFO] [me.mochibit.createharmonics.foundation.Logger/]: [CreateHarmonics] Registering block entities
[28aug.2026 18:20:29.752] [modloading-worker-0/INFO] [me.mochibit.createharmonics.foundation.Logger/]: [CreateHarmonics] Registering items
[28aug.2026 18:20:29.752] [modloading-worker-0/INFO] [me.mochibit.createharmonics.foundation.Logger/]: [CreateHarmonics] Lazily loading ponders
[28aug.2026 18:20:30.075] [modloading-sync-worker/INFO] [snownee.kiwi.Kiwi/INIT]: Module [snowrealmagic:core] initialized
[28aug.2026 18:20:30.076] [modloading-sync-worker/INFO] [snownee.kiwi.Kiwi/INIT]: 		block: 11, block_entity_type: 2, loot_pool_entry_type: 1
[28aug.2026 18:20:30.076] [modloading-sync-worker/INFO] [snownee.kiwi.Kiwi/INIT]: Module [kiwi:data] initialized
[28aug.2026 18:20:30.076] [modloading-sync-worker/INFO] [snownee.kiwi.Kiwi/INIT]: 		recipe_serializer: 2, neoforge:condition_codecs: 2
[28aug.2026 18:20:30.114] [modloading-sync-worker/INFO] [org.zeith.hammerlib.HammerLib/]: Register AP class org.zeith.hammerlib.annotations.client.TileRenderer$AP for interface org.zeith.hammerlib.annotations.client.TileRenderer.
[28aug.2026 18:20:30.115] [modloading-sync-worker/INFO] [org.zeith.hammerlib.HammerLib/]: Register AP class org.zeith.hammerlib.annotations.client.Particles$AP for interface org.zeith.hammerlib.annotations.client.Particles.
[28aug.2026 18:20:30.206] [modloading-sync-worker/INFO] [Fairy Lights/]: Initializing custom registries
[28aug.2026 18:20:30.206] [modloading-sync-worker/INFO] [Fairy Lights/]: Initializing tags
[28aug.2026 18:20:30.207] [modloading-sync-worker/INFO] [Fairy Lights/]: Registering sounds
[28aug.2026 18:20:30.209] [modloading-sync-worker/INFO] [Fairy Lights/]: Registering entities
[28aug.2026 18:20:30.221] [modloading-sync-worker/INFO] [Fairy Lights/]: Registering blocks
[28aug.2026 18:20:30.222] [modloading-sync-worker/INFO] [Fairy Lights/]: Registering block entities
[28aug.2026 18:20:30.239] [modloading-sync-worker/INFO] [Fairy Lights/]: Registering items
[28aug.2026 18:20:30.239] [modloading-sync-worker/INFO] [Fairy Lights/]: initializing item components
[28aug.2026 18:20:30.252] [modloading-sync-worker/INFO] [Fairy Lights/]: Registering items
[28aug.2026 18:20:30.252] [modloading-sync-worker/INFO] [Fairy Lights/]: Initializing connection types
[28aug.2026 18:20:30.252] [modloading-sync-worker/INFO] [Fairy Lights/]: Initializing string types
[28aug.2026 18:20:33.529] [modloading-sync-worker/INFO] [com.mikoalopex.createfirefightingadd.CreateFireFightingAdd/]: Sable structure compatibility enabled.
[28aug.2026 18:20:35.250] [modloading-sync-worker/INFO] [me.mochibit.createharmonics.foundation.Logger/]: [CreateHarmonics] Registering item attributes
[28aug.2026 18:20:35.560] [modloading-sync-worker/INFO] [io.github.lightman314.lightmanscurrency.LightmansCurrency/]: CoinsInChestModifier was deserialized!
[28aug.2026 18:20:35.560] [modloading-sync-worker/INFO] [io.github.lightman314.lightmanscurrency.LightmansCurrency/]: CoinsInChestModifier was deserialized!
[28aug.2026 18:20:36.069] [modloading-sync-worker/INFO] [me.ImJoshh.elytra_physics.config.ElytraPhysicsConfig/]: Class 'com.illusivesoulworks.colytra.client.ColytraLayer' not found
[28aug.2026 18:20:36.076] [modloading-sync-worker/INFO] [me.ImJoshh.elytra_physics.config.ElytraPhysicsConfig/]: Successfully added class 'com.illusivesoulworks.elytraslot.client.ElytraSlotLayer' to layer inject list
[28aug.2026 18:20:36.077] [modloading-sync-worker/INFO] [me.ImJoshh.elytra_physics.config.ElytraPhysicsConfig/]: Class 'com.kyanite.deeperdarker.client.render.SoulElytraRenderer' not found
[28aug.2026 18:20:36.077] [modloading-sync-worker/INFO] [me.ImJoshh.elytra_physics.config.ElytraPhysicsConfig/]: Class 'pw.lakuna.elytra_trinket.ElytraTrinketFeatureRenderer' not found
[28aug.2026 18:20:36.077] [modloading-sync-worker/INFO] [me.ImJoshh.elytra_physics.config.ElytraPhysicsConfig/]: Class 'org.betterx.betterend.client.render.ArmoredElytraLayer' not found
[28aug.2026 18:20:36.077] [modloading-sync-worker/INFO] [me.ImJoshh.elytra_physics.config.ElytraPhysicsConfig/]: Successfully added class 'net.minecraft.client.renderer.entity.layers.ElytraLayer' to layer inject list
[28aug.2026 18:20:36.133] [modloading-sync-worker/INFO] [com.tom.storagemod.StorageMod/]: Loaded Tom's Simple Storage config file toms_storage-common.toml
[28aug.2026 18:20:36.145] [modloading-sync-worker/INFO] [com.tom.aerocables.AeroCables/]: Loaded Create: Aero Cables config file aerocables-common.toml
[28aug.2026 18:20:36.252] [Render thread/INFO] [net.minecraft.server.packs.repository.FolderRepositorySource/]: Found non-pack entry 'C:\Users\Nvv\AppData\Roaming\ModrinthApp\profiles\NVPack Reloaded\resourcepacks\Create', ignoring
[28aug.2026 18:20:36.358] [Render thread/INFO] [tacz/GunPackFinder]: Start scanning for gun packs in C:\Users\Nvv\AppData\Roaming\ModrinthApp\profiles\NVPack Reloaded\tacz
[28aug.2026 18:20:36.360] [Render thread/INFO] [tacz/GunPackFinder]: - BeansGunsVersion 1.0.4+1.21.1.zip, Main namespace: beans
[28aug.2026 18:20:36.361] [Render thread/INFO] [tacz/GunPackFinder]: - Create Armorer-v1.2.0.1-for117+1.21.1.zip, Main namespace: create_armorer
[28aug.2026 18:20:36.362] [Render thread/INFO] [tacz/GunPackFinder]: - CS2 Knifes Pack REBORN v1.0.1+1.21.1.zip, Main namespace: cs2_wt
[28aug.2026 18:20:36.363] [Render thread/INFO] [tacz/GunPackFinder]: - GunpowderRevolution_gunpack v1.2.7+1.21.1.zip, Main namespace: hamster
[28aug.2026 18:20:36.363] [Render thread/INFO] [tacz/GunPackFinder]: - Suffuse-GunSmoke-Pack1.0.8-hotfix+1.21.1.zip, Main namespace: suffuse
[28aug.2026 18:20:36.364] [Render thread/INFO] [tacz/GunPackFinder]: - tacz_default_gun, Main namespace: tacz
[28aug.2026 18:20:36.364] [Render thread/INFO] [tacz/GunPackFinder]: - Trench_Tactics v0.05+1.21.1.zip, Main namespace: gwg
[28aug.2026 18:20:36.364] [Render thread/INFO] [tacz/GunPackFinder]: Found 7 possible gunpack(s) and added them to resource set.
[28aug.2026 18:20:36.579] [Render thread/INFO] [Veil/]: GL Debug supported
[28aug.2026 18:20:36.618] [Render thread/INFO] [mod.chiselsandbits.client.reloading.ClientResourceReloadingManager/]: Setting up client reloading resource manager.
[28aug.2026 18:20:36.640] [Render thread/INFO] [Sodium/]: Block railways:copycat_headstock had its color provider replaced with com.simibubi.create.content.decoration.copycat.CopycatBlock$WrappedBlockColor@2d607f48 and will not use per-vertex coloring
[28aug.2026 18:20:36.729] [Render thread/INFO] [HammerLib/]: Registered custom glint render buffers.
[28aug.2026 18:20:37.040] [Render thread/INFO] [Iris/]: Hardware information:
[28aug.2026 18:20:37.041] [Render thread/INFO] [Iris/]: CPU: 12x AMD Ryzen 5 5600X 6-Core Processor 
[28aug.2026 18:20:37.041] [Render thread/INFO] [Iris/]: GPU: NVIDIA GeForce RTX 3070/PCIe/SSE2 (Supports OpenGL 4.6.0 NVIDIA 610.62)
[28aug.2026 18:20:37.041] [Render thread/INFO] [Iris/]: OS: Windows 11 (10.0)
[28aug.2026 18:20:37.889] [Render thread/INFO] [com.mk2525.vsfluidlink.ModClientEvents/]: Registering BlockEntityRenderers for VsFluidLink
[28aug.2026 18:20:38.467] [Render thread/INFO] [net.minecraft.server.packs.resources.ReloadableResourceManager/]: Reloading ResourceManager: tacz_resources, vanilla, KubeJS Virtual Resource Pack [Before Mods, assets], fabric, mod_resources, mod/sodium, mod/c2me_fixes_worldgen_threading_issues, mod/betterdungeons, mod/almanac, mod/sodium_extra, mod/parcool_compat_addon, mod/openpartiesandclaims, mod/createdeco, mod/cccbridge, mod/azimuth, mod/playeranimator, mod/saeculariacaudices, mod/fabric_rendering_fluids_v1, mod/aeronautics_bundled, mod/apollib, mod/hammerlib, mod/mcwwindows, mod/create_jetpack, mod/bettercaves, mod/c2me_fixes_general_threading_issues, mod/fabric_convention_tags_v1, mod/neoforge, mod/modernfix, mod/fabric_convention_tags_v2, mod/fabric_block_view_api_v2, mod/fabric_command_api_v2, mod/yungsapi, mod/mcwstairs, mod/iris, mod/veil, mod/c2me, mod/createdieselgenerators, mod/balm, mod/create_new_age, mod/fabric_screen_api_v1, mod/snowrealmagic, mod/prickle, mod/jeresources, mod/c2me_base, mod/recipe_generator, mod/betterfortresses, mod/cloth_config, mod/athena, mod/fabric_game_rule_api_v1, mod/do_a_barrel_roll, mod/mcwtrpdoors, mod/supermartijn642corelib, mod/fairylights, mod/spark, mod/reeses_sodium_options, mod/c2me_opts_dfc, mod/improvableskills, mod/curios, mod/astrocraft_lite, mod/chatanimation, mod/searchables, mod/vsfluidlink, mod/fabric_entity_events_v1, mod/mcwroofs, mod/mcwfurnitures, mod/conditional_mixin, mod/transition, mod/betterendisland, mod/dynamic_fps, mod/fabric_rendering_data_attachment_v1, mod/nemos_inventory_sorting, mod/flightlib, mod/jadeaddons, mod/toms_storage, mod/bettermineshafts, mod/mcwlights, mod/betterjungletemples, mod/fabric_client_tags_api_v1, mod/elytraslot, mod/create_tweaked_controllers, mod/kiwi, mod/bellsandwhistles, mod/doubledoors, mod/createbigcannons, mod/c2me_threading_lighting, mod/compat_manager, mod/fabric_model_loading_api_v1, mod/jei, mod/furnish, mod/lithostitched, mod/aeronautics, mod/lithium, mod/attributefix, mod/fabric_screen_handler_api_v1, mod/caelus, mod/fabric_rendering_v1, mod/fabric_renderer_indigo, mod/lightmanscurrency, mod/lcompat, mod/simplemenu, mod/craterlib, mod/midnightlib, mod/c2me_rewrites_chunk_system, mod/create_trimmed, mod/fusion, mod/moreculling, mod/fabric_particles_v1, mod/c2me_opts_worldgen_vanilla, mod/c2me_opts_scheduling, mod/sophisticatedbackpackscreateintegration, mod/offroad, mod/snassets, mod/mcwpaths, mod/createbb, mod/tectonic, mod/scena, mod/voicechat,voicechat_api, mod/sound_physics_remastered, mod/fabric_api_base, mod/mousetweaks, mod/nochatreports, mod/cubes_without_borders, mod/justenoughbreeding, mod/spectrelib, mod/fabric_block_api_v1, mod/fabric_resource_conditions_api_v1, mod/kotlinforforge, mod/sablecompanion, mod/xaerominimap, mod/fabric_item_group_api_v1, mod/gravestone, mod/polymorph, mod/c2me_notickvd, mod/justenoughprofessions, mod/entityculling, mod/yumi_mc_core, mod/fabric_registry_sync_v0, mod/continuity, mod/immediatelyfast, mod/lambdynlights_api, mod/fabric_recipe_api_v1, mod/appleskin, mod/fabric_object_builder_api_v1, mod/puzzleslib, mod/fabric_sound_api_v1, mod/fabric_message_api_v1, mod/cosmeticarmorreworked, mod/euphoria_patcher, mod/colorwheel_patcher, mod/defaultoptions, mod/atmosphere, mod/simulatedcoasters, mod/kuma_api, mod/fabric_renderer_api_v1, mod/betterwitchhuts, mod/netherportalfix, mod/geckolib, mod/fabric_item_api_v1, mod/c2me_opts_natives_math, mod/betteroceanmonuments, mod/aerocables, mod/sophisticatedcore, mod/elytra_physics, mod/ritchiesprojectilelib, mod/xaeroworldmap, mod/controlling, mod/fabric_data_attachment_api_v1, mod/lambdynlights, mod/lamblanterns, mod/gravestonecurioscompat, mod/bookshelf, mod/simulated, mod/towed, mod/c2me_opts_math, mod/sophisticatedbackpacks, mod/jeed, mod/mcwdoors, mod/railways, mod/dg_js, mod/baguettelib, mod/connector, mod/struts, mod/pride, mod/fzzy_config, mod/particle_core, mod/fabric_api,forgified_fabric_api, mod/c2me_fixes_worldgen_vanilla_bugs, mod/fabric_content_registries_v0, mod/common_storage_lib_data, mod/taczpackupgrader, mod/create_connected, mod/chipped, mod/farmersdelight, mod/mynethersdelight, mod/entity_model_features, mod/entity_texture_features, mod/tempad, mod/jearchaeology, mod/olympus, mod/fabric_api_lookup_api_v1, mod/c2me_fixes_chunkio_threading_issues, mod/c2me_client_uncapvd, mod/travelertoolbelt, mod/mcwfences, mod/modelfix, mod/simplebedrockmodel, mod/collective, mod/betterstrongholds, mod/resourcefullib, mod/sablephysicscompat, mod/createliquidfuel, mod/architectury, mod/streetskubegui, mod/computercraft, mod/createcclogistics, mod/lambdynlights_runtime, mod/fabric_loot_api_v2, mod/ls_furniture, mod/fabric_loot_api_v3, mod/authme, mod/resourcefulconfig, mod/fabric_networking_api_v1, mod/c2me_rewrites_chunkio, mod/letmedespawn, mod/lctech, mod/c2me_opts_allocs, mod/fabric_lifecycle_events_v1, mod/quickskin, mod/fabric_key_binding_api_v1, mod/esl, mod/fabric_transfer_api_v1, mod/rhino, mod/kubejs, mod/mechanicals, mod/kubejsdelight, mod/copycats, mod/easymagic, mod/ls_core, mod/xaerolib, mod/tacz, mod/lrtactical, mod/simplerpc, mod/fabric_resource_loader_v0, mod/trender, mod/simulated_gauges, mod/furnitureexpanded, mod/nochatrestrictions, mod/waystones, mod/w2pets, mod/resourcefullibkt, mod/create_ltab, mod/alternate_current, mod/mcwifipnp, mod/powergrid, mod/aeroclaims, mod/create_confectionery, mod/betterdeserttemples, mod/waveycapes, mod/distanthorizons, mod/skinlayers3d, mod/cutthrough, mod/fabric_transitive_access_wideners_v1, mod/elytratrims, mod/fabric_renderer_registries_v1, mod/fabric_blockrenderlayer_v1, mod/visual_keybinder, mod/jade, mod/creativecore, mod/forbidden_arcanus, mod/c2me_server_utils, mod/packagerspsic, mod/aeronauticshotairfix, mod/deployer, mod/fabric_gametest_api_v1, mod/spruceui, mod/parcool, mod/create_radar, mod/fabric_biome_api_v1, mod/c2me_opts_worldgen_general, mod/c2me_opts_chunkio, mod/coroutil, mod/watut, mod/betteradvancedtooltips, mod/create_pattern_schematics, mod/ferritecore, mod/yet_another_config_lib_v3, mod/grapplemod, mod/tacztweaks, mod/charmofundying, mod/colorwheel, mod/flywheel, mod/ponder, mod/create, mod/dndecor, mod/create_stats, mod/sliceanddice, mod/bits_n_bobs, mod/create_sophback_compat, mod/ccbr, mod/extra_gauges, mod/create_compact_transmission, mod/createsifter, mod/sable, mod/hotstuff, mod/createfirefightingadd, mod/cc_sable, mod/createharmonics, mod/aeronautics_utility_objects, mod/sable_player_ragdoll, mod/create_flight_control, mod/waystonessable, mod/grapplemodcompat_sable, mod/create_aeronautics_toolgun, mod/climbable_ropes, mod/kubejs_create, mod/tracks, mod/sablejade, mod/createfood, mod/createpropulsion, mod/nowheel, mod/createrainfix, mod/interiors, mod/gravestone_sable_compat, mod/createbacktanktrims, mod/create_dragons_plus, mod/create_central_kitchen, mod/grapplemodcompat_create, mod/aeroengineering, mod/drivebywire, mod/aeroworks, mod/drivebywiretypewriter, mod/addon_gancho, mod/ldfix, mod/bigtires, mod/packetfixer, mod/badoptimizations, mod/chiselsandbits, mod/valhelsia_core, mod/create_enchantment_industry, mod/create_train_parts, mod/fabric_tag_api_v1, mod/fabric_data_generation_api_v1, mod/fabric_events_interaction_v0, mod/wallfence, mod/createaddition, mod/screenshotcompression, aeronauticshotairfix:hot_air_fix, chiselsandbits-core, KubeJS Virtual Resource Pack [Internal, assets], KubeJS Virtual Resource Pack [After Mods, assets], KubeJS File Resource Pack [assets], easymagic:default_block_models, KubeJS Virtual Resource Pack [Last, assets]
[28aug.2026 18:20:38.470] [Render thread/WARN] [net.minecraft.server.packs.PathPackResources/]: Non [a-z0-9_.-] character in namespace LICENSE in pack , ignoring
[28aug.2026 18:20:38.547] [Render thread/INFO] [Puzzles Lib/]: Data generation for dynamic pack resources provided by 'easymagic' took 75ms
[28aug.2026 18:20:38.560] [Render thread/WARN] [net.minecraft.server.packs.PathPackResources/]: Non [a-z0-9_.-] character in namespace LICENSE in pack , ignoring
[28aug.2026 18:20:38.576] [Worker-ResourceReload-8/INFO] [xaero.pac.OpenPartiesAndClaims/]: Loading Open Parties and Claims!
[28aug.2026 18:20:38.589] [Worker-ResourceReload-5/INFO] [com.tom.storagemod.StorageMod/]: Tom's Storage Setup starting
[28aug.2026 18:20:38.591] [NeoForge Version Check/INFO] [net.neoforged.fml.VersionChecker/]: [cccbridge] Starting version check at https://api.modrinth.com/updates/cccbridge/forge_updates.json
[28aug.2026 18:20:38.595] [Worker-ResourceReload-6/INFO] [voicechat/]: [voicechat] Compatibility version 20
[28aug.2026 18:20:38.637] [Worker-ResourceReload-10/INFO] [ImprovableSkills/]: ImprovableSkills (ImprovableSkills-1.21-21.0.2.jar) has passed the jar integrity check. Trust[CN=Zeitheron self-signed]
[28aug.2026 18:20:38.659] [Worker-ResourceReload-10/INFO] [com.tom.aerocables.AeroCables/]: Create Aero Cables starting
[28aug.2026 18:20:38.662] [Worker-ResourceReload-1/INFO] [dev.justfeli.towed.CreateTowed/]: Initializing towed
[28aug.2026 18:20:38.668] [Worker-ResourceReload-7/INFO] [colorwheel_patcher/]: No user config.json found
[28aug.2026 18:20:38.669] [Worker-ResourceReload-1/INFO] [ls_core/]: Looking for configuration providers...
[28aug.2026 18:20:38.675] [Worker-ResourceReload-1/INFO] [ls_core/]: Found provider: Furnection (ID: ls_furniture)
[28aug.2026 18:20:38.675] [Worker-ResourceReload-7/INFO] [colorwheel_patcher/]: Available patches: 6
[28aug.2026 18:20:38.675] [Worker-ResourceReload-7/INFO] [colorwheel_patcher/]:  - EuphoriaPatches [1.6.3, 1.6.4, 1.6.5, 1.6.6, 1.6.7, 1.6.8] (jar)
[28aug.2026 18:20:38.675] [Worker-ResourceReload-7/INFO] [colorwheel_patcher/]:  - Complementary [5.6, 5.6.1] (jar)
[28aug.2026 18:20:38.675] [Worker-ResourceReload-7/INFO] [colorwheel_patcher/]:  - rethinking-voxels [0.1-beta9] (jar)
[28aug.2026 18:20:38.675] [Worker-ResourceReload-7/INFO] [colorwheel_patcher/]:  - BSL [10.1] (jar)
[28aug.2026 18:20:38.675] [Worker-ResourceReload-7/INFO] [colorwheel_patcher/]:  - Bliss [2.1.1, 2.1.2] (jar)
[28aug.2026 18:20:38.675] [Worker-ResourceReload-7/INFO] [colorwheel_patcher/]:  - photon [1.3a] (jar)
[28aug.2026 18:20:38.676] [Worker-ResourceReload-1/INFO] [ls_core/]: Initializing config for mod 'ls_furniture'
[28aug.2026 18:20:38.676] [Worker-ResourceReload-1/INFO] [ls_core/]:  > Config directory: C:\Users\Nvv\AppData\Roaming\ModrinthApp\profiles\NVPack Reloaded\config\Furnection
[28aug.2026 18:20:38.676] [Worker-ResourceReload-1/INFO] [ls_core/]:  > Config file path: C:\Users\Nvv\AppData\Roaming\ModrinthApp\profiles\NVPack Reloaded\config\Furnection\ls_furniture.json
[28aug.2026 18:20:38.676] [Worker-ResourceReload-1/INFO] [ls_core/]:  > Found existing config file. Loading...
[28aug.2026 18:20:38.680] [Worker-ResourceReload-7/WARN] [colorwheel_patcher/]: Base shader 'rethinking-voxels_r0.1-beta9.zip' does not exists
[28aug.2026 18:20:38.680] [Worker-ResourceReload-7/WARN] [colorwheel_patcher/]: Base shader 'BSL_v10.1.3.zip' does not exists
[28aug.2026 18:20:38.680] [Worker-ResourceReload-7/INFO] [colorwheel_patcher/]: Existing base shaders: 3
[28aug.2026 18:20:38.681] [Worker-ResourceReload-1/INFO] [net.minecraft.server.LoggedPrintStream/]: [STDOUT]: Config for [ls_furniture] will be saved to: C:\Users\Nvv\AppData\Roaming\ModrinthApp\profiles\NVPack Reloaded\config\Furnection\ls_furniture.json
[28aug.2026 18:20:38.681] [Worker-ResourceReload-7/INFO] [colorwheel_patcher/]:  - ComplementaryReimagined_r5.8.1.zip []
[28aug.2026 18:20:38.682] [Worker-ResourceReload-7/INFO] [colorwheel_patcher/]:  - Solas Shader V3.7b.zip []
[28aug.2026 18:20:38.682] [Worker-ResourceReload-7/INFO] [colorwheel_patcher/]:  - ComplementaryReimagined_r5.8.1 + EuphoriaPatches_1.9.3 []
[28aug.2026 18:20:38.682] [Worker-ResourceReload-1/INFO] [ls_furniture/]: Registered config spec for LYIVX's Furniture.
[28aug.2026 18:20:38.682] [Worker-ResourceReload-1/INFO] [ls_core/]:  > Config registered successfully for 'ls_furniture'

[28aug.2026 18:20:38.682] [Worker-ResourceReload-1/INFO] [ls_core/]: Total providers found: 1
[28aug.2026 18:20:38.682] [Worker-ResourceReload-1/INFO] [ls_core/]: Looking for configuration providers...
[28aug.2026 18:20:38.682] [Worker-ResourceReload-1/INFO] [ls_core/]: Found provider: Furnection (ID: ls_furniture)
[28aug.2026 18:20:38.683] [Worker-ResourceReload-7/INFO] [colorwheel_patcher/]: Found patch 'Complementary' for ComplementaryReimagined_r5.8.1.zip
[28aug.2026 18:20:38.683] [Worker-ResourceReload-1/INFO] [ls_core/]: Initializing config for mod 'ls_furniture'
[28aug.2026 18:20:38.683] [Worker-ResourceReload-1/INFO] [ls_core/]:  > Config directory: C:\Users\Nvv\AppData\Roaming\ModrinthApp\profiles\NVPack Reloaded\config\Furnection
[28aug.2026 18:20:38.683] [Worker-ResourceReload-1/INFO] [ls_core/]:  > Config file path: C:\Users\Nvv\AppData\Roaming\ModrinthApp\profiles\NVPack Reloaded\config\Furnection\ls_furniture.json
[28aug.2026 18:20:38.683] [Worker-ResourceReload-1/INFO] [ls_core/]:  > Found existing config file. Loading...
[28aug.2026 18:20:38.683] [Worker-ResourceReload-7/INFO] [colorwheel_patcher/]: 'ComplementaryReimagined_r5.8.1.zip' version is unknown or unsupported
[28aug.2026 18:20:38.683] [Worker-ResourceReload-1/INFO] [net.minecraft.server.LoggedPrintStream/]: [STDOUT]: Config for [ls_furniture] will be saved to: C:\Users\Nvv\AppData\Roaming\ModrinthApp\profiles\NVPack Reloaded\config\Furnection\ls_furniture.json
[28aug.2026 18:20:38.683] [Worker-ResourceReload-7/INFO] [colorwheel_patcher/]: Could not find patch for Solas Shader V3.7b.zip
[28aug.2026 18:20:38.683] [Worker-ResourceReload-7/INFO] [colorwheel_patcher/]: Found patch 'EuphoriaPatches' for ComplementaryReimagined_r5.8.1 + EuphoriaPatches_1.9.3
[28aug.2026 18:20:38.683] [Worker-ResourceReload-7/INFO] [colorwheel_patcher/]: 'ComplementaryReimagined_r5.8.1 + EuphoriaPatches_1.9.3' version is unknown or unsupported
[28aug.2026 18:20:38.684] [Worker-ResourceReload-1/INFO] [ls_furniture/]: Registered config spec for LYIVX's Furniture.
[28aug.2026 18:20:38.684] [Worker-ResourceReload-1/INFO] [ls_core/]:  > Config registered successfully for 'ls_furniture'

[28aug.2026 18:20:38.684] [Worker-ResourceReload-1/INFO] [ls_core/]: Initializing config for mod 'ls_furniture'
[28aug.2026 18:20:38.684] [Worker-ResourceReload-1/INFO] [ls_core/]:  > Config directory: C:\Users\Nvv\AppData\Roaming\ModrinthApp\profiles\NVPack Reloaded\config\Furnection
[28aug.2026 18:20:38.684] [Worker-ResourceReload-1/INFO] [ls_core/]:  > Config file path: C:\Users\Nvv\AppData\Roaming\ModrinthApp\profiles\NVPack Reloaded\config\Furnection\ls_furniture.json
[28aug.2026 18:20:38.684] [Worker-ResourceReload-1/INFO] [ls_core/]:  > Found existing config file. Loading...
[28aug.2026 18:20:38.684] [Worker-ResourceReload-1/INFO] [net.minecraft.server.LoggedPrintStream/]: [STDOUT]: Config for [ls_furniture] will be saved to: C:\Users\Nvv\AppData\Roaming\ModrinthApp\profiles\NVPack Reloaded\config\Furnection\ls_furniture.json
[28aug.2026 18:20:38.684] [Worker-ResourceReload-1/INFO] [ls_furniture/]: Registered config spec for LYIVX's Furniture.
[28aug.2026 18:20:38.685] [Worker-ResourceReload-1/INFO] [ls_core/]:  > Config registered successfully for 'ls_furniture'

[28aug.2026 18:20:38.685] [Worker-ResourceReload-7/INFO] [xaero.lib.XaeroLib/]: Loading XaeroLib common 1/2!
[28aug.2026 18:20:38.685] [Worker-ResourceReload-1/INFO] [ls_core/]: Total providers found: 2
[28aug.2026 18:20:38.706] [Render thread/INFO] [org.zeith.hammerlib.HammerLib/]: Registered a new model with loader "hammerlib:multi_layer" of type org.zeith.hammerlib.client.model.builtin.MultiLayerModel
[28aug.2026 18:20:38.706] [Render thread/INFO] [org.zeith.hammerlib.HammerLib/]: Registered a new model with loader "hammerlib:grouped" of type org.zeith.hammerlib.client.model.builtin.GroupedModel
[28aug.2026 18:20:38.707] [Render thread/INFO] [org.zeith.hammerlib.HammerLib/]: Registered a new model with loader "hammerlib:emissive" of type org.zeith.hammerlib.client.model.builtin.EmissiveGeometry
[28aug.2026 18:20:38.735] [Worker-ResourceReload-6/INFO] [voicechat/]: [voicechat] Loading plugins
[28aug.2026 18:20:38.756] [Worker-ResourceReload-10/INFO] [dev.averageanime.neoforge.CreateFood/]: Create: Food - Startup
[28aug.2026 18:20:38.758] [Worker-ResourceReload-10/INFO] [Create Stats and Numbers/]: Create Stats and Numbers common setup complete!
[28aug.2026 18:20:38.763] [Worker-ResourceReload-10/INFO] [com.cxw.aeroengineering.AeroEngineering/]: Aero Engineering common setup
[28aug.2026 18:20:38.773] [NeoForge Version Check/INFO] [net.neoforged.fml.VersionChecker/]: [cccbridge] Found status: BETA Current: 1.7.3 Target: null
[28aug.2026 18:20:38.773] [NeoForge Version Check/INFO] [net.neoforged.fml.VersionChecker/]: [hammerlib] Starting version check at https://api.modrinth.com/updates/PlkSuVtM/forge_updates.json?neoforge=only
[28aug.2026 18:20:38.777] [Worker-ResourceReload-10/INFO] [com.hotelbows.hotstuff.HotsAerostuff/]: Hot's Aerostuff common setup
[28aug.2026 18:20:38.780] [Worker-ResourceReload-6/INFO] [voicechat/]: [voicechat] Loaded 1 plugin(s)
[28aug.2026 18:20:38.780] [Worker-ResourceReload-6/INFO] [voicechat/]: [voicechat] Initializing plugins
[28aug.2026 18:20:38.782] [Worker-ResourceReload-10/INFO] [org.sparklezfish.drivebywire.typewriter.DriveByWireTypewriterMod/]: Drive By Wire Typewriter bridge loaded — 76 channels registered.
[28aug.2026 18:20:38.805] [Worker-ResourceReload-6/INFO] [Sound Physics - General/]: Initializing Simple Voice Chat integration
[28aug.2026 18:20:38.806] [Worker-ResourceReload-6/INFO] [voicechat/]: [voicechat] Initialized 1 plugin(s)
[28aug.2026 18:20:38.808] [Worker-ResourceReload-6/INFO] [voicechat/]: [voicechat] Registering events for 'sound_physics_remastered'
[28aug.2026 18:20:38.837] [Worker-ResourceReload-3/WARN] [net.minecraft.server.packs.FilePackResources/]: Invalid path in datapack: suffuse:tacz_sounds/qjz171/qjz171_fire — kopia.ogg, ignoring
[28aug.2026 18:20:38.838] [Worker-ResourceReload-3/WARN] [net.minecraft.server.packs.FilePackResources/]: Invalid path in datapack: suffuse:tacz_sounds/shared/magpouch (1).ogg, ignoring
[28aug.2026 18:20:38.868] [Worker-ResourceReload-7/INFO] [net.minecraft.client.gui.font.providers.UnihexProvider/]: Found unifont_all_no_pua-15.1.05.hex, loading
[28aug.2026 18:20:38.908] [Worker-ResourceReload-0/WARN] [net.minecraft.server.packs.PathPackResources/]: Non [a-z0-9_.-] character in namespace LICENSE in pack , ignoring
[28aug.2026 18:20:38.913] [NeoForge Version Check/INFO] [net.neoforged.fml.VersionChecker/]: [hammerlib] Found status: UP_TO_DATE Current: 21.0.14 Target: null
[28aug.2026 18:20:38.913] [NeoForge Version Check/INFO] [net.neoforged.fml.VersionChecker/]: [mcwwindows] Starting version check at https://raw.githubusercontent.com/sketchmacaw/macawsmods/master/window.json
[28aug.2026 18:20:38.919] [ForkJoinPool.commonPool-worker-2/WARN] [net.minecraft.client.renderer.texture.atlas.sources.PalettedPermutations/]: Unable to find texture create:textures/trims/models/elytra/card_bolt.png
[28aug.2026 18:20:38.920] [ForkJoinPool.commonPool-worker-2/WARN] [net.minecraft.client.renderer.texture.atlas.sources.PalettedPermutations/]: Unable to find texture create:textures/trims/models/elytra/card_coast.png
[28aug.2026 18:20:38.920] [ForkJoinPool.commonPool-worker-2/WARN] [net.minecraft.client.renderer.texture.atlas.sources.PalettedPermutations/]: Unable to find texture create:textures/trims/models/elytra/card_sentry.png
[28aug.2026 18:20:38.920] [ForkJoinPool.commonPool-worker-2/WARN] [net.minecraft.client.renderer.texture.atlas.sources.PalettedPermutations/]: Unable to find texture create:textures/trims/models/elytra/card_dune.png
[28aug.2026 18:20:38.920] [ForkJoinPool.commonPool-worker-2/WARN] [net.minecraft.client.renderer.texture.atlas.sources.PalettedPermutations/]: Unable to find texture create:textures/trims/models/elytra/card_wild.png
[28aug.2026 18:20:38.920] [ForkJoinPool.commonPool-worker-2/WARN] [net.minecraft.client.renderer.texture.atlas.sources.PalettedPermutations/]: Unable to find texture create:textures/trims/models/elytra/card_ward.png
[28aug.2026 18:20:38.921] [ForkJoinPool.commonPool-worker-2/WARN] [net.minecraft.client.renderer.texture.atlas.sources.PalettedPermutations/]: Unable to find texture create:textures/trims/models/elytra/card_eye.png
[28aug.2026 18:20:38.921] [ForkJoinPool.commonPool-worker-2/WARN] [net.minecraft.client.renderer.texture.atlas.sources.PalettedPermutations/]: Unable to find texture create:textures/trims/models/elytra/card_vex.png
[28aug.2026 18:20:38.921] [ForkJoinPool.commonPool-worker-2/WARN] [net.minecraft.client.renderer.texture.atlas.sources.PalettedPermutations/]: Unable to find texture create:textures/trims/models/elytra/card_tide.png
[28aug.2026 18:20:38.921] [ForkJoinPool.commonPool-worker-2/WARN] [net.minecraft.client.renderer.texture.atlas.sources.PalettedPermutations/]: Unable to find texture create:textures/trims/models/elytra/card_snout.png
[28aug.2026 18:20:38.921] [ForkJoinPool.commonPool-worker-2/WARN] [net.minecraft.client.renderer.texture.atlas.sources.PalettedPermutations/]: Unable to find texture create:textures/trims/models/elytra/card_rib.png
[28aug.2026 18:20:38.921] [ForkJoinPool.commonPool-worker-2/WARN] [net.minecraft.client.renderer.texture.atlas.sources.PalettedPermutations/]: Unable to find texture create:textures/trims/models/elytra/card_spire.png
[28aug.2026 18:20:38.921] [ForkJoinPool.commonPool-worker-2/WARN] [net.minecraft.client.renderer.texture.atlas.sources.PalettedPermutations/]: Unable to find texture create:textures/trims/models/elytra/card_wayfinder.png
[28aug.2026 18:20:38.921] [ForkJoinPool.commonPool-worker-2/WARN] [net.minecraft.client.renderer.texture.atlas.sources.PalettedPermutations/]: Unable to find texture create:textures/trims/models/elytra/card_shaper.png
[28aug.2026 18:20:38.921] [ForkJoinPool.commonPool-worker-2/WARN] [net.minecraft.client.renderer.texture.atlas.sources.PalettedPermutations/]: Unable to find texture create:textures/trims/models/elytra/card_silence.png
[28aug.2026 18:20:38.921] [ForkJoinPool.commonPool-worker-2/WARN] [net.minecraft.client.renderer.texture.atlas.sources.PalettedPermutations/]: Unable to find texture create:textures/trims/models/elytra/card_raiser.png
[28aug.2026 18:20:38.921] [ForkJoinPool.commonPool-worker-2/WARN] [net.minecraft.client.renderer.texture.atlas.sources.PalettedPermutations/]: Unable to find texture create:textures/trims/models/elytra/card_host.png
[28aug.2026 18:20:38.922] [ForkJoinPool.commonPool-worker-2/WARN] [net.minecraft.client.renderer.texture.atlas.sources.PalettedPermutations/]: Unable to find texture create:textures/trims/models/elytra/card_flow.png
[28aug.2026 18:20:38.923] [Worker-ResourceReload-3/WARN] [net.minecraft.client.sounds.SoundManager/]: File design_decor:sounds/large_chain/break1.ogg does not exist, cannot add it to event dndecor:large_chain_break
[28aug.2026 18:20:38.923] [Worker-ResourceReload-3/WARN] [net.minecraft.client.sounds.SoundManager/]: File design_decor:sounds/large_chain/break2.ogg does not exist, cannot add it to event dndecor:large_chain_break
[28aug.2026 18:20:38.923] [Worker-ResourceReload-3/WARN] [net.minecraft.client.sounds.SoundManager/]: File design_decor:sounds/large_chain/break3.ogg does not exist, cannot add it to event dndecor:large_chain_break
[28aug.2026 18:20:38.923] [Worker-ResourceReload-3/WARN] [net.minecraft.client.sounds.SoundManager/]: File design_decor:sounds/large_chain/break4.ogg does not exist, cannot add it to event dndecor:large_chain_break
[28aug.2026 18:20:38.923] [Worker-ResourceReload-3/WARN] [net.minecraft.client.sounds.SoundManager/]: File design_decor:sounds/large_chain/place1.ogg does not exist, cannot add it to event dndecor:large_chain_step
[28aug.2026 18:20:38.923] [Worker-ResourceReload-3/WARN] [net.minecraft.client.sounds.SoundManager/]: File design_decor:sounds/large_chain/place2.ogg does not exist, cannot add it to event dndecor:large_chain_step
[28aug.2026 18:20:38.923] [Worker-ResourceReload-3/WARN] [net.minecraft.client.sounds.SoundManager/]: File design_decor:sounds/large_chain/place3.ogg does not exist, cannot add it to event dndecor:large_chain_step
[28aug.2026 18:20:38.923] [Worker-ResourceReload-3/WARN] [net.minecraft.client.sounds.SoundManager/]: File design_decor:sounds/large_chain/place4.ogg does not exist, cannot add it to event dndecor:large_chain_step
[28aug.2026 18:20:38.923] [Worker-ResourceReload-3/WARN] [net.minecraft.client.sounds.SoundManager/]: File design_decor:sounds/large_chain/place5.ogg does not exist, cannot add it to event dndecor:large_chain_step
[28aug.2026 18:20:38.923] [Worker-ResourceReload-3/WARN] [net.minecraft.client.sounds.SoundManager/]: File design_decor:sounds/large_chain/place6.ogg does not exist, cannot add it to event dndecor:large_chain_step
[28aug.2026 18:20:38.923] [Worker-ResourceReload-3/WARN] [net.minecraft.client.sounds.SoundManager/]: File design_decor:sounds/large_chain/break1.ogg does not exist, cannot add it to event dndecor:large_chain_place
[28aug.2026 18:20:38.923] [Worker-ResourceReload-3/WARN] [net.minecraft.client.sounds.SoundManager/]: File design_decor:sounds/large_chain/break2.ogg does not exist, cannot add it to event dndecor:large_chain_place
[28aug.2026 18:20:38.923] [Worker-ResourceReload-3/WARN] [net.minecraft.client.sounds.SoundManager/]: File design_decor:sounds/large_chain/break3.ogg does not exist, cannot add it to event dndecor:large_chain_place
[28aug.2026 18:20:38.923] [Worker-ResourceReload-3/WARN] [net.minecraft.client.sounds.SoundManager/]: File design_decor:sounds/large_chain/break4.ogg does not exist, cannot add it to event dndecor:large_chain_place
[28aug.2026 18:20:38.923] [Worker-ResourceReload-3/WARN] [net.minecraft.client.sounds.SoundManager/]: File design_decor:sounds/large_chain/place1.ogg does not exist, cannot add it to event dndecor:large_chain_hit
[28aug.2026 18:20:38.923] [Worker-ResourceReload-3/WARN] [net.minecraft.client.sounds.SoundManager/]: File design_decor:sounds/large_chain/place2.ogg does not exist, cannot add it to event dndecor:large_chain_hit
[28aug.2026 18:20:38.924] [Worker-ResourceReload-3/WARN] [net.minecraft.client.sounds.SoundManager/]: File design_decor:sounds/large_chain/place3.ogg does not exist, cannot add it to event dndecor:large_chain_hit
[28aug.2026 18:20:38.924] [Worker-ResourceReload-3/WARN] [net.minecraft.client.sounds.SoundManager/]: File design_decor:sounds/large_chain/place4.ogg does not exist, cannot add it to event dndecor:large_chain_hit
[28aug.2026 18:20:38.924] [Worker-ResourceReload-3/WARN] [net.minecraft.client.sounds.SoundManager/]: File design_decor:sounds/large_chain/place5.ogg does not exist, cannot add it to event dndecor:large_chain_hit
[28aug.2026 18:20:38.924] [Worker-ResourceReload-3/WARN] [net.minecraft.client.sounds.SoundManager/]: File design_decor:sounds/large_chain/place6.ogg does not exist, cannot add it to event dndecor:large_chain_hit
[28aug.2026 18:20:38.924] [Worker-ResourceReload-3/WARN] [net.minecraft.client.sounds.SoundManager/]: File design_decor:sounds/large_chain/place1.ogg does not exist, cannot add it to event dndecor:large_chain_fall
[28aug.2026 18:20:38.924] [Worker-ResourceReload-3/WARN] [net.minecraft.client.sounds.SoundManager/]: File design_decor:sounds/large_chain/place2.ogg does not exist, cannot add it to event dndecor:large_chain_fall
[28aug.2026 18:20:38.924] [Worker-ResourceReload-3/WARN] [net.minecraft.client.sounds.SoundManager/]: File design_decor:sounds/large_chain/place3.ogg does not exist, cannot add it to event dndecor:large_chain_fall
[28aug.2026 18:20:38.924] [Worker-ResourceReload-3/WARN] [net.minecraft.client.sounds.SoundManager/]: File design_decor:sounds/large_chain/place4.ogg does not exist, cannot add it to event dndecor:large_chain_fall
[28aug.2026 18:20:38.924] [Worker-ResourceReload-3/WARN] [net.minecraft.client.sounds.SoundManager/]: File design_decor:sounds/large_chain/place5.ogg does not exist, cannot add it to event dndecor:large_chain_fall
[28aug.2026 18:20:38.924] [Worker-ResourceReload-3/WARN] [net.minecraft.client.sounds.SoundManager/]: File design_decor:sounds/large_chain/place6.ogg does not exist, cannot add it to event dndecor:large_chain_fall
[28aug.2026 18:20:38.971] [Worker-ResourceReload-3/WARN] [net.minecraft.client.sounds.SoundManager/]: File minecraft:sounds/block.amethyst_block.chime.ogg does not exist, cannot add it to event ls_furniture:event.mail_received
[28aug.2026 18:20:38.988] [NeoForge Version Check/INFO] [net.neoforged.fml.VersionChecker/]: [mcwwindows] Found status: UP_TO_DATE Current: 2.4.2 Target: null
[28aug.2026 18:20:38.989] [NeoForge Version Check/INFO] [net.neoforged.fml.VersionChecker/]: [create_jetpack] Starting version check at https://api.modrinth.com/updates/create-jetpack/forge_updates.json?neoforge=only
[28aug.2026 18:20:39.001] [Render thread/WARN] [net.minecraft.server.packs.FilePackResources/]: Invalid path in datapack: cs2_wt:textures/melee/紫色炫彩m9_uv.png, ignoring
[28aug.2026 18:20:39.045] [Worker-ResourceReload-9/ERROR] [GeckoLib/]: Unable to parse animation: melee_3
	-> Failed to parse expression '0-'
		-> Unable to parse compiled symbols from expression: [Left[0], Left[-]]
[28aug.2026 18:20:39.052] [Worker-ResourceReload-9/INFO] [net.minecraft.server.LoggedPrintStream/]: [STDERR]: Geckolib.CompoundException: Unable to parse animation: melee_3
	-> Failed to parse expression '0-'
		-> Unable to parse compiled symbols from expression: [Left[0], Left[-]]
[28aug.2026 18:20:39.053] [Worker-ResourceReload-9/INFO] [net.minecraft.server.LoggedPrintStream/]: [STDERR]: 	at TRANSFORMER/geckolib@4.9.2/software.bernie.geckolib.loading.math.MathParser.parseSymbols(MathParser.java:392)
[28aug.2026 18:20:39.053] [Worker-ResourceReload-9/INFO] [net.minecraft.server.LoggedPrintStream/]: [STDERR]: 	at TRANSFORMER/geckolib@4.9.2/software.bernie.geckolib.loading.math.MathParser.compileExpression(MathParser.java:209)
[28aug.2026 18:20:39.053] [Worker-ResourceReload-9/INFO] [net.minecraft.server.LoggedPrintStream/]: [STDERR]: 	at TRANSFORMER/geckolib@4.9.2/software.bernie.geckolib.loading.math.MathParser.compileMolang(MathParser.java:201)
[28aug.2026 18:20:39.053] [Worker-ResourceReload-9/INFO] [net.minecraft.server.LoggedPrintStream/]: [STDERR]: 	at TRANSFORMER/geckolib@4.9.2/software.bernie.geckolib.loading.math.MathParser.parseJson(MathParser.java:163)
[28aug.2026 18:20:39.053] [Worker-ResourceReload-9/INFO] [net.minecraft.server.LoggedPrintStream/]: [STDERR]: 	at TRANSFORMER/geckolib@4.9.2/software.bernie.geckolib.loading.json.typeadapter.BakedAnimationsAdapter.buildKeyframeStack(BakedAnimationsAdapter.java:204)
[28aug.2026 18:20:39.053] [Worker-ResourceReload-9/INFO] [net.minecraft.server.LoggedPrintStream/]: [STDERR]: 	at TRANSFORMER/geckolib@4.9.2/software.bernie.geckolib.loading.json.typeadapter.BakedAnimationsAdapter.bakeBoneAnimations(BakedAnimationsAdapter.java:78)
[28aug.2026 18:20:39.053] [Worker-ResourceReload-9/INFO] [net.minecraft.server.LoggedPrintStream/]: [STDERR]: 	at TRANSFORMER/geckolib@4.9.2/software.bernie.geckolib.loading.json.typeadapter.BakedAnimationsAdapter.bakeAnimation(BakedAnimationsAdapter.java:61)
[28aug.2026 18:20:39.053] [Worker-ResourceReload-9/INFO] [net.minecraft.server.LoggedPrintStream/]: [STDERR]: 	at TRANSFORMER/geckolib@4.9.2/software.bernie.geckolib.loading.json.typeadapter.BakedAnimationsAdapter.deserialize(BakedAnimationsAdapter.java:41)
[28aug.2026 18:20:39.053] [Worker-ResourceReload-9/INFO] [net.minecraft.server.LoggedPrintStream/]: [STDERR]: 	at TRANSFORMER/geckolib@4.9.2/software.bernie.geckolib.loading.json.typeadapter.BakedAnimationsAdapter.deserialize(BakedAnimationsAdapter.java:31)
[28aug.2026 18:20:39.053] [Worker-ResourceReload-9/INFO] [net.minecraft.server.LoggedPrintStream/]: [STDERR]: 	at MC-BOOTSTRAP/com.google.gson@2.10.1/com.google.gson.internal.bind.TreeTypeAdapter.read(TreeTypeAdapter.java:76)
[28aug.2026 18:20:39.054] [Worker-ResourceReload-9/INFO] [net.minecraft.server.LoggedPrintStream/]: [STDERR]: 	at MC-BOOTSTRAP/com.google.gson@2.10.1/com.google.gson.Gson.fromJson(Gson.java:1227)
[28aug.2026 18:20:39.054] [Worker-ResourceReload-9/INFO] [net.minecraft.server.LoggedPrintStream/]: [STDERR]: 	at MC-BOOTSTRAP/com.google.gson@2.10.1/com.google.gson.Gson.fromJson(Gson.java:1329)
[28aug.2026 18:20:39.054] [Worker-ResourceReload-9/INFO] [net.minecraft.server.LoggedPrintStream/]: [STDERR]: 	at MC-BOOTSTRAP/com.google.gson@2.10.1/com.google.gson.Gson.fromJson(Gson.java:1271)
[28aug.2026 18:20:39.054] [Worker-ResourceReload-9/INFO] [net.minecraft.server.LoggedPrintStream/]: [STDERR]: 	at TRANSFORMER/geckolib@4.9.2/software.bernie.geckolib.loading.FileLoader.loadAnimationsFile(FileLoader.java:36)
[28aug.2026 18:20:39.054] [Worker-ResourceReload-9/INFO] [net.minecraft.server.LoggedPrintStream/]: [STDERR]: 	at TRANSFORMER/geckolib@4.9.2/software.bernie.geckolib.cache.GeckoLibCache.lambda$loadAnimations$2(GeckoLibCache.java:79)
[28aug.2026 18:20:39.054] [Worker-ResourceReload-9/INFO] [net.minecraft.server.LoggedPrintStream/]: [STDERR]: 	at TRANSFORMER/geckolib@4.9.2/software.bernie.geckolib.cache.GeckoLibCache.lambda$loadResources$8(GeckoLibCache.java:121)
[28aug.2026 18:20:39.054] [Worker-ResourceReload-9/INFO] [net.minecraft.server.LoggedPrintStream/]: [STDERR]: 	at java.base/java.util.concurrent.CompletableFuture$AsyncSupply.run(CompletableFuture.java:1768)
[28aug.2026 18:20:39.054] [Worker-ResourceReload-9/INFO] [net.minecraft.server.LoggedPrintStream/]: [STDERR]: 	at java.base/java.util.concurrent.CompletableFuture$AsyncSupply.exec(CompletableFuture.java:1760)
[28aug.2026 18:20:39.054] [Worker-ResourceReload-9/INFO] [net.minecraft.server.LoggedPrintStream/]: [STDERR]: 	at java.base/java.util.concurrent.ForkJoinTask.doExec(ForkJoinTask.java:387)
[28aug.2026 18:20:39.054] [Worker-ResourceReload-9/INFO] [net.minecraft.server.LoggedPrintStream/]: [STDERR]: 	at java.base/java.util.concurrent.ForkJoinPool$WorkQueue.topLevelExec(ForkJoinPool.java:1312)
[28aug.2026 18:20:39.057] [Worker-ResourceReload-9/INFO] [net.minecraft.server.LoggedPrintStream/]: [STDERR]: 	at java.base/java.util.concurrent.ForkJoinPool.scan(ForkJoinPool.java:1843)
[28aug.2026 18:20:39.057] [Worker-ResourceReload-9/INFO] [net.minecraft.server.LoggedPrintStream/]: [STDERR]: 	at java.base/java.util.concurrent.ForkJoinPool.runWorker(ForkJoinPool.java:1808)
[28aug.2026 18:20:39.057] [Worker-ResourceReload-9/INFO] [net.minecraft.server.LoggedPrintStream/]: [STDERR]: 	at java.base/java.util.concurrent.ForkJoinWorkerThread.run(ForkJoinWorkerThread.java:188)
[28aug.2026 18:20:39.124] [NeoForge Version Check/INFO] [net.neoforged.fml.VersionChecker/]: [create_jetpack] Found status: UP_TO_DATE Current: 5.2.1 Target: null
[28aug.2026 18:20:39.124] [NeoForge Version Check/INFO] [net.neoforged.fml.VersionChecker/]: [mcwstairs] Starting version check at https://raw.githubusercontent.com/sketchmacaw/macawsmods/master/stairs.json
[28aug.2026 18:20:39.145] [NeoForge Version Check/INFO] [net.neoforged.fml.VersionChecker/]: [mcwstairs] Found status: UP_TO_DATE Current: 1.0.2 Target: null
[28aug.2026 18:20:39.145] [NeoForge Version Check/INFO] [net.neoforged.fml.VersionChecker/]: [prickle] Starting version check at https://updates.blamejared.com/get?n=prickle&gv=1.21.1&ml=neoforge
[28aug.2026 18:20:39.251] [Worker-ResourceReload-8/INFO] [net.minecraft.client.gui.font.providers.UnihexProvider/]: Found unifont_jp_patch-15.1.05.hex, loading
[28aug.2026 18:20:39.323] [NeoForge Version Check/INFO] [net.neoforged.fml.VersionChecker/]: [prickle] Found status: BETA Current: 21.1.11 Target: 21.1.11
[28aug.2026 18:20:39.324] [NeoForge Version Check/INFO] [net.neoforged.fml.VersionChecker/]: [mcwtrpdoors] Starting version check at https://raw.githubusercontent.com/sketchmacaw/macawsmods/master/trapdoors.json
[28aug.2026 18:20:39.343] [NeoForge Version Check/INFO] [net.neoforged.fml.VersionChecker/]: [mcwtrpdoors] Found status: UP_TO_DATE Current: 1.1.5 Target: null
[28aug.2026 18:20:39.344] [NeoForge Version Check/INFO] [net.neoforged.fml.VersionChecker/]: [improvableskills] Starting version check at https://api.modrinth.com/updates/9fT7HUaI/forge_updates.json?neoforge=only
[28aug.2026 18:20:39.408] [Render thread/INFO] [moreculling/]: Cached all modded block culling states
[28aug.2026 18:20:39.479] [NeoForge Version Check/INFO] [net.neoforged.fml.VersionChecker/]: [improvableskills] Found status: UP_TO_DATE Current: 21.0.2 Target: null
[28aug.2026 18:20:39.480] [NeoForge Version Check/INFO] [net.neoforged.fml.VersionChecker/]: [searchables] Starting version check at https://updates.blamejared.com/get?n=searchables&gv=1.21.1&ml=neoforge
[28aug.2026 18:20:39.515] [NeoForge Version Check/INFO] [net.neoforged.fml.VersionChecker/]: [searchables] Found status: BETA Current: 1.0.2 Target: 1.0.2
[28aug.2026 18:20:39.515] [NeoForge Version Check/INFO] [net.neoforged.fml.VersionChecker/]: [mcwroofs] Starting version check at https://raw.githubusercontent.com/sketchmacaw/macawsmods/master/roofs.json
[28aug.2026 18:20:39.528] [Worker-ResourceReload-10/ERROR] [tacz/]: Couldn't parse data file beans:sight_sro_dot_display from beans:display/attachments/sight_sro_dot_display.json
com.google.gson.JsonParseException: com.google.gson.stream.MalformedJsonException: Expected name at line 9 column 4 path $.texture
	at TRANSFORMER/minecraft@1.21.1/net.minecraft.util.GsonHelper.fromNullableJson(GsonHelper.java:527) ~[client-1.21.1-20240808.144430-srg.jar%23438!/:?]
	at TRANSFORMER/minecraft@1.21.1/net.minecraft.util.GsonHelper.fromJson(GsonHelper.java:532) ~[client-1.21.1-20240808.144430-srg.jar%23438!/:?]
	at TRANSFORMER/tacz@1.1.8-hotfix-r6/com.tacz.guns.util.ResourceScanner.scanDirectory(ResourceScanner.java:41) ~[tacz-neoforge-1.21.1-1.1.8-hotfix-r6.jar%23656!/:?]
	at TRANSFORMER/tacz@1.1.8-hotfix-r6/com.tacz.guns.resource.manager.JsonDataManager.prepare(JsonDataManager.java:50) ~[tacz-neoforge-1.21.1-1.1.8-hotfix-r6.jar%23656!/:?]
	at TRANSFORMER/tacz@1.1.8-hotfix-r6/com.tacz.guns.resource.manager.JsonDataManager.prepare(JsonDataManager.java:27) ~[tacz-neoforge-1.21.1-1.1.8-hotfix-r6.jar%23656!/:?]
	at TRANSFORMER/minecraft@1.21.1/net.minecraft.server.packs.resources.SimplePreparableReloadListener.lambda$reload$0(SimplePreparableReloadListener.java:17) ~[client-1.21.1-20240808.144430-srg.jar%23438!/:?]
	at java.base/java.util.concurrent.CompletableFuture$AsyncSupply.run(CompletableFuture.java:1768) [?:?]
	at java.base/java.util.concurrent.CompletableFuture$AsyncSupply.exec(CompletableFuture.java:1760) [?:?]
	at java.base/java.util.concurrent.ForkJoinTask.doExec(ForkJoinTask.java:387) [?:?]
	at java.base/java.util.concurrent.ForkJoinPool$WorkQueue.topLevelExec(ForkJoinPool.java:1312) [?:?]
	at java.base/java.util.concurrent.ForkJoinPool.scan(ForkJoinPool.java:1843) [?:?]
	at java.base/java.util.concurrent.ForkJoinPool.runWorker(ForkJoinPool.java:1808) [?:?]
	at java.base/java.util.concurrent.ForkJoinWorkerThread.run(ForkJoinWorkerThread.java:188) [?:?]
Caused by: com.google.gson.stream.MalformedJsonException: Expected name at line 9 column 4 path $.texture
	at MC-BOOTSTRAP/com.google.gson@2.10.1/com.google.gson.stream.JsonReader.syntaxError(JsonReader.java:1659) ~[gson-2.10.1.jar%23187!/:?]
	at MC-BOOTSTRAP/com.google.gson@2.10.1/com.google.gson.stream.JsonReader.doPeek(JsonReader.java:514) ~[gson-2.10.1.jar%23187!/:?]
	at MC-BOOTSTRAP/com.google.gson@2.10.1/com.google.gson.stream.JsonReader.hasNext(JsonReader.java:422) ~[gson-2.10.1.jar%23187!/:?]
	at MC-BOOTSTRAP/com.google.gson@2.10.1/com.google.gson.internal.bind.TypeAdapters$28.read(TypeAdapters.java:779) ~[gson-2.10.1.jar%23187!/:?]
	at MC-BOOTSTRAP/com.google.gson@2.10.1/com.google.gson.internal.bind.TypeAdapters$28.read(TypeAdapters.java:725) ~[gson-2.10.1.jar%23187!/:?]
	at MC-BOOTSTRAP/com.google.gson@2.10.1/com.google.gson.internal.bind.TypeAdapters$34$1.read(TypeAdapters.java:1007) ~[gson-2.10.1.jar%23187!/:?]
	at TRANSFORMER/minecraft@1.21.1/net.minecraft.util.GsonHelper.fromNullableJson(GsonHelper.java:525) ~[client-1.21.1-20240808.144430-srg.jar%23438!/:?]
	... 12 more
[28aug.2026 18:20:39.535] [NeoForge Version Check/INFO] [net.neoforged.fml.VersionChecker/]: [mcwroofs] Found status: UP_TO_DATE Current: 2.3.2 Target: null
[28aug.2026 18:20:39.535] [NeoForge Version Check/INFO] [net.neoforged.fml.VersionChecker/]: [mcwfurnitures] Starting version check at https://raw.githubusercontent.com/sketchmacaw/macawsmods/master/furniture.json
[28aug.2026 18:20:39.552] [NeoForge Version Check/INFO] [net.neoforged.fml.VersionChecker/]: [mcwfurnitures] Found status: UP_TO_DATE Current: 3.4.1 Target: null
[28aug.2026 18:20:39.553] [NeoForge Version Check/INFO] [net.neoforged.fml.VersionChecker/]: [dynamic_fps] Starting version check at https://api.lostluma.net/updates/dynamic-fps?platform=neoforge
[28aug.2026 18:20:39.794] [Render thread/INFO] [KubeJS Client/]: Client resource reload complete!
[28aug.2026 18:20:39.993] [NeoForge Version Check/INFO] [net.neoforged.fml.VersionChecker/]: [dynamic_fps] Found status: UP_TO_DATE Current: 3.11.4 Target: null
[28aug.2026 18:20:39.993] [NeoForge Version Check/INFO] [net.neoforged.fml.VersionChecker/]: [toms_storage] Starting version check at https://raw.githubusercontent.com/tom5454/Toms-Storage/master/version-check-nf.json
[28aug.2026 18:20:40.020] [NeoForge Version Check/INFO] [net.neoforged.fml.VersionChecker/]: [toms_storage] Found status: BETA Current: 2.4.1 Target: 2.4.1
[28aug.2026 18:20:40.021] [NeoForge Version Check/INFO] [net.neoforged.fml.VersionChecker/]: [mcwlights] Starting version check at https://raw.githubusercontent.com/sketchmacaw/macawsmods/master/lights.json
[28aug.2026 18:20:40.054] [NeoForge Version Check/INFO] [net.neoforged.fml.VersionChecker/]: [mcwlights] Found status: UP_TO_DATE Current: 1.1.5 Target: null
[28aug.2026 18:20:40.054] [NeoForge Version Check/INFO] [net.neoforged.fml.VersionChecker/]: [attributefix] Starting version check at https://updates.blamejared.com/get?n=attributefix&gv=1.21.1&ml=neoforge
[28aug.2026 18:20:40.091] [NeoForge Version Check/INFO] [net.neoforged.fml.VersionChecker/]: [attributefix] Found status: BETA Current: 21.1.3 Target: 21.1.3
[28aug.2026 18:20:40.092] [NeoForge Version Check/INFO] [net.neoforged.fml.VersionChecker/]: [mcwpaths] Starting version check at https://raw.githubusercontent.com/sketchmacaw/macawsmods/master/paths.json
[28aug.2026 18:20:40.108] [NeoForge Version Check/INFO] [net.neoforged.fml.VersionChecker/]: [mcwpaths] Found status: UP_TO_DATE Current: 1.1.1 Target: null
[28aug.2026 18:20:40.109] [NeoForge Version Check/INFO] [net.neoforged.fml.VersionChecker/]: [voicechat] Starting version check at https://update.maxhenkel.de/neoforge/voicechat
[28aug.2026 18:20:40.149] [Worker-ResourceReload-2/ERROR] [net.minecraft.client.resources.model.ModelManager/]: Failed to load blockstate create_radar:blockstates/radome.json from pack mod/create_radar
com.google.gson.JsonParseException: java.io.EOFException: End of input at line 1 column 1 path $
	at TRANSFORMER/minecraft@1.21.1/net.minecraft.util.GsonHelper.fromNullableJson(GsonHelper.java:527) ~[client-1.21.1-20240808.144430-srg.jar%23438!/:?]
	at TRANSFORMER/minecraft@1.21.1/net.minecraft.util.GsonHelper.fromJson(GsonHelper.java:532) ~[client-1.21.1-20240808.144430-srg.jar%23438!/:?]
	at TRANSFORMER/minecraft@1.21.1/net.minecraft.util.GsonHelper.parse(GsonHelper.java:594) ~[client-1.21.1-20240808.144430-srg.jar%23438!/:?]
	at TRANSFORMER/minecraft@1.21.1/net.minecraft.util.GsonHelper.parse(GsonHelper.java:602) ~[client-1.21.1-20240808.144430-srg.jar%23438!/:?]
	at TRANSFORMER/minecraft@1.21.1/net.minecraft.client.resources.model.ModelManager.lambda$loadBlockStates$12(ModelManager.java:180) ~[client-1.21.1-20240808.144430-srg.jar%23438!/:?]
	at java.base/java.util.concurrent.CompletableFuture$AsyncSupply.run(CompletableFuture.java:1768) [?:?]
	at java.base/java.util.concurrent.CompletableFuture$AsyncSupply.exec(CompletableFuture.java:1760) [?:?]
	at java.base/java.util.concurrent.ForkJoinTask.doExec(ForkJoinTask.java:387) [?:?]
	at java.base/java.util.concurrent.ForkJoinPool$WorkQueue.topLevelExec(ForkJoinPool.java:1312) [?:?]
	at java.base/java.util.concurrent.ForkJoinPool.scan(ForkJoinPool.java:1843) [?:?]
	at java.base/java.util.concurrent.ForkJoinPool.runWorker(ForkJoinPool.java:1808) [?:?]
	at java.base/java.util.concurrent.ForkJoinWorkerThread.run(ForkJoinWorkerThread.java:188) [?:?]
Caused by: java.io.EOFException: End of input at line 1 column 1 path $
	at MC-BOOTSTRAP/com.google.gson@2.10.1/com.google.gson.stream.JsonReader.nextNonWhitespace(JsonReader.java:1457) ~[gson-2.10.1.jar%23187!/:?]
	at MC-BOOTSTRAP/com.google.gson@2.10.1/com.google.gson.stream.JsonReader.doPeek(JsonReader.java:558) ~[gson-2.10.1.jar%23187!/:?]
	at MC-BOOTSTRAP/com.google.gson@2.10.1/com.google.gson.stream.JsonReader.peek(JsonReader.java:433) ~[gson-2.10.1.jar%23187!/:?]
	at MC-BOOTSTRAP/com.google.gson@2.10.1/com.google.gson.internal.bind.TypeAdapters$28.read(TypeAdapters.java:769) ~[gson-2.10.1.jar%23187!/:?]
	at MC-BOOTSTRAP/com.google.gson@2.10.1/com.google.gson.internal.bind.TypeAdapters$28.read(TypeAdapters.java:725) ~[gson-2.10.1.jar%23187!/:?]
	at MC-BOOTSTRAP/com.google.gson@2.10.1/com.google.gson.internal.bind.TypeAdapters$34$1.read(TypeAdapters.java:1007) ~[gson-2.10.1.jar%23187!/:?]
	at TRANSFORMER/minecraft@1.21.1/net.minecraft.util.GsonHelper.fromNullableJson(GsonHelper.java:525) ~[client-1.21.1-20240808.144430-srg.jar%23438!/:?]
	... 11 more
[28aug.2026 18:20:40.231] [Worker-ResourceReload-6/ERROR] [net.minecraft.client.resources.model.ModelManager/]: Failed to load blockstate create_radar:blockstates/shield_jammer.json from pack mod/create_radar
com.google.gson.JsonParseException: java.io.EOFException: End of input at line 1 column 1 path $
	at TRANSFORMER/minecraft@1.21.1/net.minecraft.util.GsonHelper.fromNullableJson(GsonHelper.java:527) ~[client-1.21.1-20240808.144430-srg.jar%23438!/:?]
	at TRANSFORMER/minecraft@1.21.1/net.minecraft.util.GsonHelper.fromJson(GsonHelper.java:532) ~[client-1.21.1-20240808.144430-srg.jar%23438!/:?]
	at TRANSFORMER/minecraft@1.21.1/net.minecraft.util.GsonHelper.parse(GsonHelper.java:594) ~[client-1.21.1-20240808.144430-srg.jar%23438!/:?]
	at TRANSFORMER/minecraft@1.21.1/net.minecraft.util.GsonHelper.parse(GsonHelper.java:602) ~[client-1.21.1-20240808.144430-srg.jar%23438!/:?]
	at TRANSFORMER/minecraft@1.21.1/net.minecraft.client.resources.model.ModelManager.lambda$loadBlockStates$12(ModelManager.java:180) ~[client-1.21.1-20240808.144430-srg.jar%23438!/:?]
	at java.base/java.util.concurrent.CompletableFuture$AsyncSupply.run(CompletableFuture.java:1768) [?:?]
	at java.base/java.util.concurrent.CompletableFuture$AsyncSupply.exec(CompletableFuture.java:1760) [?:?]
	at java.base/java.util.concurrent.ForkJoinTask.doExec(ForkJoinTask.java:387) [?:?]
	at java.base/java.util.concurrent.ForkJoinPool$WorkQueue.topLevelExec(ForkJoinPool.java:1312) [?:?]
	at java.base/java.util.concurrent.ForkJoinPool.scan(ForkJoinPool.java:1843) [?:?]
	at java.base/java.util.concurrent.ForkJoinPool.runWorker(ForkJoinPool.java:1808) [?:?]
	at java.base/java.util.concurrent.ForkJoinWorkerThread.run(ForkJoinWorkerThread.java:188) [?:?]
Caused by: java.io.EOFException: End of input at line 1 column 1 path $
	at MC-BOOTSTRAP/com.google.gson@2.10.1/com.google.gson.stream.JsonReader.nextNonWhitespace(JsonReader.java:1457) ~[gson-2.10.1.jar%23187!/:?]
	at MC-BOOTSTRAP/com.google.gson@2.10.1/com.google.gson.stream.JsonReader.doPeek(JsonReader.java:558) ~[gson-2.10.1.jar%23187!/:?]
	at MC-BOOTSTRAP/com.google.gson@2.10.1/com.google.gson.stream.JsonReader.peek(JsonReader.java:433) ~[gson-2.10.1.jar%23187!/:?]
	at MC-BOOTSTRAP/com.google.gson@2.10.1/com.google.gson.internal.bind.TypeAdapters$28.read(TypeAdapters.java:769) ~[gson-2.10.1.jar%23187!/:?]
	at MC-BOOTSTRAP/com.google.gson@2.10.1/com.google.gson.internal.bind.TypeAdapters$28.read(TypeAdapters.java:725) ~[gson-2.10.1.jar%23187!/:?]
	at MC-BOOTSTRAP/com.google.gson@2.10.1/com.google.gson.internal.bind.TypeAdapters$34$1.read(TypeAdapters.java:1007) ~[gson-2.10.1.jar%23187!/:?]
	at TRANSFORMER/minecraft@1.21.1/net.minecraft.util.GsonHelper.fromNullableJson(GsonHelper.java:525) ~[client-1.21.1-20240808.144430-srg.jar%23438!/:?]
	... 11 more
[28aug.2026 18:20:40.257] [Worker-ResourceReload-2/ERROR] [net.minecraft.client.resources.model.ModelManager/]: Failed to load blockstate create_radar:blockstates/siren.json from pack mod/create_radar
com.google.gson.JsonParseException: java.io.EOFException: End of input at line 1 column 1 path $
	at TRANSFORMER/minecraft@1.21.1/net.minecraft.util.GsonHelper.fromNullableJson(GsonHelper.java:527) ~[client-1.21.1-20240808.144430-srg.jar%23438!/:?]
	at TRANSFORMER/minecraft@1.21.1/net.minecraft.util.GsonHelper.fromJson(GsonHelper.java:532) ~[client-1.21.1-20240808.144430-srg.jar%23438!/:?]
	at TRANSFORMER/minecraft@1.21.1/net.minecraft.util.GsonHelper.parse(GsonHelper.java:594) ~[client-1.21.1-20240808.144430-srg.jar%23438!/:?]
	at TRANSFORMER/minecraft@1.21.1/net.minecraft.util.GsonHelper.parse(GsonHelper.java:602) ~[client-1.21.1-20240808.144430-srg.jar%23438!/:?]
	at TRANSFORMER/minecraft@1.21.1/net.minecraft.client.resources.model.ModelManager.lambda$loadBlockStates$12(ModelManager.java:180) ~[client-1.21.1-20240808.144430-srg.jar%23438!/:?]
	at java.base/java.util.concurrent.CompletableFuture$AsyncSupply.run(CompletableFuture.java:1768) [?:?]
	at java.base/java.util.concurrent.CompletableFuture$AsyncSupply.exec(CompletableFuture.java:1760) [?:?]
	at java.base/java.util.concurrent.ForkJoinTask.doExec(ForkJoinTask.java:387) [?:?]
	at java.base/java.util.concurrent.ForkJoinPool$WorkQueue.topLevelExec(ForkJoinPool.java:1312) [?:?]
	at java.base/java.util.concurrent.ForkJoinPool.scan(ForkJoinPool.java:1843) [?:?]
	at java.base/java.util.concurrent.ForkJoinPool.runWorker(ForkJoinPool.java:1808) [?:?]
	at java.base/java.util.concurrent.ForkJoinWorkerThread.run(ForkJoinWorkerThread.java:188) [?:?]
Caused by: java.io.EOFException: End of input at line 1 column 1 path $
	at MC-BOOTSTRAP/com.google.gson@2.10.1/com.google.gson.stream.JsonReader.nextNonWhitespace(JsonReader.java:1457) ~[gson-2.10.1.jar%23187!/:?]
	at MC-BOOTSTRAP/com.google.gson@2.10.1/com.google.gson.stream.JsonReader.doPeek(JsonReader.java:558) ~[gson-2.10.1.jar%23187!/:?]
	at MC-BOOTSTRAP/com.google.gson@2.10.1/com.google.gson.stream.JsonReader.peek(JsonReader.java:433) ~[gson-2.10.1.jar%23187!/:?]
	at MC-BOOTSTRAP/com.google.gson@2.10.1/com.google.gson.internal.bind.TypeAdapters$28.read(TypeAdapters.java:769) ~[gson-2.10.1.jar%23187!/:?]
	at MC-BOOTSTRAP/com.google.gson@2.10.1/com.google.gson.internal.bind.TypeAdapters$28.read(TypeAdapters.java:725) ~[gson-2.10.1.jar%23187!/:?]
	at MC-BOOTSTRAP/com.google.gson@2.10.1/com.google.gson.internal.bind.TypeAdapters$34$1.read(TypeAdapters.java:1007) ~[gson-2.10.1.jar%23187!/:?]
	at TRANSFORMER/minecraft@1.21.1/net.minecraft.util.GsonHelper.fromNullableJson(GsonHelper.java:525) ~[client-1.21.1-20240808.144430-srg.jar%23438!/:?]
	... 11 more
[28aug.2026 18:20:40.259] [Worker-ResourceReload-2/ERROR] [net.minecraft.client.resources.model.ModelManager/]: Failed to load blockstate create_radar:blockstates/sky_radar.json from pack mod/create_radar
com.google.gson.JsonParseException: java.io.EOFException: End of input at line 1 column 1 path $
	at TRANSFORMER/minecraft@1.21.1/net.minecraft.util.GsonHelper.fromNullableJson(GsonHelper.java:527) ~[client-1.21.1-20240808.144430-srg.jar%23438!/:?]
	at TRANSFORMER/minecraft@1.21.1/net.minecraft.util.GsonHelper.fromJson(GsonHelper.java:532) ~[client-1.21.1-20240808.144430-srg.jar%23438!/:?]
	at TRANSFORMER/minecraft@1.21.1/net.minecraft.util.GsonHelper.parse(GsonHelper.java:594) ~[client-1.21.1-20240808.144430-srg.jar%23438!/:?]
	at TRANSFORMER/minecraft@1.21.1/net.minecraft.util.GsonHelper.parse(GsonHelper.java:602) ~[client-1.21.1-20240808.144430-srg.jar%23438!/:?]
	at TRANSFORMER/minecraft@1.21.1/net.minecraft.client.resources.model.ModelManager.lambda$loadBlockStates$12(ModelManager.java:180) ~[client-1.21.1-20240808.144430-srg.jar%23438!/:?]
	at java.base/java.util.concurrent.CompletableFuture$AsyncSupply.run(CompletableFuture.java:1768) [?:?]
	at java.base/java.util.concurrent.CompletableFuture$AsyncSupply.exec(CompletableFuture.java:1760) [?:?]
	at java.base/java.util.concurrent.ForkJoinTask.doExec(ForkJoinTask.java:387) [?:?]
	at java.base/java.util.concurrent.ForkJoinPool$WorkQueue.topLevelExec(ForkJoinPool.java:1312) [?:?]
	at java.base/java.util.concurrent.ForkJoinPool.scan(ForkJoinPool.java:1843) [?:?]
	at java.base/java.util.concurrent.ForkJoinPool.runWorker(ForkJoinPool.java:1808) [?:?]
	at java.base/java.util.concurrent.ForkJoinWorkerThread.run(ForkJoinWorkerThread.java:188) [?:?]
Caused by: java.io.EOFException: End of input at line 1 column 1 path $
	at MC-BOOTSTRAP/com.google.gson@2.10.1/com.google.gson.stream.JsonReader.nextNonWhitespace(JsonReader.java:1457) ~[gson-2.10.1.jar%23187!/:?]
	at MC-BOOTSTRAP/com.google.gson@2.10.1/com.google.gson.stream.JsonReader.doPeek(JsonReader.java:558) ~[gson-2.10.1.jar%23187!/:?]
	at MC-BOOTSTRAP/com.google.gson@2.10.1/com.google.gson.stream.JsonReader.peek(JsonReader.java:433) ~[gson-2.10.1.jar%23187!/:?]
	at MC-BOOTSTRAP/com.google.gson@2.10.1/com.google.gson.internal.bind.TypeAdapters$28.read(TypeAdapters.java:769) ~[gson-2.10.1.jar%23187!/:?]
	at MC-BOOTSTRAP/com.google.gson@2.10.1/com.google.gson.internal.bind.TypeAdapters$28.read(TypeAdapters.java:725) ~[gson-2.10.1.jar%23187!/:?]
	at MC-BOOTSTRAP/com.google.gson@2.10.1/com.google.gson.internal.bind.TypeAdapters$34$1.read(TypeAdapters.java:1007) ~[gson-2.10.1.jar%23187!/:?]
	at TRANSFORMER/minecraft@1.21.1/net.minecraft.util.GsonHelper.fromNullableJson(GsonHelper.java:525) ~[client-1.21.1-20240808.144430-srg.jar%23438!/:?]
	... 11 more
[28aug.2026 18:20:40.281] [Worker-ResourceReload-8/ERROR] [net.minecraft.client.resources.model.ModelManager/]: Failed to load blockstate create_radar:blockstates/smart_mount.json from pack mod/create_radar
com.google.gson.JsonParseException: java.io.EOFException: End of input at line 1 column 1 path $
	at TRANSFORMER/minecraft@1.21.1/net.minecraft.util.GsonHelper.fromNullableJson(GsonHelper.java:527) ~[client-1.21.1-20240808.144430-srg.jar%23438!/:?]
	at TRANSFORMER/minecraft@1.21.1/net.minecraft.util.GsonHelper.fromJson(GsonHelper.java:532) ~[client-1.21.1-20240808.144430-srg.jar%23438!/:?]
	at TRANSFORMER/minecraft@1.21.1/net.minecraft.util.GsonHelper.parse(GsonHelper.java:594) ~[client-1.21.1-20240808.144430-srg.jar%23438!/:?]
	at TRANSFORMER/minecraft@1.21.1/net.minecraft.util.GsonHelper.parse(GsonHelper.java:602) ~[client-1.21.1-20240808.144430-srg.jar%23438!/:?]
	at TRANSFORMER/minecraft@1.21.1/net.minecraft.client.resources.model.ModelManager.lambda$loadBlockStates$12(ModelManager.java:180) ~[client-1.21.1-20240808.144430-srg.jar%23438!/:?]
	at java.base/java.util.concurrent.CompletableFuture$AsyncSupply.run(CompletableFuture.java:1768) [?:?]
	at java.base/java.util.concurrent.CompletableFuture$AsyncSupply.exec(CompletableFuture.java:1760) [?:?]
	at java.base/java.util.concurrent.ForkJoinTask.doExec(ForkJoinTask.java:387) [?:?]
	at java.base/java.util.concurrent.ForkJoinPool$WorkQueue.topLevelExec(ForkJoinPool.java:1312) [?:?]
	at java.base/java.util.concurrent.ForkJoinPool.scan(ForkJoinPool.java:1843) [?:?]
	at java.base/java.util.concurrent.ForkJoinPool.runWorker(ForkJoinPool.java:1808) [?:?]
	at java.base/java.util.concurrent.ForkJoinWorkerThread.run(ForkJoinWorkerThread.java:188) [?:?]
Caused by: java.io.EOFException: End of input at line 1 column 1 path $
	at MC-BOOTSTRAP/com.google.gson@2.10.1/com.google.gson.stream.JsonReader.nextNonWhitespace(JsonReader.java:1457) ~[gson-2.10.1.jar%23187!/:?]
	at MC-BOOTSTRAP/com.google.gson@2.10.1/com.google.gson.stream.JsonReader.doPeek(JsonReader.java:558) ~[gson-2.10.1.jar%23187!/:?]
	at MC-BOOTSTRAP/com.google.gson@2.10.1/com.google.gson.stream.JsonReader.peek(JsonReader.java:433) ~[gson-2.10.1.jar%23187!/:?]
	at MC-BOOTSTRAP/com.google.gson@2.10.1/com.google.gson.internal.bind.TypeAdapters$28.read(TypeAdapters.java:769) ~[gson-2.10.1.jar%23187!/:?]
	at MC-BOOTSTRAP/com.google.gson@2.10.1/com.google.gson.internal.bind.TypeAdapters$28.read(TypeAdapters.java:725) ~[gson-2.10.1.jar%23187!/:?]
	at MC-BOOTSTRAP/com.google.gson@2.10.1/com.google.gson.internal.bind.TypeAdapters$34$1.read(TypeAdapters.java:1007) ~[gson-2.10.1.jar%23187!/:?]
	at TRANSFORMER/minecraft@1.21.1/net.minecraft.util.GsonHelper.fromNullableJson(GsonHelper.java:525) ~[client-1.21.1-20240808.144430-srg.jar%23438!/:?]
	... 11 more
[28aug.2026 18:20:40.295] [Render thread/WARN] [com.mk2525.vsfluidlink.VsFluidLinkMod/]: Create BlockStressValues class not found
[28aug.2026 18:20:40.301] [Render thread/INFO] [io.github.lightman314.lightmanscurrency.LightmansCurrency/]: Reloading config/lightmanscurrency-common.txt
[28aug.2026 18:20:40.312] [Render thread/INFO] [io.github.lightman314.lightmanscurrency.LightmansCurrency/]: Reloading config/lctech-common.txt
[28aug.2026 18:20:40.330] [Worker-ResourceReload-2/ERROR] [net.minecraft.client.resources.model.ModelManager/]: Failed to load blockstate create_radar:blockstates/sonar_bearing.json from pack mod/create_radar
com.google.gson.JsonParseException: java.io.EOFException: End of input at line 1 column 1 path $
	at TRANSFORMER/minecraft@1.21.1/net.minecraft.util.GsonHelper.fromNullableJson(GsonHelper.java:527) ~[client-1.21.1-20240808.144430-srg.jar%23438!/:?]
	at TRANSFORMER/minecraft@1.21.1/net.minecraft.util.GsonHelper.fromJson(GsonHelper.java:532) ~[client-1.21.1-20240808.144430-srg.jar%23438!/:?]
	at TRANSFORMER/minecraft@1.21.1/net.minecraft.util.GsonHelper.parse(GsonHelper.java:594) ~[client-1.21.1-20240808.144430-srg.jar%23438!/:?]
	at TRANSFORMER/minecraft@1.21.1/net.minecraft.util.GsonHelper.parse(GsonHelper.java:602) ~[client-1.21.1-20240808.144430-srg.jar%23438!/:?]
	at TRANSFORMER/minecraft@1.21.1/net.minecraft.client.resources.model.ModelManager.lambda$loadBlockStates$12(ModelManager.java:180) ~[client-1.21.1-20240808.144430-srg.jar%23438!/:?]
	at java.base/java.util.concurrent.CompletableFuture$AsyncSupply.run(CompletableFuture.java:1768) [?:?]
	at java.base/java.util.concurrent.CompletableFuture$AsyncSupply.exec(CompletableFuture.java:1760) [?:?]
	at java.base/java.util.concurrent.ForkJoinTask.doExec(ForkJoinTask.java:387) [?:?]
	at java.base/java.util.concurrent.ForkJoinPool$WorkQueue.topLevelExec(ForkJoinPool.java:1312) [?:?]
	at java.base/java.util.concurrent.ForkJoinPool.scan(ForkJoinPool.java:1843) [?:?]
	at java.base/java.util.concurrent.ForkJoinPool.runWorker(ForkJoinPool.java:1808) [?:?]
	at java.base/java.util.concurrent.ForkJoinWorkerThread.run(ForkJoinWorkerThread.java:188) [?:?]
Caused by: java.io.EOFException: End of input at line 1 column 1 path $
	at MC-BOOTSTRAP/com.google.gson@2.10.1/com.google.gson.stream.JsonReader.nextNonWhitespace(JsonReader.java:1457) ~[gson-2.10.1.jar%23187!/:?]
	at MC-BOOTSTRAP/com.google.gson@2.10.1/com.google.gson.stream.JsonReader.doPeek(JsonReader.java:558) ~[gson-2.10.1.jar%23187!/:?]
	at MC-BOOTSTRAP/com.google.gson@2.10.1/com.google.gson.stream.JsonReader.peek(JsonReader.java:433) ~[gson-2.10.1.jar%23187!/:?]
	at MC-BOOTSTRAP/com.google.gson@2.10.1/com.google.gson.internal.bind.TypeAdapters$28.read(TypeAdapters.java:769) ~[gson-2.10.1.jar%23187!/:?]
	at MC-BOOTSTRAP/com.google.gson@2.10.1/com.google.gson.internal.bind.TypeAdapters$28.read(TypeAdapters.java:725) ~[gson-2.10.1.jar%23187!/:?]
	at MC-BOOTSTRAP/com.google.gson@2.10.1/com.google.gson.internal.bind.TypeAdapters$34$1.read(TypeAdapters.java:1007) ~[gson-2.10.1.jar%23187!/:?]
	at TRANSFORMER/minecraft@1.21.1/net.minecraft.util.GsonHelper.fromNullableJson(GsonHelper.java:525) ~[client-1.21.1-20240808.144430-srg.jar%23438!/:?]
	... 11 more
[28aug.2026 18:20:40.331] [Worker-ResourceReload-2/ERROR] [net.minecraft.client.resources.model.ModelManager/]: Failed to load blockstate create_radar:blockstates/sonar_panel.json from pack mod/create_radar
com.google.gson.JsonParseException: java.io.EOFException: End of input at line 1 column 1 path $
	at TRANSFORMER/minecraft@1.21.1/net.minecraft.util.GsonHelper.fromNullableJson(GsonHelper.java:527) ~[client-1.21.1-20240808.144430-srg.jar%23438!/:?]
	at TRANSFORMER/minecraft@1.21.1/net.minecraft.util.GsonHelper.fromJson(GsonHelper.java:532) ~[client-1.21.1-20240808.144430-srg.jar%23438!/:?]
	at TRANSFORMER/minecraft@1.21.1/net.minecraft.util.GsonHelper.parse(GsonHelper.java:594) ~[client-1.21.1-20240808.144430-srg.jar%23438!/:?]
	at TRANSFORMER/minecraft@1.21.1/net.minecraft.util.GsonHelper.parse(GsonHelper.java:602) ~[client-1.21.1-20240808.144430-srg.jar%23438!/:?]
	at TRANSFORMER/minecraft@1.21.1/net.minecraft.client.resources.model.ModelManager.lambda$loadBlockStates$12(ModelManager.java:180) ~[client-1.21.1-20240808.144430-srg.jar%23438!/:?]
	at java.base/java.util.concurrent.CompletableFuture$AsyncSupply.run(CompletableFuture.java:1768) [?:?]
	at java.base/java.util.concurrent.CompletableFuture$AsyncSupply.exec(CompletableFuture.java:1760) [?:?]
	at java.base/java.util.concurrent.ForkJoinTask.doExec(ForkJoinTask.java:387) [?:?]
	at java.base/java.util.concurrent.ForkJoinPool$WorkQueue.topLevelExec(ForkJoinPool.java:1312) [?:?]
	at java.base/java.util.concurrent.ForkJoinPool.scan(ForkJoinPool.java:1843) [?:?]
	at java.base/java.util.concurrent.ForkJoinPool.runWorker(ForkJoinPool.java:1808) [?:?]
	at java.base/java.util.concurrent.ForkJoinWorkerThread.run(ForkJoinWorkerThread.java:188) [?:?]
Caused by: java.io.EOFException: End of input at line 1 column 1 path $
	at MC-BOOTSTRAP/com.google.gson@2.10.1/com.google.gson.stream.JsonReader.nextNonWhitespace(JsonReader.java:1457) ~[gson-2.10.1.jar%23187!/:?]
	at MC-BOOTSTRAP/com.google.gson@2.10.1/com.google.gson.stream.JsonReader.doPeek(JsonReader.java:558) ~[gson-2.10.1.jar%23187!/:?]
	at MC-BOOTSTRAP/com.google.gson@2.10.1/com.google.gson.stream.JsonReader.peek(JsonReader.java:433) ~[gson-2.10.1.jar%23187!/:?]
	at MC-BOOTSTRAP/com.google.gson@2.10.1/com.google.gson.internal.bind.TypeAdapters$28.read(TypeAdapters.java:769) ~[gson-2.10.1.jar%23187!/:?]
	at MC-BOOTSTRAP/com.google.gson@2.10.1/com.google.gson.internal.bind.TypeAdapters$28.read(TypeAdapters.java:725) ~[gson-2.10.1.jar%23187!/:?]
	at MC-BOOTSTRAP/com.google.gson@2.10.1/com.google.gson.internal.bind.TypeAdapters$34$1.read(TypeAdapters.java:1007) ~[gson-2.10.1.jar%23187!/:?]
	at TRANSFORMER/minecraft@1.21.1/net.minecraft.util.GsonHelper.fromNullableJson(GsonHelper.java:525) ~[client-1.21.1-20240808.144430-srg.jar%23438!/:?]
	... 11 more
[28aug.2026 18:20:40.367] [Render thread/INFO] [io.github.lightman314.lightmanscurrency.LightmansCurrency/]: ATM Icon Type 'lightmanscurrency:item' has been registered successfully.
[28aug.2026 18:20:40.368] [Render thread/INFO] [io.github.lightman314.lightmanscurrency.LightmansCurrency/]: ATM Icon Type 'lightmanscurrency:small_arrow' has been registered successfully.
[28aug.2026 18:20:40.369] [Render thread/INFO] [io.github.lightman314.lightmanscurrency.LightmansCurrency/]: ATM Icon Type 'lightmanscurrency:texture' has been registered successfully.
[28aug.2026 18:20:40.388] [Render thread/INFO] [io.github.lightman314.lightmanscurrency.LightmansCurrency/]: Registered TraderType lightmanscurrency:item_trader
[28aug.2026 18:20:40.391] [Render thread/INFO] [io.github.lightman314.lightmanscurrency.LightmansCurrency/]: Registered TraderType lightmanscurrency:item_trader_armor
[28aug.2026 18:20:40.393] [Render thread/INFO] [io.github.lightman314.lightmanscurrency.LightmansCurrency/]: Registered TraderType lightmanscurrency:item_trader_ticket
[28aug.2026 18:20:40.394] [Render thread/INFO] [io.github.lightman314.lightmanscurrency.LightmansCurrency/]: Registered TraderType lightmanscurrency:item_trader_book
[28aug.2026 18:20:40.397] [Render thread/INFO] [io.github.lightman314.lightmanscurrency.LightmansCurrency/]: Registered TraderType lightmanscurrency:slot_machine_trader
[28aug.2026 18:20:40.399] [Render thread/INFO] [io.github.lightman314.lightmanscurrency.LightmansCurrency/]: Registered TraderType lightmanscurrency:paygate
[28aug.2026 18:20:40.408] [Render thread/INFO] [io.github.lightman314.lightmanscurrency.LightmansCurrency/]: Registered TraderType lightmanscurrency:auction_house
[28aug.2026 18:20:40.412] [Render thread/INFO] [io.github.lightman314.lightmanscurrency.LightmansCurrency/]: Registered TraderType lightmanscurrency:commands
[28aug.2026 18:20:40.415] [Render thread/INFO] [io.github.lightman314.lightmanscurrency.LightmansCurrency/]: Registered TraderType lightmanscurrency:gacha
[28aug.2026 18:20:40.421] [Render thread/INFO] [io.github.lightman314.lightmanscurrency.LightmansCurrency/]: Registered TradeRuleType lightmanscurrency:player_list
[28aug.2026 18:20:40.421] [Render thread/INFO] [io.github.lightman314.lightmanscurrency.LightmansCurrency/]: Registered TradeRuleType lightmanscurrency:player_trade_limit
[28aug.2026 18:20:40.421] [Render thread/INFO] [io.github.lightman314.lightmanscurrency.LightmansCurrency/]: Registered TradeRuleType lightmanscurrency:discount_list
[28aug.2026 18:20:40.421] [Render thread/INFO] [io.github.lightman314.lightmanscurrency.LightmansCurrency/]: Registered TradeRuleType lightmanscurrency:timed_sale
[28aug.2026 18:20:40.421] [Render thread/INFO] [io.github.lightman314.lightmanscurrency.LightmansCurrency/]: Registered TradeRuleType lightmanscurrency:trade_limit
[28aug.2026 18:20:40.422] [Render thread/INFO] [io.github.lightman314.lightmanscurrency.LightmansCurrency/]: Registered TradeRuleType lightmanscurrency:free_sample
[28aug.2026 18:20:40.422] [Render thread/INFO] [io.github.lightman314.lightmanscurrency.LightmansCurrency/]: Registered TradeRuleType lightmanscurrency:price_fluctuation
[28aug.2026 18:20:40.422] [Render thread/INFO] [io.github.lightman314.lightmanscurrency.LightmansCurrency/]: Registered TradeRuleType lightmanscurrency:demand_pricing
[28aug.2026 18:20:40.422] [Render thread/INFO] [io.github.lightman314.lightmanscurrency.LightmansCurrency/]: Registered TradeRuleType lightmanscurrency:daily_trades
[28aug.2026 18:20:40.422] [Render thread/INFO] [io.github.lightman314.lightmanscurrency.LightmansCurrency/]: Registered TradeRuleType lightmanscurrency:discount_code
[28aug.2026 18:20:40.422] [Render thread/INFO] [io.github.lightman314.lightmanscurrency.LightmansCurrency/]: Registered NotificationType lightmanscurrency:item_trade
[28aug.2026 18:20:40.422] [Render thread/INFO] [io.github.lightman314.lightmanscurrency.LightmansCurrency/]: Registered NotificationType lightmanscurrency:paygate_trade
[28aug.2026 18:20:40.422] [Render thread/INFO] [io.github.lightman314.lightmanscurrency.LightmansCurrency/]: Registered NotificationType lightmanscurrency:slot_machine_trade
[28aug.2026 18:20:40.422] [Render thread/INFO] [io.github.lightman314.lightmanscurrency.LightmansCurrency/]: Registered NotificationType lightmanscurrency:out_of_stock
[28aug.2026 18:20:40.422] [Render thread/INFO] [io.github.lightman314.lightmanscurrency.LightmansCurrency/]: Registered NotificationType lightmanscurrency:bank_low_balance
[28aug.2026 18:20:40.422] [Render thread/INFO] [io.github.lightman314.lightmanscurrency.LightmansCurrency/]: Registered NotificationType lightmanscurrency:auction_house_seller
[28aug.2026 18:20:40.422] [Render thread/INFO] [io.github.lightman314.lightmanscurrency.LightmansCurrency/]: Registered NotificationType lightmanscurrency:auction_house_buyer
[28aug.2026 18:20:40.423] [Render thread/INFO] [io.github.lightman314.lightmanscurrency.LightmansCurrency/]: Registered NotificationType lightmanscurrency:auction_house_seller_nobid
[28aug.2026 18:20:40.423] [Render thread/INFO] [io.github.lightman314.lightmanscurrency.LightmansCurrency/]: Registered NotificationType lightmanscurrency:auction_house_outbid
[28aug.2026 18:20:40.423] [Render thread/INFO] [io.github.lightman314.lightmanscurrency.LightmansCurrency/]: Registered NotificationType lightmanscurrency:auction_house_canceled
[28aug.2026 18:20:40.433] [Render thread/INFO] [io.github.lightman314.lightmanscurrency.LightmansCurrency/]: Registered NotificationType lightmanscurrency:text
[28aug.2026 18:20:40.433] [Render thread/INFO] [io.github.lightman314.lightmanscurrency.LightmansCurrency/]: Registered NotificationType lightmanscurrency:add_remove_ally
[28aug.2026 18:20:40.434] [Render thread/INFO] [io.github.lightman314.lightmanscurrency.LightmansCurrency/]: Registered NotificationType lightmanscurrency:add_remove_trade
[28aug.2026 18:20:40.434] [Render thread/INFO] [io.github.lightman314.lightmanscurrency.LightmansCurrency/]: Registered NotificationType lightmanscurrency:change_ally_permissions
[28aug.2026 18:20:40.435] [Render thread/INFO] [io.github.lightman314.lightmanscurrency.LightmansCurrency/]: Registered NotificationType lightmanscurrency:change_creative
[28aug.2026 18:20:40.435] [Render thread/INFO] [io.github.lightman314.lightmanscurrency.LightmansCurrency/]: Registered NotificationType lightmanscurrency:changed_name
[28aug.2026 18:20:40.435] [Render thread/INFO] [io.github.lightman314.lightmanscurrency.LightmansCurrency/]: Registered NotificationType lightmanscurrency:change_ownership
[28aug.2026 18:20:40.435] [Render thread/INFO] [io.github.lightman314.lightmanscurrency.LightmansCurrency/]: Registered NotificationType lightmanscurrency:change_settings_simple
[28aug.2026 18:20:40.435] [Render thread/INFO] [io.github.lightman314.lightmanscurrency.LightmansCurrency/]: Registered NotificationType lightmanscurrency:change_settings_advanced
[28aug.2026 18:20:40.435] [Render thread/INFO] [io.github.lightman314.lightmanscurrency.LightmansCurrency/]: Registered NotificationType lightmanscurrency:change_settings_dumb
[28aug.2026 18:20:40.440] [Render thread/INFO] [io.github.lightman314.lightmanscurrency.LightmansCurrency/]: Registered NotificationType lightmanscurrency:bank_deposit_player
[28aug.2026 18:20:40.440] [Render thread/INFO] [io.github.lightman314.lightmanscurrency.LightmansCurrency/]: Registered NotificationType lightmanscurrency:bank_deposit_trader
[28aug.2026 18:20:40.440] [Render thread/INFO] [io.github.lightman314.lightmanscurrency.LightmansCurrency/]: Registered NotificationType lightmanscurrency:bank_deposit_server
[28aug.2026 18:20:40.440] [Render thread/INFO] [io.github.lightman314.lightmanscurrency.LightmansCurrency/]: Registered NotificationType lightmanscurrency:bank_transfer
[28aug.2026 18:20:40.440] [Render thread/INFO] [io.github.lightman314.lightmanscurrency.LightmansCurrency/]: Registered NotificationType lightmanscurrency:bank_interest
[28aug.2026 18:20:40.440] [Render thread/INFO] [io.github.lightman314.lightmanscurrency.LightmansCurrency/]: Registered NotificationType lightmanscurrency:taxes_collected
[28aug.2026 18:20:40.440] [Render thread/INFO] [io.github.lightman314.lightmanscurrency.LightmansCurrency/]: Registered NotificationType lightmanscurrency:taxes_paid
[28aug.2026 18:20:40.440] [Render thread/INFO] [io.github.lightman314.lightmanscurrency.LightmansCurrency/]: Registered NotificationType lightmanscurrency:block_ejected
[28aug.2026 18:20:40.441] [Render thread/INFO] [io.github.lightman314.lightmanscurrency.LightmansCurrency/]: Registered NotificationType lightmanscurrency:command_trade
[28aug.2026 18:20:40.441] [Render thread/INFO] [io.github.lightman314.lightmanscurrency.LightmansCurrency/]: Registered NotificationType lightmanscurrency:gacha_trade
[28aug.2026 18:20:40.441] [Render thread/INFO] [io.github.lightman314.lightmanscurrency.LightmansCurrency/]: Registered NotificationType lightmanscurrency:bank_salary_payment
[28aug.2026 18:20:40.442] [Render thread/INFO] [io.github.lightman314.lightmanscurrency.LightmansCurrency/]: Registered NotificationCategoryType lightmanscurrency:general
[28aug.2026 18:20:40.442] [Render thread/INFO] [io.github.lightman314.lightmanscurrency.LightmansCurrency/]: Registered NotificationCategoryType lightmanscurrency:null
[28aug.2026 18:20:40.493] [Render thread/INFO] [io.github.lightman314.lightmanscurrency.LightmansCurrency/]: Registered NotificationCategoryType lightmanscurrency:seasonal_event
[28aug.2026 18:20:40.555] [Render thread/INFO] [io.github.lightman314.lightmanscurrency.LightmansCurrency/]: Registered NotificationCategoryType lightmanscurrency:trader
[28aug.2026 18:20:40.569] [Render thread/INFO] [io.github.lightman314.lightmanscurrency.LightmansCurrency/]: Registered NotificationCategoryType lightmanscurrency:bank
[28aug.2026 18:20:40.569] [Render thread/INFO] [io.github.lightman314.lightmanscurrency.LightmansCurrency/]: Registered NotificationCategoryType lightmanscurrency:auction_house
[28aug.2026 18:20:40.570] [Render thread/INFO] [io.github.lightman314.lightmanscurrency.LightmansCurrency/]: Registered NotificationCategoryType lightmanscurrency:tax_entry
[28aug.2026 18:20:40.586] [NeoForge Version Check/INFO] [net.neoforged.fml.VersionChecker/]: [voicechat] Found status: UP_TO_DATE Current: 1.21.1-2.6.22 Target: null
[28aug.2026 18:20:40.586] [NeoForge Version Check/INFO] [net.neoforged.fml.VersionChecker/]: [sound_physics_remastered] Starting version check at https://update.maxhenkel.de/neoforge/sound_physics_remastered
[28aug.2026 18:20:40.615] [NeoForge Version Check/INFO] [net.neoforged.fml.VersionChecker/]: [sound_physics_remastered] Found status: BETA Current: 1.21.1-1.5.1 Target: 1.21.1-1.5.1
[28aug.2026 18:20:40.616] [NeoForge Version Check/INFO] [net.neoforged.fml.VersionChecker/]: [gravestone] Starting version check at https://update.maxhenkel.de/neoforge/gravestone
[28aug.2026 18:20:40.646] [NeoForge Version Check/INFO] [net.neoforged.fml.VersionChecker/]: [gravestone] Found status: UP_TO_DATE Current: 1.21.1-1.0.40 Target: null
[28aug.2026 18:20:40.646] [NeoForge Version Check/INFO] [net.neoforged.fml.VersionChecker/]: [puzzleslib] Starting version check at https://raw.githubusercontent.com/Fuzss/modresources/main/update/puzzleslib.json
[28aug.2026 18:20:40.673] [Render thread/INFO] [io.github.lightman314.lightmanscurrency.LightmansCurrency/]: Registered Item Listing serializer 'lightmanscurrency:simple'
[28aug.2026 18:20:40.673] [NeoForge Version Check/INFO] [net.neoforged.fml.VersionChecker/]: [puzzleslib] Found status: UP_TO_DATE Current: 21.1.52 Target: null
[28aug.2026 18:20:40.674] [NeoForge Version Check/INFO] [net.neoforged.fml.VersionChecker/]: [aerocables] Starting version check at https://raw.githubusercontent.com/tom5454/AeroCables/main/version-check.json
[28aug.2026 18:20:40.691] [NeoForge Version Check/INFO] [net.neoforged.fml.VersionChecker/]: [aerocables] Found status: BETA Current: 0.4.0 Target: 0.4.0
[28aug.2026 18:20:40.691] [NeoForge Version Check/INFO] [net.neoforged.fml.VersionChecker/]: [controlling] Starting version check at https://updates.blamejared.com/get?n=controlling&gv=1.21.1&ml=neoforge
[28aug.2026 18:20:40.693] [Render thread/INFO] [io.github.lightman314.lightmanscurrency.LightmansCurrency/]: Registered Item Listing serializer 'lightmanscurrency:random_selection'
[28aug.2026 18:20:40.696] [Render thread/INFO] [io.github.lightman314.lightmanscurrency.LightmansCurrency/]: Registered Item Listing serializer 'lightmanscurrency:enchanted_item_for_coins'
[28aug.2026 18:20:40.698] [Render thread/INFO] [io.github.lightman314.lightmanscurrency.LightmansCurrency/]: Registered Item Listing serializer 'lightmanscurrency:enchanted_book_for_coins'
[28aug.2026 18:20:40.700] [Render thread/INFO] [io.github.lightman314.lightmanscurrency.LightmansCurrency/]: Registered Item Listing serializer 'lightmanscurrency:items_for_map'
[28aug.2026 18:20:40.729] [NeoForge Version Check/INFO] [net.neoforged.fml.VersionChecker/]: [controlling] Found status: BETA Current: 19.0.5 Target: 19.0.5
[28aug.2026 18:20:40.729] [NeoForge Version Check/INFO] [net.neoforged.fml.VersionChecker/]: [bookshelf] Starting version check at https://updates.blamejared.com/get?n=bookshelf&gv=1.21.1&ml=neoforge
[28aug.2026 18:20:40.777] [Render thread/INFO] [io.github.lightman314.lightmanscurrency.LightmansCurrency/]: Registered TraderType lctech:fluid_trader
[28aug.2026 18:20:40.776] [NeoForge Version Check/INFO] [net.neoforged.fml.VersionChecker/]: [bookshelf] Found status: BETA Current: 21.1.81 Target: 21.1.81
[28aug.2026 18:20:40.782] [Render thread/INFO] [io.github.lightman314.lightmanscurrency.LightmansCurrency/]: Registered TraderType lctech:energy_trader
[28aug.2026 18:20:40.785] [Render thread/INFO] [io.github.lightman314.lightmanscurrency.LightmansCurrency/]: Registered NotificationType lctech:fluid_trade
[28aug.2026 18:20:40.785] [Render thread/INFO] [io.github.lightman314.lightmanscurrency.LightmansCurrency/]: Registered NotificationType lctech:energy_trade
[28aug.2026 18:20:40.785] [Render thread/INFO] [io.github.lightman314.lightmanscompat.waystones.WaystonesNode/]: Registering Waystone Requirements, Parameters, and Modifiers
[28aug.2026 18:20:40.781] [NeoForge Version Check/INFO] [net.neoforged.fml.VersionChecker/]: [mcwdoors] Starting version check at https://raw.githubusercontent.com/sketchmacaw/macawsmods/master/doors.json
[28aug.2026 18:20:40.806] [Render thread/INFO] [ls_furniture/]: Starting fuel registration
[28aug.2026 18:20:40.806] [Render thread/INFO] [ls_furniture/]: Registering fuel for item: ls_furniture:oak_furniture_pack
[28aug.2026 18:20:40.807] [NeoForge Version Check/INFO] [net.neoforged.fml.VersionChecker/]: [mcwdoors] Found status: AHEAD Current: 1.1.5 Target: null
[28aug.2026 18:20:40.808] [NeoForge Version Check/INFO] [net.neoforged.fml.VersionChecker/]: [create_connected] Starting version check at https://raw.githubusercontent.com/hlysine/create_connected/main/update.json
[28aug.2026 18:20:40.814] [Render thread/INFO] [ls_furniture/]: Registering fuel for item: ls_furniture:spruce_furniture_pack
[28aug.2026 18:20:40.815] [Render thread/INFO] [ls_furniture/]: Registering fuel for item: ls_furniture:birch_furniture_pack
[28aug.2026 18:20:40.815] [Render thread/INFO] [ls_furniture/]: Registering fuel for item: ls_furniture:jungle_furniture_pack
[28aug.2026 18:20:40.815] [Render thread/INFO] [ls_furniture/]: Registering fuel for item: ls_furniture:acacia_furniture_pack
[28aug.2026 18:20:40.815] [Render thread/INFO] [ls_furniture/]: Registering fuel for item: ls_furniture:dark_oak_furniture_pack
[28aug.2026 18:20:40.815] [Render thread/INFO] [ls_furniture/]: Registering fuel for item: ls_furniture:mangrove_furniture_pack
[28aug.2026 18:20:40.815] [Render thread/INFO] [ls_furniture/]: Registering fuel for item: ls_furniture:cherry_furniture_pack
[28aug.2026 18:20:40.815] [Render thread/INFO] [ls_furniture/]: Registering fuel for item: ls_furniture:bamboo_furniture_pack
[28aug.2026 18:20:40.815] [Render thread/INFO] [ls_furniture/]: Registering fuel for item: ls_furniture:crimson_furniture_pack
[28aug.2026 18:20:40.815] [Render thread/INFO] [ls_furniture/]: Registering fuel for item: ls_furniture:warped_furniture_pack
[28aug.2026 18:20:40.821] [Render thread/INFO] [com.happysg.radar.CreateRadar/]: Registering Display Sources!
[28aug.2026 18:20:40.830] [NeoForge Version Check/INFO] [net.neoforged.fml.VersionChecker/]: [create_connected] Found status: UP_TO_DATE Current: 1.3.2-mc1.21.1 Target: null
[28aug.2026 18:20:40.830] [NeoForge Version Check/INFO] [net.neoforged.fml.VersionChecker/]: [chipped] Starting version check at https://api.modrinth.com/updates/BAscRYKm/forge_updates.json
[28aug.2026 18:20:40.852] [Render thread/INFO] [tacz/SYNCED_ENTITY_DATA_TAC_COPY]: Registered synced data key tacz:shoot_cool_down for minecraft:living_entity
[28aug.2026 18:20:40.852] [Render thread/INFO] [tacz/SYNCED_ENTITY_DATA_TAC_COPY]: Registered synced data key tacz:melee_cool_down for minecraft:living_entity
[28aug.2026 18:20:40.852] [Render thread/INFO] [tacz/SYNCED_ENTITY_DATA_TAC_COPY]: Registered synced data key tacz:reload_state for minecraft:living_entity
[28aug.2026 18:20:40.852] [Render thread/INFO] [tacz/SYNCED_ENTITY_DATA_TAC_COPY]: Registered synced data key tacz:aiming_progress for minecraft:living_entity
[28aug.2026 18:20:40.852] [Render thread/INFO] [tacz/SYNCED_ENTITY_DATA_TAC_COPY]: Registered synced data key tacz:draw_cool_down for minecraft:living_entity
[28aug.2026 18:20:40.852] [Render thread/INFO] [tacz/SYNCED_ENTITY_DATA_TAC_COPY]: Registered synced data key tacz:is_aiming for minecraft:living_entity
[28aug.2026 18:20:40.852] [Render thread/INFO] [tacz/SYNCED_ENTITY_DATA_TAC_COPY]: Registered synced data key tacz:sprint_time for minecraft:living_entity
[28aug.2026 18:20:40.852] [Render thread/INFO] [tacz/SYNCED_ENTITY_DATA_TAC_COPY]: Registered synced data key tacz:is_bolting for minecraft:living_entity
[28aug.2026 18:20:40.852] [Render thread/INFO] [tacz/SYNCED_ENTITY_DATA_TAC_COPY]: Registered synced data key tacz:throwable_using for minecraft:living_entity
[28aug.2026 18:20:40.951] [Render thread/INFO] [Create Stats and Numbers/]: [create_stats] Display Target registered: create_stats:stats_panel -> BY_BLOCK + BY_BLOCK_ENTITY
[28aug.2026 18:20:40.951] [Render thread/INFO] [Create Stats and Numbers/]: [create_stats] Display Target registered: create_stats:inventory_display -> Inventory Display
[28aug.2026 18:20:40.951] [Render thread/INFO] [Create Stats and Numbers/]: [create_stats] Display Target registered: create_stats:battle_screen_display -> Battle Bridge
[28aug.2026 18:20:40.951] [Render thread/INFO] [Create Stats and Numbers/]: [create_stats] Display Target registered: create_stats:fcc_display -> FCC
[28aug.2026 18:20:40.951] [Render thread/INFO] [Create Stats and Numbers/]: [create_stats] Display Target registered: create_stats:vcc_mk3_display -> VCC Mk III
[28aug.2026 18:20:40.951] [Render thread/INFO] [Create Stats and Numbers/]: [create_stats] Display Target registered: create_stats:vcc_mk2_display -> VCC Mk II
[28aug.2026 18:20:40.951] [Render thread/INFO] [Create Stats and Numbers/]: [create_stats] Display Target registered: create_stats:pathfinder_computer -> Pathfinder Computer
[28aug.2026 18:20:40.951] [Render thread/INFO] [Create Stats and Numbers/]: [create_stats] Display Target registered: create_stats:eink_panel -> E-Ink Data Panel
[28aug.2026 18:20:40.957] [Render thread/INFO] [Create Stats and Numbers/]: [create_stats] Display Source registered: Stats Link / Cargo Link -> supported display-link sources
[28aug.2026 18:20:40.959] [Render thread/INFO] [Create Stats and Numbers/]: Registered Pilot Helmet as a goggles-equivalent for Create overlays.
[28aug.2026 18:20:40.959] [Render thread/INFO] [Create Stats and Numbers/]: Registered Induction Heater as a boiler heat source.
[28aug.2026 18:20:40.984] [Render thread/INFO] [sable_player_ragdoll/]: [sable_player_ragdoll] post-physics ragdoll hook registered
[28aug.2026 18:20:42.324] [NeoForge Version Check/INFO] [net.neoforged.fml.VersionChecker/]: [chipped] Found status: BETA Current: 4.0.2 Target: null
[28aug.2026 18:20:42.325] [NeoForge Version Check/INFO] [net.neoforged.fml.VersionChecker/]: [mcwfences] Starting version check at https://raw.githubusercontent.com/sketchmacaw/macawsmods/master/fences.json
[28aug.2026 18:20:42.390] [NeoForge Version Check/INFO] [net.neoforged.fml.VersionChecker/]: [mcwfences] Found status: UP_TO_DATE Current: 1.2.1 Target: null
[28aug.2026 18:20:42.390] [NeoForge Version Check/INFO] [net.neoforged.fml.VersionChecker/]: [computercraft] Starting version check at https://api.modrinth.com/updates/cc-tweaked/forge_updates.json
[28aug.2026 18:20:42.529] [Worker-ResourceReload-0/ERROR] [net.minecraft.client.resources.model.ModelManager/]: Failed to load model create_radar:models/block/cannon_mount_radar.json
com.google.gson.JsonParseException: JSON data was null or empty
	at TRANSFORMER/minecraft@1.21.1/net.minecraft.util.GsonHelper.fromJson(GsonHelper.java:534) ~[client-1.21.1-20240808.144430-srg.jar%23438!/:?]
	at TRANSFORMER/minecraft@1.21.1/net.minecraft.util.GsonHelper.fromJson(GsonHelper.java:582) ~[client-1.21.1-20240808.144430-srg.jar%23438!/:?]
	at TRANSFORMER/minecraft@1.21.1/net.minecraft.client.renderer.block.model.BlockModel.fromStream(BlockModel.java:83) ~[client-1.21.1-20240808.144430-srg.jar%23438!/:?]
	at TRANSFORMER/minecraft@1.21.1/net.minecraft.client.resources.model.ModelManager.lambda$loadBlockModels$8(ModelManager.java:144) ~[client-1.21.1-20240808.144430-srg.jar%23438!/:?]
	at java.base/java.util.concurrent.CompletableFuture$AsyncSupply.run(CompletableFuture.java:1768) [?:?]
	at java.base/java.util.concurrent.CompletableFuture$AsyncSupply.exec(CompletableFuture.java:1760) [?:?]
	at java.base/java.util.concurrent.ForkJoinTask.doExec(ForkJoinTask.java:387) [?:?]
	at java.base/java.util.concurrent.ForkJoinPool$WorkQueue.topLevelExec(ForkJoinPool.java:1312) [?:?]
	at java.base/java.util.concurrent.ForkJoinPool.scan(ForkJoinPool.java:1843) [?:?]
	at java.base/java.util.concurrent.ForkJoinPool.runWorker(ForkJoinPool.java:1808) [?:?]
	at java.base/java.util.concurrent.ForkJoinWorkerThread.run(ForkJoinWorkerThread.java:188) [?:?]
[28aug.2026 18:20:42.560] [NeoForge Version Check/INFO] [net.neoforged.fml.VersionChecker/]: [computercraft] Found status: BETA Current: 1.120.2 Target: null
[28aug.2026 18:20:42.582] [NeoForge Version Check/INFO] [net.neoforged.fml.VersionChecker/]: [copycats] Starting version check at https://raw.githubusercontent.com/copycats-plus/copycats/multiloader/update.json
[28aug.2026 18:20:42.615] [NeoForge Version Check/INFO] [net.neoforged.fml.VersionChecker/]: [copycats] Found status: AHEAD Current: 3.0.8+mc.1.21.1-neoforge Target: null
[28aug.2026 18:20:42.615] [NeoForge Version Check/INFO] [net.neoforged.fml.VersionChecker/]: [easymagic] Starting version check at https://raw.githubusercontent.com/Fuzss/modresources/main/update/easymagic.json
[28aug.2026 18:20:42.640] [NeoForge Version Check/INFO] [net.neoforged.fml.VersionChecker/]: [easymagic] Found status: UP_TO_DATE Current: 21.1.4 Target: null
[28aug.2026 18:20:42.641] [NeoForge Version Check/INFO] [net.neoforged.fml.VersionChecker/]: [create_ltab] Starting version check at https://api.modrinth.com/updates/create-let-the-adventure-begin/forge_updates.json
[28aug.2026 18:20:42.782] [NeoForge Version Check/INFO] [net.neoforged.fml.VersionChecker/]: [create_ltab] Found status: UP_TO_DATE Current: 4.1.0 Target: null
[28aug.2026 18:20:42.782] [NeoForge Version Check/INFO] [net.neoforged.fml.VersionChecker/]: [cutthrough] Starting version check at https://raw.githubusercontent.com/Fuzss/modresources/main/update/cutthrough.json
[28aug.2026 18:20:42.815] [NeoForge Version Check/INFO] [net.neoforged.fml.VersionChecker/]: [cutthrough] Found status: UP_TO_DATE Current: 21.1.0 Target: null
[28aug.2026 18:20:42.815] [NeoForge Version Check/INFO] [net.neoforged.fml.VersionChecker/]: [create] Starting version check at https://api.modrinth.com/updates/create/forge_updates.json?neoforge=only
[28aug.2026 18:20:42.880] [Worker-ResourceReload-6/INFO] [org.zeith.hammerlib.HammerLib/]: Registering TESR for tile hammerlib:test_machine
[28aug.2026 18:20:42.966] [NeoForge Version Check/INFO] [net.neoforged.fml.VersionChecker/]: [create] Found status: OUTDATED Current: 6.0.10 Target: 6.0.10+mc1.21.1
[28aug.2026 18:20:42.966] [NeoForge Version Check/INFO] [net.neoforged.fml.VersionChecker/]: [sliceanddice] Starting version check at https://api.modrinth.com/updates/slice-and-dice/forge_updates.json?neoforge=only
[28aug.2026 18:20:43.071] [Worker-ResourceReload-6/INFO] [voicechat/]: [voicechat] Initializing Opus
[28aug.2026 18:20:43.105] [NeoForge Version Check/INFO] [net.neoforged.fml.VersionChecker/]: [sliceanddice] Found status: UP_TO_DATE Current: 4.3.3 Target: null
[28aug.2026 18:20:43.106] [NeoForge Version Check/INFO] [net.neoforged.fml.VersionChecker/]: [createsifter] Starting version check at https://api.modrinth.com/updates/create-sifting/forge_updates.json
[28aug.2026 18:20:43.257] [NeoForge Version Check/INFO] [net.neoforged.fml.VersionChecker/]: [createsifter] Found status: BETA Current: 1.21.1-2.2.2 Target: null
[28aug.2026 18:20:43.257] [NeoForge Version Check/INFO] [net.neoforged.fml.VersionChecker/]: [chiselsandbits] Starting version check at https://curseupdate.com/231095/chiselsandbits?ml=neoforge
[28aug.2026 18:20:43.288] [Worker-ResourceReload-6/INFO] [voicechat/]: [voicechat] Successfully initialized Opus
[28aug.2026 18:20:43.289] [Worker-ResourceReload-6/INFO] [voicechat/]: [voicechat] Initializing RNNoise
[28aug.2026 18:20:43.368] [Worker-ResourceReload-6/INFO] [voicechat/]: [voicechat] Successfully initialized RNNoise
[28aug.2026 18:20:43.385] [Worker-ResourceReload-6/INFO] [voicechat/]: [voicechat] Initializing Speex
[28aug.2026 18:20:43.460] [Worker-ResourceReload-6/INFO] [voicechat/]: [voicechat] Successfully initialized Speex
[28aug.2026 18:20:43.469] [Worker-ResourceReload-6/INFO] [voicechat/]: [voicechat] Initializing LAME
[28aug.2026 18:20:43.571] [NeoForge Version Check/INFO] [net.neoforged.fml.VersionChecker/]: [chiselsandbits] Found status: OUTDATED Current: 21.1.32 Target: 21.1.33
[28aug.2026 18:20:43.579] [Worker-ResourceReload-9/INFO] [CraterLoader/]: Loading Early Init Plugins
[28aug.2026 18:20:43.618] [Worker-ResourceReload-6/INFO] [voicechat/]: [voicechat] Successfully initialized LAME
[28aug.2026 18:20:43.674] [Worker-ResourceReload-5/INFO] [SpectreLib/]: Registering config screens for mod charmofundying with 1 config(s)
[28aug.2026 18:20:43.675] [Worker-ResourceReload-5/INFO] [xaero.minimap.XaeroMinimap/]: Loading Xaero's Minimap - Stage 1/2
[28aug.2026 18:20:43.687] [Worker-ResourceReload-6/INFO] [voicechat/]: [voicechat] Using Cloth Config GUI
[28aug.2026 18:20:43.727] [Worker-ResourceReload-6/INFO] [Sound Physics - General/]: Reloading reverb parameters
[28aug.2026 18:20:43.851] [Worker-ResourceReload-4/INFO] [xaero.map.WorldMap/]: Loading Xaero's World Map - Stage 1/2
[28aug.2026 18:20:43.924] [Worker-ResourceReload-6/INFO] [Sound Physics - General/]: Unknown sound in sound rate config: parcool:action.breakfall.just
[28aug.2026 18:20:43.925] [Worker-ResourceReload-6/INFO] [Sound Physics - General/]: Unknown sound in sound rate config: parcool:action.breakfall.roll
[28aug.2026 18:20:43.925] [Worker-ResourceReload-6/INFO] [Sound Physics - General/]: Unknown sound in sound rate config: parcool:action.breakfall.tap
[28aug.2026 18:20:43.925] [Worker-ResourceReload-6/INFO] [Sound Physics - General/]: Unknown sound in sound rate config: parcool:action.catleap
[28aug.2026 18:20:43.925] [Worker-ResourceReload-6/INFO] [Sound Physics - General/]: Unknown sound in sound rate config: parcool:action.cling_to_cliff.grab
[28aug.2026 18:20:43.925] [Worker-ResourceReload-6/INFO] [Sound Physics - General/]: Unknown sound in sound rate config: parcool:action.cling_to_cliff.jump
[28aug.2026 18:20:43.925] [Worker-ResourceReload-6/INFO] [Sound Physics - General/]: Unknown sound in sound rate config: parcool:action.hang_down.grab
[28aug.2026 18:20:43.925] [Worker-ResourceReload-6/INFO] [Sound Physics - General/]: Unknown sound in sound rate config: parcool:action.hang_down.jump
[28aug.2026 18:20:43.925] [Worker-ResourceReload-6/INFO] [Sound Physics - General/]: Unknown sound in sound rate config: parcool:action.v_wall_run
[28aug.2026 18:20:43.926] [Worker-ResourceReload-6/INFO] [Sound Physics - General/]: Unknown sound in sound rate config: forbidden_arcanus:block.clibano.fire_crackle
[28aug.2026 18:20:43.926] [Worker-ResourceReload-6/INFO] [Sound Physics - General/]: Unknown sound in sound rate config: forbidden_arcanus:block.clibano.soul_fire_crackle
[28aug.2026 18:20:43.927] [Worker-ResourceReload-6/INFO] [Sound Physics - General/]: Unknown sound in sound rate config: farmersdelight:block.cutting_board.knife
[28aug.2026 18:20:43.928] [Worker-ResourceReload-6/INFO] [Sound Physics - General/]: Unknown sound in sound rate config: forbidden_arcanus:block.obsidian_skull.crack
[28aug.2026 18:20:43.931] [Worker-ResourceReload-6/INFO] [Sound Physics - General/]: Unknown sound in sound rate config: forbidden_arcanus:block.pedestal.interact
[28aug.2026 18:20:43.931] [Worker-ResourceReload-6/INFO] [Sound Physics - General/]: Unknown sound in sound rate config: farmersdelight:block.tomato_bush.pick_tomatoes
[28aug.2026 18:20:43.932] [Worker-ResourceReload-6/INFO] [Sound Physics - General/]: Unknown sound in sound rate config: forbidden_arcanus:entity.energy_ball.hit
[28aug.2026 18:20:43.932] [Worker-ResourceReload-6/INFO] [Sound Physics - General/]: Unknown sound in sound rate config: forbidden_arcanus:entity.energy_ball.launch
[28aug.2026 18:20:43.934] [Worker-ResourceReload-6/INFO] [Sound Physics - General/]: Unknown sound in sound rate config: lrtactical:entity.grenade.bounce
[28aug.2026 18:20:43.939] [Worker-ResourceReload-6/INFO] [Sound Physics - General/]: Unknown sound in sound rate config: forbidden_arcanus:item.blacksmith_gavel.ritual_start
[28aug.2026 18:20:43.940] [Worker-ResourceReload-6/INFO] [Sound Physics - General/]: Unknown sound in sound rate config: forbidden_arcanus:item.ferrognetic_mixture.apply
[28aug.2026 18:20:43.940] [Worker-ResourceReload-6/INFO] [Sound Physics - General/]: Unknown sound in sound rate config: forbidden_arcanus:item.forbiddenomicon.close
[28aug.2026 18:20:43.940] [Worker-ResourceReload-6/INFO] [Sound Physics - General/]: Unknown sound in sound rate config: forbidden_arcanus:item.forbiddenomicon.open
[28aug.2026 18:20:43.940] [Worker-ResourceReload-6/INFO] [Sound Physics - General/]: Unknown sound in sound rate config: forbidden_arcanus:item.magic_wand.cast
[28aug.2026 18:20:43.940] [Worker-ResourceReload-6/INFO] [Sound Physics - General/]: Unknown sound in sound rate config: forbidden_arcanus:item.mundabitur_dust.use
[28aug.2026 18:20:43.941] [Worker-ResourceReload-6/INFO] [Sound Physics - General/]: Unknown sound in sound rate config: forbidden_arcanus:item.quantum_catcher.pick_up
[28aug.2026 18:20:43.941] [Worker-ResourceReload-6/INFO] [Sound Physics - General/]: Unknown sound in sound rate config: forbidden_arcanus:item.quantum_catcher.release
[28aug.2026 18:20:43.941] [Worker-ResourceReload-6/INFO] [Sound Physics - General/]: Unknown sound in sound rate config: pfm:microwave_beep
[28aug.2026 18:20:43.941] [Worker-ResourceReload-6/INFO] [Sound Physics - General/]: Unknown sound in sound rate config: pfm:microwave_running
[28aug.2026 18:20:43.941] [Worker-ResourceReload-6/INFO] [Sound Physics - General/]: Unknown sound in sound rate config: parcool:parcool.disable
[28aug.2026 18:20:43.941] [Worker-ResourceReload-6/INFO] [Sound Physics - General/]: Unknown sound in sound rate config: parcool:parcool.enable
[28aug.2026 18:20:43.941] [Worker-ResourceReload-6/INFO] [Sound Physics - General/]: Unknown sound in sound rate config: lrtactical:player.ring
[28aug.2026 18:20:43.942] [Worker-ResourceReload-6/INFO] [Sound Physics - General/]: Unknown sound in sound rate config: pfm:toilet_flushing
[28aug.2026 18:20:43.942] [Worker-ResourceReload-6/INFO] [Sound Physics - General/]: Unknown sound in sound rate config: pfm:toilet_used
[28aug.2026 18:20:43.965] [Worker-ResourceReload-6/INFO] [Sound Physics - General/]: Using Cloth Config GUI
[28aug.2026 18:20:45.150] [Worker-ResourceReload-4/INFO] [ls_furniture/]: Initializing client-side components for Furnection
[28aug.2026 18:20:45.157] [Worker-ResourceReload-4/INFO] [xaero.lib.XaeroLib/]: Loading XaeroLib client 1/2!
[28aug.2026 18:20:45.200] [Worker-ResourceReload-9/INFO] [Simple RPC/]: Loading config file from C:\Users\Nvv\AppData\Roaming\ModrinthApp\profiles\NVPack Reloaded\config\simple-rpc\simple-rpc.toml
[28aug.2026 18:20:45.235] [Worker-ResourceReload-9/INFO] [CraterLib/]: Registered simple-rpc.toml successfully!
[28aug.2026 18:20:45.280] [Worker-ResourceReload-5/INFO] [net.minecraft.server.LoggedPrintStream/]: [STDOUT]: Create Train Parts Client Init
[28aug.2026 18:20:45.290] [Worker-ResourceReload-10/INFO] [DistantHorizons-DistantHorizons-com.seibel.distanthorizons.common.AbstractModInitializer_neoforge/]: Initializing Distant Horizons client, firing DhApiBeforeDhInitEvent...
[28aug.2026 18:20:45.319] [Worker-ResourceReload-5/INFO] [com.tiestoettoet.create_train_parts.CreateTrainParts/]: create_train_parts is starting up on the client side!
[28aug.2026 18:20:45.320] [Worker-ResourceReload-5/INFO] [com.tiestoettoet.create_train_parts.CreateTrainParts/]: MINECRAFT NAME >> Nvvlife
[28aug.2026 18:20:45.367] [Worker-ResourceReload-10/INFO] [DistantHorizons-DistantHorizons-com.seibel.distanthorizons.core.Initializer/]: Running library validation...
[28aug.2026 18:20:45.476] [Worker-ResourceReload-9/INFO] [Simple RPC/]: Loading config file from C:\Users\Nvv\AppData\Roaming\ModrinthApp\profiles\NVPack Reloaded\config\simple-rpc\server-entries.toml
[28aug.2026 18:20:45.476] [Worker-ResourceReload-9/INFO] [CraterLib/]: Registered server-entries.toml successfully!
[28aug.2026 18:20:45.518] [Worker-ResourceReload-9/INFO] [Simple RPC/]: Connected to Discord API
[28aug.2026 18:20:46.452] [Thread-37/INFO] [com.hypherionmc.simplerpc.rpcsdk.DiscordRpc/]: Connecting to Discord (Attempt 0/10)
[28aug.2026 18:20:46.453] [Thread-37/INFO] [Simple RPC/]: Successfully connected to discord as nvvlife
[28aug.2026 18:20:46.541] [Worker-ResourceReload-7/ERROR] [net.minecraft.client.resources.model.ModelManager/]: Failed to load model create_radar:models/block/shield_jammer.json
com.google.gson.JsonParseException: JSON data was null or empty
	at TRANSFORMER/minecraft@1.21.1/net.minecraft.util.GsonHelper.fromJson(GsonHelper.java:534) ~[client-1.21.1-20240808.144430-srg.jar%23438!/:?]
	at TRANSFORMER/minecraft@1.21.1/net.minecraft.util.GsonHelper.fromJson(GsonHelper.java:582) ~[client-1.21.1-20240808.144430-srg.jar%23438!/:?]
	at TRANSFORMER/minecraft@1.21.1/net.minecraft.client.renderer.block.model.BlockModel.fromStream(BlockModel.java:83) ~[client-1.21.1-20240808.144430-srg.jar%23438!/:?]
	at TRANSFORMER/minecraft@1.21.1/net.minecraft.client.resources.model.ModelManager.lambda$loadBlockModels$8(ModelManager.java:144) ~[client-1.21.1-20240808.144430-srg.jar%23438!/:?]
	at java.base/java.util.concurrent.CompletableFuture$AsyncSupply.run(CompletableFuture.java:1768) [?:?]
	at java.base/java.util.concurrent.CompletableFuture$AsyncSupply.exec(CompletableFuture.java:1760) [?:?]
	at java.base/java.util.concurrent.ForkJoinTask.doExec(ForkJoinTask.java:387) [?:?]
	at java.base/java.util.concurrent.ForkJoinPool$WorkQueue.topLevelExec(ForkJoinPool.java:1312) [?:?]
	at java.base/java.util.concurrent.ForkJoinPool.scan(ForkJoinPool.java:1843) [?:?]
	at java.base/java.util.concurrent.ForkJoinPool.runWorker(ForkJoinPool.java:1808) [?:?]
	at java.base/java.util.concurrent.ForkJoinWorkerThread.run(ForkJoinWorkerThread.java:188) [?:?]
[28aug.2026 18:20:46.556] [Worker-ResourceReload-7/ERROR] [net.minecraft.client.resources.model.ModelManager/]: Failed to load model create_radar:models/block/sky_radar_mount.json
com.google.gson.JsonParseException: JSON data was null or empty
	at TRANSFORMER/minecraft@1.21.1/net.minecraft.util.GsonHelper.fromJson(GsonHelper.java:534) ~[client-1.21.1-20240808.144430-srg.jar%23438!/:?]
	at TRANSFORMER/minecraft@1.21.1/net.minecraft.util.GsonHelper.fromJson(GsonHelper.java:582) ~[client-1.21.1-20240808.144430-srg.jar%23438!/:?]
	at TRANSFORMER/minecraft@1.21.1/net.minecraft.client.renderer.block.model.BlockModel.fromStream(BlockModel.java:83) ~[client-1.21.1-20240808.144430-srg.jar%23438!/:?]
	at TRANSFORMER/minecraft@1.21.1/net.minecraft.client.resources.model.ModelManager.lambda$loadBlockModels$8(ModelManager.java:144) ~[client-1.21.1-20240808.144430-srg.jar%23438!/:?]
	at java.base/java.util.concurrent.CompletableFuture$AsyncSupply.run(CompletableFuture.java:1768) [?:?]
	at java.base/java.util.concurrent.CompletableFuture$AsyncSupply.exec(CompletableFuture.java:1760) [?:?]
	at java.base/java.util.concurrent.ForkJoinTask.doExec(ForkJoinTask.java:387) [?:?]
	at java.base/java.util.concurrent.ForkJoinPool$WorkQueue.topLevelExec(ForkJoinPool.java:1312) [?:?]
	at java.base/java.util.concurrent.ForkJoinPool.scan(ForkJoinPool.java:1843) [?:?]
	at java.base/java.util.concurrent.ForkJoinPool.runWorker(ForkJoinPool.java:1808) [?:?]
	at java.base/java.util.concurrent.ForkJoinWorkerThread.run(ForkJoinWorkerThread.java:188) [?:?]
[28aug.2026 18:20:46.607] [Worker-ResourceReload-0/ERROR] [net.minecraft.client.resources.model.ModelManager/]: Failed to load model create_radar:models/block/smart_cannon_mount.json
com.google.gson.JsonParseException: JSON data was null or empty
	at TRANSFORMER/minecraft@1.21.1/net.minecraft.util.GsonHelper.fromJson(GsonHelper.java:534) ~[client-1.21.1-20240808.144430-srg.jar%23438!/:?]
	at TRANSFORMER/minecraft@1.21.1/net.minecraft.util.GsonHelper.fromJson(GsonHelper.java:582) ~[client-1.21.1-20240808.144430-srg.jar%23438!/:?]
	at TRANSFORMER/minecraft@1.21.1/net.minecraft.client.renderer.block.model.BlockModel.fromStream(BlockModel.java:83) ~[client-1.21.1-20240808.144430-srg.jar%23438!/:?]
	at TRANSFORMER/minecraft@1.21.1/net.minecraft.client.resources.model.ModelManager.lambda$loadBlockModels$8(ModelManager.java:144) ~[client-1.21.1-20240808.144430-srg.jar%23438!/:?]
	at java.base/java.util.concurrent.CompletableFuture$AsyncSupply.run(CompletableFuture.java:1768) [?:?]
	at java.base/java.util.concurrent.CompletableFuture$AsyncSupply.exec(CompletableFuture.java:1760) [?:?]
	at java.base/java.util.concurrent.ForkJoinTask.doExec(ForkJoinTask.java:387) [?:?]
	at java.base/java.util.concurrent.ForkJoinPool$WorkQueue.topLevelExec(ForkJoinPool.java:1312) [?:?]
	at java.base/java.util.concurrent.ForkJoinPool.scan(ForkJoinPool.java:1843) [?:?]
	at java.base/java.util.concurrent.ForkJoinPool.runWorker(ForkJoinPool.java:1808) [?:?]
	at java.base/java.util.concurrent.ForkJoinWorkerThread.run(ForkJoinWorkerThread.java:188) [?:?]
[28aug.2026 18:20:46.708] [Worker-ResourceReload-10/INFO] [DistantHorizons-DistantHorizons-com.seibel.distanthorizons.common.AbstractModInitializer_neoforge/]: Distant Horizons, Version: 3.2.0-b
[28aug.2026 18:20:46.781] [Worker-ResourceReload-10/INFO] [DistantHorizons-DistantHorizons-com.seibel.distanthorizons.common.AbstractModInitializer_neoforge/]: Skipping mod compatibility accessor for: [optifine]
[28aug.2026 18:20:46.782] [Worker-ResourceReload-10/INFO] [DistantHorizons-DistantHorizons-com.seibel.distanthorizons.core.dependencyInjection.ModAccessorInjector/]: Registered mod compatibility accessor for: [c2me].
[28aug.2026 18:20:46.786] [Worker-ResourceReload-10/INFO] [DistantHorizons-DistantHorizons-com.seibel.distanthorizons.common.AbstractModInitializer_neoforge/]: Skipping mod compatibility accessor for: [immersive_portals]
[28aug.2026 18:20:46.787] [Worker-ResourceReload-10/INFO] [DistantHorizons-DistantHorizons-com.seibel.distanthorizons.core.dependencyInjection.ModAccessorInjector/]: Registered mod compatibility accessor for: [iris].
[28aug.2026 18:20:46.791] [Worker-ResourceReload-7/INFO] [com.addon.gancho.AddonGancho/]: HELLO FROM CLIENT SETUP
[28aug.2026 18:20:46.847] [Worker-ResourceReload-5/INFO] [com.cxw.aeroengineering.AeroEngineering/]: HELLO FROM CLIENT SETUP
[28aug.2026 18:20:46.848] [Worker-ResourceReload-5/INFO] [com.cxw.aeroengineering.AeroEngineering/]: MINECRAFT NAME >> Nvvlife
[28aug.2026 18:20:46.881] [Worker-ResourceReload-10/INFO] [DistantHorizons-DistantHorizons-com.seibel.distanthorizons.core.config.ConfigHandler/]: Initialising config for [DistantHorizons]
[28aug.2026 18:20:46.877] [Worker-ResourceReload-7/ERROR] [net.minecraft.client.resources.model.ModelManager/]: Failed to load model hammerlib:models/block/test.json
com.google.gson.JsonParseException: Model loader 'hammerlib:block/test' not found. Registered loaders: chiselsandbits:bit, hammerlib:grouped, sophisticatedbackpacks:backpack, computercraft:turtle, chiselsandbits:interactable_model, neoforge:empty, creativecore:empty, hammerlib:emissive, hammerlib:multi_layer, powergrid:circuit_board, neoforge:item_layers, creativecore:layer, athena:athena, bigtires:tinted_obj, neoforge:separate_transforms, neoforge:elements, neoforge:obj, neoforge:fluid_container, neoforge:composite, chiselsandbits:chiseled_block
	at TRANSFORMER/neoforge@21.1.248/net.neoforged.neoforge.client.model.ExtendedBlockModelDeserializer.deserializeGeometry(ExtendedBlockModelDeserializer.java:102) ~[neoforge-21.1.248-universal.jar%23439!/:?]
	at TRANSFORMER/neoforge@21.1.248/net.neoforged.neoforge.client.model.ExtendedBlockModelDeserializer.deserialize(ExtendedBlockModelDeserializer.java:53) ~[neoforge-21.1.248-universal.jar%23439!/:?]
	at TRANSFORMER/neoforge@21.1.248/net.neoforged.neoforge.client.model.ExtendedBlockModelDeserializer.deserialize(ExtendedBlockModelDeserializer.java:37) ~[neoforge-21.1.248-universal.jar%23439!/:?]
	at MC-BOOTSTRAP/com.google.gson@2.10.1/com.google.gson.internal.bind.TreeTypeAdapter.read(TreeTypeAdapter.java:76) ~[gson-2.10.1.jar%23187!/:?]
	at TRANSFORMER/minecraft@1.21.1/net.minecraft.util.GsonHelper.fromNullableJson(GsonHelper.java:525) ~[client-1.21.1-20240808.144430-srg.jar%23438!/:?]
	at TRANSFORMER/minecraft@1.21.1/net.minecraft.util.GsonHelper.fromJson(GsonHelper.java:532) ~[client-1.21.1-20240808.144430-srg.jar%23438!/:?]
	at TRANSFORMER/minecraft@1.21.1/net.minecraft.util.GsonHelper.fromJson(GsonHelper.java:582) ~[client-1.21.1-20240808.144430-srg.jar%23438!/:?]
	at TRANSFORMER/minecraft@1.21.1/net.minecraft.client.renderer.block.model.BlockModel.fromStream(BlockModel.java:83) ~[client-1.21.1-20240808.144430-srg.jar%23438!/:?]
	at TRANSFORMER/minecraft@1.21.1/net.minecraft.client.resources.model.ModelManager.lambda$loadBlockModels$8(ModelManager.java:144) ~[client-1.21.1-20240808.144430-srg.jar%23438!/:?]
	at java.base/java.util.concurrent.CompletableFuture$AsyncSupply.run(CompletableFuture.java:1768) [?:?]
	at java.base/java.util.concurrent.CompletableFuture$AsyncSupply.exec(CompletableFuture.java:1760) [?:?]
	at java.base/java.util.concurrent.ForkJoinTask.doExec(ForkJoinTask.java:387) [?:?]
	at java.base/java.util.concurrent.ForkJoinPool$WorkQueue.topLevelExec(ForkJoinPool.java:1312) [?:?]
	at java.base/java.util.concurrent.ForkJoinPool.scan(ForkJoinPool.java:1843) [?:?]
	at java.base/java.util.concurrent.ForkJoinPool.runWorker(ForkJoinPool.java:1808) [?:?]
	at java.base/java.util.concurrent.ForkJoinWorkerThread.run(ForkJoinWorkerThread.java:188) [?:?]
[28aug.2026 18:20:46.887] [Worker-ResourceReload-3/WARN] [net.minecraft.client.renderer.texture.SpriteLoader/]: Texture lightmanscurrency:block/vending_machine/machine_keyboard with size 4x4 limits mip level from 4 to 2
[28aug.2026 18:20:46.891] [Worker-ResourceReload-3/WARN] [net.minecraft.client.renderer.texture.SpriteLoader/]: Texture create_flight_control:block/altitude_hold_block/texture_2 with size 20x2 limits mip level from 2 to 1
[28aug.2026 18:20:46.907] [Worker-ResourceReload-3/WARN] [net.minecraft.client.renderer.texture.SpriteLoader/]: Texture ls_furniture:block/handles/handle_crimson with size 5x4 limits mip level from 1 to 0
[28aug.2026 18:20:47.079] [Worker-ResourceReload-10/WARN] [DistantHorizons-DistantHorizons-com.seibel.distanthorizons.core.config.file.ConfigFileHandler/]: BlockBiomeWrapperPair [client.advanced.debugging.exampleConfigScreen.mapTest] had an invalid value when loading the config. Using default value.
[28aug.2026 18:20:47.114] [Worker-ResourceReload-10/INFO] [DistantHorizons-DistantHorizons-com.seibel.distanthorizons.core.config.ConfigHandler/]: [DistantHorizons] Config initialised
[28aug.2026 18:20:47.162] [Worker-ResourceReload-10/INFO] [DistantHorizons-DistantHorizons-com.seibel.distanthorizons.core.config.eventHandlers.IgnoredDimensionCsvHandler/]: Dimension ignoring disabled, DH will render all dimensions.
[28aug.2026 18:20:47.162] [Worker-ResourceReload-10/INFO] [com.seibel.distanthorizons.core.logging.DhLogger/]: Applying config to loggers
[28aug.2026 18:20:47.164] [Worker-ResourceReload-10/INFO] [DistantHorizons-DistantHorizons-com.seibel.distanthorizons.core.Initializer/]: Garbage collectors: [ZGC Minor Cycles, ZGC Minor Pauses, ZGC Major Cycles, ZGC Major Pauses]
[28aug.2026 18:20:47.164] [Worker-ResourceReload-10/INFO] [DistantHorizons-DistantHorizons-com.seibel.distanthorizons.core.Initializer/]: Explicit Garbage Collection: [Enabled]
[28aug.2026 18:20:47.164] [Worker-ResourceReload-10/INFO] [DistantHorizons-DistantHorizons-com.seibel.distanthorizons.common.AbstractModInitializer_neoforge/]: Distant Horizons client Initialized.
[28aug.2026 18:20:47.164] [Worker-ResourceReload-10/INFO] [DistantHorizons-DistantHorizons-com.seibel.distanthorizons.common.AbstractModInitializer_neoforge/]: Running Delayed setup...
[28aug.2026 18:20:47.164] [Worker-ResourceReload-10/INFO] [DistantHorizons-DistantHorizons-com.seibel.distanthorizons.common.AbstractModInitializer_neoforge/]: Delayed setup complete, firing DhApiAfterDhInitEvent event...
[28aug.2026 18:20:47.164] [Worker-ResourceReload-10/INFO] [Iris/]: DH Ready, binding Iris event handlers...
[28aug.2026 18:20:47.186] [Worker-ResourceReload-4/WARN] [xaero.lib.XaeroLib/]: io exception while checking patreon: Online mod data expired! Date: Mon Aug 24 13:29:54 CEST 2026
[28aug.2026 18:20:47.200] [Render thread/INFO] [Iris/]: Shaders are disabled because enableShaders is set to false in iris.properties
[28aug.2026 18:20:47.233] [Worker-ResourceReload-10/INFO] [Iris/]: DH Iris events bound.
[28aug.2026 18:20:47.237] [DH-PostClientInit Thread/INFO] [DistantHorizons-DistantHorizons-com.seibel.distanthorizons.common.wrappers.DependencySetup_neoforge/]: Setting DH Rendering API to: [OPEN_GL]...
[28aug.2026 18:20:47.276] [DH-PostClientInit Thread/INFO] [DistantHorizons-DistantHorizons-com.seibel.distanthorizons.common.wrappers.DependencySetup_neoforge/]: DH Rendering successfully bound to: [OpenGL]...
[28aug.2026 18:20:47.352] [Render thread/INFO] [io.github.lightman314.lightmanscurrency.LightmansCurrency/]: Reloading config/lightmanscurrency-client.txt
[28aug.2026 18:20:47.480] [Render thread/INFO] [xaero.map.WorldMap/]: Loading Xaero's World Map - Stage 2/2
[28aug.2026 18:20:47.489] [Render thread/INFO] [xaero.map.WorldMap/]: New world map region cache hash code: -1728029562
[28aug.2026 18:20:47.573] [Worker-ResourceReload-6/ERROR] [net.minecraft.client.resources.model.ModelManager/]: Failed to load model trackwork:models/block/wheels.json
com.google.gson.JsonSyntaxException: Missing axis, expected to find a string
	at TRANSFORMER/minecraft@1.21.1/net.minecraft.util.GsonHelper.getAsString(GsonHelper.java:128) ~[client-1.21.1-20240808.144430-srg.jar%23438!/:?]
	at TRANSFORMER/minecraft@1.21.1/net.minecraft.client.renderer.block.model.BlockElement$Deserializer.getAxis(BlockElement.java:122) ~[client-1.21.1-20240808.144430-srg.jar%23438!/:?]
	at TRANSFORMER/minecraft@1.21.1/net.minecraft.client.renderer.block.model.BlockElement$Deserializer.getRotation(BlockElement.java:103) ~[client-1.21.1-20240808.144430-srg.jar%23438!/:?]
	at TRANSFORMER/minecraft@1.21.1/net.minecraft.client.renderer.block.model.BlockElement$Deserializer.deserialize(BlockElement.java:84) ~[client-1.21.1-20240808.144430-srg.jar%23438!/:?]
	at TRANSFORMER/minecraft@1.21.1/net.minecraft.client.renderer.block.model.BlockElement$Deserializer.deserialize(BlockElement.java:76) ~[client-1.21.1-20240808.144430-srg.jar%23438!/:?]
	at MC-BOOTSTRAP/com.google.gson@2.10.1/com.google.gson.internal.bind.TreeTypeAdapter.read(TreeTypeAdapter.java:76) ~[gson-2.10.1.jar%23187!/:?]
	at MC-BOOTSTRAP/com.google.gson@2.10.1/com.google.gson.Gson.fromJson(Gson.java:1227) ~[gson-2.10.1.jar%23187!/:?]
	at MC-BOOTSTRAP/com.google.gson@2.10.1/com.google.gson.Gson.fromJson(Gson.java:1329) ~[gson-2.10.1.jar%23187!/:?]
	at MC-BOOTSTRAP/com.google.gson@2.10.1/com.google.gson.Gson.fromJson(Gson.java:1300) ~[gson-2.10.1.jar%23187!/:?]
	at MC-BOOTSTRAP/com.google.gson@2.10.1/com.google.gson.internal.bind.TreeTypeAdapter$GsonContextImpl.deserialize(TreeTypeAdapter.java:179) ~[gson-2.10.1.jar%23187!/:?]
	at TRANSFORMER/minecraft@1.21.1/net.minecraft.client.renderer.block.model.BlockModel$Deserializer.getElements(BlockModel.java:409) ~[client-1.21.1-20240808.144430-srg.jar%23438!/:?]
	at TRANSFORMER/minecraft@1.21.1/net.minecraft.client.renderer.block.model.BlockModel$Deserializer.deserialize(BlockModel.java:338) ~[client-1.21.1-20240808.144430-srg.jar%23438!/:?]
	at TRANSFORMER/neoforge@21.1.248/net.neoforged.neoforge.client.model.ExtendedBlockModelDeserializer.deserialize(ExtendedBlockModelDeserializer.java:51) ~[neoforge-21.1.248-universal.jar%23439!/:?]
	at TRANSFORMER/neoforge@21.1.248/net.neoforged.neoforge.client.model.ExtendedBlockModelDeserializer.deserialize(ExtendedBlockModelDeserializer.java:37) ~[neoforge-21.1.248-universal.jar%23439!/:?]
	at MC-BOOTSTRAP/com.google.gson@2.10.1/com.google.gson.internal.bind.TreeTypeAdapter.read(TreeTypeAdapter.java:76) ~[gson-2.10.1.jar%23187!/:?]
	at TRANSFORMER/minecraft@1.21.1/net.minecraft.util.GsonHelper.fromNullableJson(GsonHelper.java:525) ~[client-1.21.1-20240808.144430-srg.jar%23438!/:?]
	at TRANSFORMER/minecraft@1.21.1/net.minecraft.util.GsonHelper.fromJson(GsonHelper.java:532) ~[client-1.21.1-20240808.144430-srg.jar%23438!/:?]
	at TRANSFORMER/minecraft@1.21.1/net.minecraft.util.GsonHelper.fromJson(GsonHelper.java:582) ~[client-1.21.1-20240808.144430-srg.jar%23438!/:?]
	at TRANSFORMER/minecraft@1.21.1/net.minecraft.client.renderer.block.model.BlockModel.fromStream(BlockModel.java:83) ~[client-1.21.1-20240808.144430-srg.jar%23438!/:?]
	at TRANSFORMER/minecraft@1.21.1/net.minecraft.client.resources.model.ModelManager.lambda$loadBlockModels$8(ModelManager.java:144) ~[client-1.21.1-20240808.144430-srg.jar%23438!/:?]
	at java.base/java.util.concurrent.CompletableFuture$AsyncSupply.run(CompletableFuture.java:1768) [?:?]
	at java.base/java.util.concurrent.CompletableFuture$AsyncSupply.exec(CompletableFuture.java:1760) [?:?]
	at java.base/java.util.concurrent.ForkJoinTask.doExec(ForkJoinTask.java:387) [?:?]
	at java.base/java.util.concurrent.ForkJoinPool$WorkQueue.topLevelExec(ForkJoinPool.java:1312) [?:?]
	at java.base/java.util.concurrent.ForkJoinPool.scan(ForkJoinPool.java:1843) [?:?]
	at java.base/java.util.concurrent.ForkJoinPool.runWorker(ForkJoinPool.java:1808) [?:?]
	at java.base/java.util.concurrent.ForkJoinWorkerThread.run(ForkJoinWorkerThread.java:188) [?:?]
[28aug.2026 18:20:48.955] [Render thread/ERROR] [xaero.map.WorldMap/]: io exception while checking versions: Online mod data expired! Date: Mon Aug 24 13:29:54 CEST 2026
[28aug.2026 18:20:48.956] [Render thread/INFO] [xaero.map.WorldMap/]: Registered player tracker system: map_synced
[28aug.2026 18:20:48.960] [Render thread/INFO] [xaero.map.WorldMap/]: Xaero's WorldMap Mod: Xaero's minimap found!
[28aug.2026 18:20:48.963] [Render thread/INFO] [xaero.map.WorldMap/]: Registered player tracker system: minimap_synced
[28aug.2026 18:20:48.970] [Render thread/INFO] [xaero.map.WorldMap/]: Registered player tracker system: openpartiesandclaims
[28aug.2026 18:20:48.971] [Render thread/INFO] [xaero.map.WorldMap/]: Xaero's WorldMap Mod: Open Parties And Claims found!
[28aug.2026 18:20:48.971] [Render thread/INFO] [xaero.map.WorldMap/]: No Optifine!
[28aug.2026 18:20:48.971] [Render thread/INFO] [xaero.map.WorldMap/]: Xaero's World Map: No Vivecraft!
[28aug.2026 18:20:48.971] [Render thread/INFO] [xaero.map.WorldMap/]: Xaero's World Map: Iris found!
[28aug.2026 18:20:48.985] [ForkJoinPool.commonPool-worker-2/WARN] [io.github.lightman314.lightmanscurrency.LightmansCurrency/]: Unable to set up variant 'lightmanscurrency:card_display/inner_corner/biomesoplenty/redwood/green' for target lightmanscurrency:card_display_biomesoplenty_redwood_green as it is not a valid variant block.
[28aug.2026 18:20:48.985] [ForkJoinPool.commonPool-worker-2/WARN] [io.github.lightman314.lightmanscurrency.LightmansCurrency/]: Unable to set up variant 'lightmanscurrency:card_display/inner_corner/biomesoplenty/mahogany/yellow' for target lightmanscurrency:card_display_biomesoplenty_mahogany_yellow as it is not a valid variant block.
[28aug.2026 18:20:48.986] [ForkJoinPool.commonPool-worker-2/WARN] [io.github.lightman314.lightmanscurrency.LightmansCurrency/]: Unable to set up variant 'lightmanscurrency:card_display/inner_corner/biomesoplenty/palm/black' for target lightmanscurrency:card_display_biomesoplenty_palm_black as it is not a valid variant block.
[28aug.2026 18:20:48.986] [ForkJoinPool.commonPool-worker-2/WARN] [io.github.lightman314.lightmanscurrency.LightmansCurrency/]: Unable to set up variant 'lightmanscurrency:card_display/inner_corner/biomesoplenty/mahogany/red' for target lightmanscurrency:card_display_biomesoplenty_mahogany as it is not a valid variant block.
[28aug.2026 18:20:48.986] [ForkJoinPool.commonPool-worker-2/WARN] [io.github.lightman314.lightmanscurrency.LightmansCurrency/]: Unable to set up variant 'lightmanscurrency:card_display/inner_corner/biomesoplenty/willow/magenta' for target lightmanscurrency:card_display_biomesoplenty_willow_magenta as it is not a valid variant block.
[28aug.2026 18:20:48.986] [ForkJoinPool.commonPool-worker-2/WARN] [io.github.lightman314.lightmanscurrency.LightmansCurrency/]: Unable to set up variant 'lightmanscurrency:card_display/outer_corner/biomesoplenty/dead/light_blue' for target lightmanscurrency:card_display_biomesoplenty_dead_light_blue as it is not a valid variant block.
[28aug.2026 18:20:48.986] [ForkJoinPool.commonPool-worker-2/WARN] [io.github.lightman314.lightmanscurrency.LightmansCurrency/]: Unable to set up variant 'lightmanscurrency:card_display/inner_corner/biomesoplenty/fir/purple' for target lightmanscurrency:card_display_biomesoplenty_fir_purple as it is not a valid variant block.
[28aug.2026 18:20:48.987] [ForkJoinPool.commonPool-worker-2/WARN] [io.github.lightman314.lightmanscurrency.LightmansCurrency/]: Unable to set up variant 'lightmanscurrency:card_display/inner_corner/biomesoplenty/hellbark/cyan' for target lightmanscurrency:card_display_biomesoplenty_hellbark_cyan as it is not a valid variant block.
[28aug.2026 18:20:48.987] [ForkJoinPool.commonPool-worker-2/WARN] [io.github.lightman314.lightmanscurrency.LightmansCurrency/]: Unable to set up variant 'lightmanscurrency:card_display/outer_corner/biomesoplenty/umbran/light_gray' for target lightmanscurrency:card_display_biomesoplenty_umbran_light_gray as it is not a valid variant block.
[28aug.2026 18:20:48.987] [ForkJoinPool.commonPool-worker-2/WARN] [io.github.lightman314.lightmanscurrency.LightmansCurrency/]: Unable to set up variant 'lightmanscurrency:card_display/inner_corner/biomesoplenty/dead/cyan' for target lightmanscurrency:card_display_biomesoplenty_dead_cyan as it is not a valid variant block.
[28aug.2026 18:20:48.987] [ForkJoinPool.commonPool-worker-2/WARN] [io.github.lightman314.lightmanscurrency.LightmansCurrency/]: Unable to set up variant 'lightmanscurrency:card_display/outer_corner/biomesoplenty/umbran/pink' for target lightmanscurrency:card_display_biomesoplenty_umbran_pink as it is not a valid variant block.
[28aug.2026 18:20:48.987] [ForkJoinPool.commonPool-worker-2/WARN] [io.github.lightman314.lightmanscurrency.LightmansCurrency/]: Unable to set up variant 'lightmanscurrency:card_display/outer_corner/biomesoplenty/jacaranda/green' for target lightmanscurrency:card_display_biomesoplenty_jacaranda_green as it is not a valid variant block.
[28aug.2026 18:20:48.987] [ForkJoinPool.commonPool-worker-2/WARN] [io.github.lightman314.lightmanscurrency.LightmansCurrency/]: Unable to set up variant 'lightmanscurrency:card_display/inner_corner/biomesoplenty/dead/yellow' for target lightmanscurrency:card_display_biomesoplenty_dead_yellow as it is not a valid variant block.
[28aug.2026 18:20:48.988] [ForkJoinPool.commonPool-worker-2/WARN] [io.github.lightman314.lightmanscurrency.LightmansCurrency/]: Unable to set up variant 'lightmanscurrency:card_display/outer_corner/biomesoplenty/hellbark/red' for target lightmanscurrency:card_display_biomesoplenty_hellbark as it is not a valid variant block.
[28aug.2026 18:20:48.988] [ForkJoinPool.commonPool-worker-2/WARN] [io.github.lightman314.lightmanscurrency.LightmansCurrency/]: Unable to set up variant 'lightmanscurrency:card_display/outer_corner/biomesoplenty/fir/green' for target lightmanscurrency:card_display_biomesoplenty_fir_green as it is not a valid variant block.
[28aug.2026 18:20:48.988] [ForkJoinPool.commonPool-worker-2/WARN] [io.github.lightman314.lightmanscurrency.LightmansCurrency/]: Unable to set up variant 'lightmanscurrency:card_display/outer_corner/biomesoplenty/palm/green' for target lightmanscurrency:card_display_biomesoplenty_palm_green as it is not a valid variant block.
[28aug.2026 18:20:48.988] [ForkJoinPool.commonPool-worker-2/WARN] [io.github.lightman314.lightmanscurrency.LightmansCurrency/]: Unable to set up variant 'lightmanscurrency:card_display/outer_corner/biomesoplenty/redwood/lime' for target lightmanscurrency:card_display_biomesoplenty_redwood_lime as it is not a valid variant block.
[28aug.2026 18:20:48.988] [ForkJoinPool.commonPool-worker-2/WARN] [io.github.lightman314.lightmanscurrency.LightmansCurrency/]: Unable to set up variant 'lightmanscurrency:card_display/inner_corner/biomesoplenty/jacaranda/gray' for target lightmanscurrency:card_display_biomesoplenty_jacaranda_gray as it is not a valid variant block.
[28aug.2026 18:20:48.988] [ForkJoinPool.commonPool-worker-2/WARN] [io.github.lightman314.lightmanscurrency.LightmansCurrency/]: Unable to set up variant 'lightmanscurrency:card_display/inner_corner/biomesoplenty/hellbark/yellow' for target lightmanscurrency:card_display_biomesoplenty_hellbark_yellow as it is not a valid variant block.
[28aug.2026 18:20:48.988] [ForkJoinPool.commonPool-worker-2/WARN] [io.github.lightman314.lightmanscurrency.LightmansCurrency/]: Unable to set up variant 'lightmanscurrency:card_display/inner_corner/biomesoplenty/fir/black' for target lightmanscurrency:card_display_biomesoplenty_fir_black as it is not a valid variant block.
[28aug.2026 18:20:48.988] [ForkJoinPool.commonPool-worker-2/WARN] [io.github.lightman314.lightmanscurrency.LightmansCurrency/]: Unable to set up variant 'lightmanscurrency:card_display/inner_corner/biomesoplenty/redwood/white' for target lightmanscurrency:card_display_biomesoplenty_redwood_white as it is not a valid variant block.
[28aug.2026 18:20:48.988] [ForkJoinPool.commonPool-worker-2/WARN] [io.github.lightman314.lightmanscurrency.LightmansCurrency/]: Unable to set up variant 'lightmanscurrency:card_display/outer_corner/biomesoplenty/mahogany/lime' for target lightmanscurrency:card_display_biomesoplenty_mahogany_lime as it is not a valid variant block.
[28aug.2026 18:20:48.988] [ForkJoinPool.commonPool-worker-2/WARN] [io.github.lightman314.lightmanscurrency.LightmansCurrency/]: Unable to set up variant 'lightmanscurrency:card_display/inner_corner/biomesoplenty/palm/purple' for target lightmanscurrency:card_display_biomesoplenty_palm_purple as it is not a valid variant block.
[28aug.2026 18:20:48.989] [ForkJoinPool.commonPool-worker-2/WARN] [io.github.lightman314.lightmanscurrency.LightmansCurrency/]: Unable to set up variant 'lightmanscurrency:card_display/inner_corner/biomesoplenty/dead/white' for target lightmanscurrency:card_display_biomesoplenty_dead_white as it is not a valid variant block.
[28aug.2026 18:20:48.989] [ForkJoinPool.commonPool-worker-2/WARN] [io.github.lightman314.lightmanscurrency.LightmansCurrency/]: Unable to set up variant 'lightmanscurrency:card_display/outer_corner/biomesoplenty/dead/gray' for target lightmanscurrency:card_display_biomesoplenty_dead_gray as it is not a valid variant block.
[28aug.2026 18:20:48.989] [ForkJoinPool.commonPool-worker-2/WARN] [io.github.lightman314.lightmanscurrency.LightmansCurrency/]: Unable to set up variant 'lightmanscurrency:card_display/inner_corner/biomesoplenty/willow/orange' for target lightmanscurrency:card_display_biomesoplenty_willow_orange as it is not a valid variant block.
[28aug.2026 18:20:48.989] [ForkJoinPool.commonPool-worker-2/WARN] [io.github.lightman314.lightmanscurrency.LightmansCurrency/]: Unable to set up variant 'lightmanscurrency:card_display/outer_corner/biomesoplenty/umbran/orange' for target lightmanscurrency:card_display_biomesoplenty_umbran_orange as it is not a valid variant block.
[28aug.2026 18:20:48.989] [ForkJoinPool.commonPool-worker-2/WARN] [io.github.lightman314.lightmanscurrency.LightmansCurrency/]: Unable to set up variant 'lightmanscurrency:card_display/outer_corner/biomesoplenty/willow/yellow' for target lightmanscurrency:card_display_biomesoplenty_willow_yellow as it is not a valid variant block.
[28aug.2026 18:20:48.989] [ForkJoinPool.commonPool-worker-2/WARN] [io.github.lightman314.lightmanscurrency.LightmansCurrency/]: Unable to set up variant 'lightmanscurrency:card_display/outer_corner/biomesoplenty/palm/pink' for target lightmanscurrency:card_display_biomesoplenty_palm_pink as it is not a valid variant block.
[28aug.2026 18:20:48.989] [ForkJoinPool.commonPool-worker-2/WARN] [io.github.lightman314.lightmanscurrency.LightmansCurrency/]: Unable to set up variant 'lightmanscurrency:card_display/inner_corner/biomesoplenty/magic/light_blue' for target lightmanscurrency:card_display_biomesoplenty_magic_light_blue as it is not a valid variant block.
[28aug.2026 18:20:48.989] [ForkJoinPool.commonPool-worker-2/WARN] [io.github.lightman314.lightmanscurrency.LightmansCurrency/]: Unable to set up variant 'lightmanscurrency:card_display/outer_corner/biomesoplenty/mahogany/red' for target lightmanscurrency:card_display_biomesoplenty_mahogany as it is not a valid variant block.
[28aug.2026 18:20:48.989] [ForkJoinPool.commonPool-worker-2/WARN] [io.github.lightman314.lightmanscurrency.LightmansCurrency/]: Unable to set up variant 'lightmanscurrency:card_display/inner_corner/biomesoplenty/hellbark/light_gray' for target lightmanscurrency:card_display_biomesoplenty_hellbark_light_gray as it is not a valid variant block.
[28aug.2026 18:20:48.989] [ForkJoinPool.commonPool-worker-2/WARN] [io.github.lightman314.lightmanscurrency.LightmansCurrency/]: Unable to set up variant 'lightmanscurrency:card_display/inner_corner/biomesoplenty/willow/blue' for target lightmanscurrency:card_display_biomesoplenty_willow_blue as it is not a valid variant block.
[28aug.2026 18:20:48.989] [ForkJoinPool.commonPool-worker-2/WARN] [io.github.lightman314.lightmanscurrency.LightmansCurrency/]: Unable to set up variant 'lightmanscurrency:card_display/inner_corner/biomesoplenty/jacaranda/light_gray' for target lightmanscurrency:card_display_biomesoplenty_jacaranda_light_gray as it is not a valid variant block.
[28aug.2026 18:20:48.989] [ForkJoinPool.commonPool-worker-2/WARN] [io.github.lightman314.lightmanscurrency.LightmansCurrency/]: Unable to set up variant 'lightmanscurrency:card_display/outer_corner/biomesoplenty/willow/magenta' for target lightmanscurrency:card_display_biomesoplenty_willow_magenta as it is not a valid variant block.
[28aug.2026 18:20:48.989] [ForkJoinPool.commonPool-worker-2/WARN] [io.github.lightman314.lightmanscurrency.LightmansCurrency/]: Unable to set up variant 'lightmanscurrency:card_display/outer_corner/biomesoplenty/palm/orange' for target lightmanscurrency:card_display_biomesoplenty_palm_orange as it is not a valid variant block.
[28aug.2026 18:20:48.990] [ForkJoinPool.commonPool-worker-2/WARN] [io.github.lightman314.lightmanscurrency.LightmansCurrency/]: Unable to set up variant 'lightmanscurrency:card_display/inner_corner/biomesoplenty/hellbark/brown' for target lightmanscurrency:card_display_biomesoplenty_hellbark_brown as it is not a valid variant block.
[28aug.2026 18:20:48.990] [ForkJoinPool.commonPool-worker-2/WARN] [io.github.lightman314.lightmanscurrency.LightmansCurrency/]: Unable to set up variant 'lightmanscurrency:card_display/inner_corner/biomesoplenty/magic/black' for target lightmanscurrency:card_display_biomesoplenty_magic_black as it is not a valid variant block.
[28aug.2026 18:20:48.990] [ForkJoinPool.commonPool-worker-2/WARN] [io.github.lightman314.lightmanscurrency.LightmansCurrency/]: Unable to set up variant 'lightmanscurrency:card_display/inner_corner/biomesoplenty/redwood/light_blue' for target lightmanscurrency:card_display_biomesoplenty_redwood_light_blue as it is not a valid variant block.
[28aug.2026 18:20:48.990] [ForkJoinPool.commonPool-worker-2/WARN] [io.github.lightman314.lightmanscurrency.LightmansCurrency/]: Unable to set up variant 'lightmanscurrency:card_display/outer_corner/biomesoplenty/fir/gray' for target lightmanscurrency:card_display_biomesoplenty_fir_gray as it is not a valid variant block.
[28aug.2026 18:20:48.990] [ForkJoinPool.commonPool-worker-2/WARN] [io.github.lightman314.lightmanscurrency.LightmansCurrency/]: Unable to set up variant 'lightmanscurrency:card_display/inner_corner/biomesoplenty/redwood/cyan' for target lightmanscurrency:card_display_biomesoplenty_redwood_cyan as it is not a valid variant block.
[28aug.2026 18:20:48.990] [ForkJoinPool.commonPool-worker-2/WARN] [io.github.lightman314.lightmanscurrency.LightmansCurrency/]: Unable to set up variant 'lightmanscurrency:card_display/outer_corner/biomesoplenty/mahogany/cyan' for target lightmanscurrency:card_display_biomesoplenty_mahogany_cyan as it is not a valid variant block.
[28aug.2026 18:20:48.990] [ForkJoinPool.commonPool-worker-2/WARN] [io.github.lightman314.lightmanscurrency.LightmansCurrency/]: Unable to set up variant 'lightmanscurrency:card_display/outer_corner/biomesoplenty/dead/yellow' for target lightmanscurrency:card_display_biomesoplenty_dead_yellow as it is not a valid variant block.
[28aug.2026 18:20:48.991] [ForkJoinPool.commonPool-worker-2/WARN] [io.github.lightman314.lightmanscurrency.LightmansCurrency/]: Unable to set up variant 'lightmanscurrency:card_display/inner_corner/biomesoplenty/magic/red' for target lightmanscurrency:card_display_biomesoplenty_magic as it is not a valid variant block.
[28aug.2026 18:20:48.991] [ForkJoinPool.commonPool-worker-2/WARN] [io.github.lightman314.lightmanscurrency.LightmansCurrency/]: Unable to set up variant 'lightmanscurrency:card_display/inner_corner/biomesoplenty/palm/red' for target lightmanscurrency:card_display_biomesoplenty_palm as it is not a valid variant block.
[28aug.2026 18:20:48.992] [ForkJoinPool.commonPool-worker-2/WARN] [io.github.lightman314.lightmanscurrency.LightmansCurrency/]: Unable to set up variant 'lightmanscurrency:card_display/outer_corner/biomesoplenty/hellbark/light_blue' for target lightmanscurrency:card_display_biomesoplenty_hellbark_light_blue as it is not a valid variant block.
[28aug.2026 18:20:48.992] [ForkJoinPool.commonPool-worker-2/WARN] [io.github.lightman314.lightmanscurrency.LightmansCurrency/]: Unable to set up variant 'lightmanscurrency:card_display/inner_corner/biomesoplenty/hellbark/red' for target lightmanscurrency:card_display_biomesoplenty_hellbark as it is not a valid variant block.
[28aug.2026 18:20:48.992] [ForkJoinPool.commonPool-worker-2/WARN] [io.github.lightman314.lightmanscurrency.LightmansCurrency/]: Unable to set up variant 'lightmanscurrency:card_display/outer_corner/biomesoplenty/hellbark/blue' for target lightmanscurrency:card_display_biomesoplenty_hellbark_blue as it is not a valid variant block.
[28aug.2026 18:20:48.992] [ForkJoinPool.commonPool-worker-2/WARN] [io.github.lightman314.lightmanscurrency.LightmansCurrency/]: Unable to set up variant 'lightmanscurrency:card_display/inner_corner/biomesoplenty/fir/orange' for target lightmanscurrency:card_display_biomesoplenty_fir_orange as it is not a valid variant block.
[28aug.2026 18:20:48.992] [ForkJoinPool.commonPool-worker-2/WARN] [io.github.lightman314.lightmanscurrency.LightmansCurrency/]: Unable to set up variant 'lightmanscurrency:card_display/outer_corner/biomesoplenty/mahogany/orange' for target lightmanscurrency:card_display_biomesoplenty_mahogany_orange as it is not a valid variant block.
[28aug.2026 18:20:48.992] [ForkJoinPool.commonPool-worker-2/WARN] [io.github.lightman314.lightmanscurrency.LightmansCurrency/]: Unable to set up variant 'lightmanscurrency:card_display/outer_corner/biomesoplenty/dead/brown' for target lightmanscurrency:card_display_biomesoplenty_dead_brown as it is not a valid variant block.
[28aug.2026 18:20:48.992] [ForkJoinPool.commonPool-worker-2/WARN] [io.github.lightman314.lightmanscurrency.LightmansCurrency/]: Unable to set up variant 'lightmanscurrency:card_display/inner_corner/biomesoplenty/willow/purple' for target lightmanscurrency:card_display_biomesoplenty_willow_purple as it is not a valid variant block.
[28aug.2026 18:20:48.992] [ForkJoinPool.commonPool-worker-2/WARN] [io.github.lightman314.lightmanscurrency.LightmansCurrency/]: Unable to set up variant 'lightmanscurrency:card_display/inner_corner/biomesoplenty/redwood/purple' for target lightmanscurrency:card_display_biomesoplenty_redwood_purple as it is not a valid variant block.
[28aug.2026 18:20:48.992] [ForkJoinPool.commonPool-worker-2/WARN] [io.github.lightman314.lightmanscurrency.LightmansCurrency/]: Unable to set up variant 'lightmanscurrency:card_display/inner_corner/biomesoplenty/redwood/magenta' for target lightmanscurrency:card_display_biomesoplenty_redwood_magenta as it is not a valid variant block.
[28aug.2026 18:20:48.992] [ForkJoinPool.commonPool-worker-2/WARN] [io.github.lightman314.lightmanscurrency.LightmansCurrency/]: Unable to set up variant 'lightmanscurrency:card_display/inner_corner/biomesoplenty/dead/light_gray' for target lightmanscurrency:card_display_biomesoplenty_dead_light_gray as it is not a valid variant block.
[28aug.2026 18:20:48.992] [ForkJoinPool.commonPool-worker-2/WARN] [io.github.lightman314.lightmanscurrency.LightmansCurrency/]: Unable to set up variant 'lightmanscurrency:card_display/inner_corner/biomesoplenty/umbran/pink' for target lightmanscurrency:card_display_biomesoplenty_umbran_pink as it is not a valid variant block.
[28aug.2026 18:20:48.993] [ForkJoinPool.commonPool-worker-2/WARN] [io.github.lightman314.lightmanscurrency.LightmansCurrency/]: Unable to set up variant 'lightmanscurrency:card_display/inner_corner/biomesoplenty/fir/pink' for target lightmanscurrency:card_display_biomesoplenty_fir_pink as it is not a valid variant block.
[28aug.2026 18:20:48.993] [ForkJoinPool.commonPool-worker-2/WARN] [io.github.lightman314.lightmanscurrency.LightmansCurrency/]: Unable to set up variant 'lightmanscurrency:card_display/outer_corner/biomesoplenty/jacaranda/white' for target lightmanscurrency:card_display_biomesoplenty_jacaranda_white as it is not a valid variant block.
[28aug.2026 18:20:48.994] [ForkJoinPool.commonPool-worker-2/WARN] [io.github.lightman314.lightmanscurrency.LightmansCurrency/]: Unable to set up variant 'lightmanscurrency:card_display/inner_corner/biomesoplenty/mahogany/brown' for target lightmanscurrency:card_display_biomesoplenty_mahogany_brown as it is not a valid variant block.
[28aug.2026 18:20:48.994] [ForkJoinPool.commonPool-worker-2/WARN] [io.github.lightman314.lightmanscurrency.LightmansCurrency/]: Unable to set up variant 'lightmanscurrency:card_display/outer_corner/biomesoplenty/redwood/black' for target lightmanscurrency:card_display_biomesoplenty_redwood_black as it is not a valid variant block.
[28aug.2026 18:20:48.995] [ForkJoinPool.commonPool-worker-2/WARN] [io.github.lightman314.lightmanscurrency.LightmansCurrency/]: Unable to set up variant 'lightmanscurrency:card_display/inner_corner/biomesoplenty/magic/gray' for target lightmanscurrency:card_display_biomesoplenty_magic_gray as it is not a valid variant block.
[28aug.2026 18:20:48.995] [ForkJoinPool.commonPool-worker-2/WARN] [io.github.lightman314.lightmanscurrency.LightmansCurrency/]: Unable to set up variant 'lightmanscurrency:card_display/outer_corner/biomesoplenty/palm/white' for target lightmanscurrency:card_display_biomesoplenty_palm_white as it is not a valid variant block.
[28aug.2026 18:20:48.995] [ForkJoinPool.commonPool-worker-2/WARN] [io.github.lightman314.lightmanscurrency.LightmansCurrency/]: Unable to set up variant 'lightmanscurrency:card_display/inner_corner/biomesoplenty/redwood/orange' for target lightmanscurrency:card_display_biomesoplenty_redwood_orange as it is not a valid variant block.
[28aug.2026 18:20:48.995] [ForkJoinPool.commonPool-worker-2/WARN] [io.github.lightman314.lightmanscurrency.LightmansCurrency/]: Unable to set up variant 'lightmanscurrency:card_display/inner_corner/biomesoplenty/fir/white' for target lightmanscurrency:card_display_biomesoplenty_fir_white as it is not a valid variant block.
[28aug.2026 18:20:48.995] [ForkJoinPool.commonPool-worker-2/WARN] [io.github.lightman314.lightmanscurrency.LightmansCurrency/]: Unable to set up variant 'lightmanscurrency:card_display/inner_corner/biomesoplenty/willow/light_blue' for target lightmanscurrency:card_display_biomesoplenty_willow_light_blue as it is not a valid variant block.
[28aug.2026 18:20:48.995] [ForkJoinPool.commonPool-worker-2/WARN] [io.github.lightman314.lightmanscurrency.LightmansCurrency/]: Unable to set up variant 'lightmanscurrency:card_display/outer_corner/biomesoplenty/redwood/blue' for target lightmanscurrency:card_display_biomesoplenty_redwood_blue as it is not a valid variant block.
[28aug.2026 18:20:48.995] [ForkJoinPool.commonPool-worker-2/WARN] [io.github.lightman314.lightmanscurrency.LightmansCurrency/]: Unable to set up variant 'lightmanscurrency:card_display/outer_corner/biomesoplenty/jacaranda/gray' for target lightmanscurrency:card_display_biomesoplenty_jacaranda_gray as it is not a valid variant block.
[28aug.2026 18:20:48.995] [ForkJoinPool.commonPool-worker-2/WARN] [io.github.lightman314.lightmanscurrency.LightmansCurrency/]: Unable to set up variant 'lightmanscurrency:card_display/inner_corner/biomesoplenty/mahogany/green' for target lightmanscurrency:card_display_biomesoplenty_mahogany_green as it is not a valid variant block.
[28aug.2026 18:20:48.996] [ForkJoinPool.commonPool-worker-2/WARN] [io.github.lightman314.lightmanscurrency.LightmansCurrency/]: Unable to set up variant 'lightmanscurrency:card_display/inner_corner/biomesoplenty/jacaranda/magenta' for target lightmanscurrency:card_display_biomesoplenty_jacaranda_magenta as it is not a valid variant block.
[28aug.2026 18:20:48.996] [ForkJoinPool.commonPool-worker-2/WARN] [io.github.lightman314.lightmanscurrency.LightmansCurrency/]: Unable to set up variant 'lightmanscurrency:card_display/inner_corner/biomesoplenty/dead/black' for target lightmanscurrency:card_display_biomesoplenty_dead_black as it is not a valid variant block.
[28aug.2026 18:20:48.996] [ForkJoinPool.commonPool-worker-2/WARN] [io.github.lightman314.lightmanscurrency.LightmansCurrency/]: Unable to set up variant 'lightmanscurrency:card_display/inner_corner/biomesoplenty/umbran/brown' for target lightmanscurrency:card_display_biomesoplenty_umbran_brown as it is not a valid variant block.
[28aug.2026 18:20:48.996] [ForkJoinPool.commonPool-worker-2/WARN] [io.github.lightman314.lightmanscurrency.LightmansCurrency/]: Unable to set up variant 'lightmanscurrency:card_display/outer_corner/biomesoplenty/palm/purple' for target lightmanscurrency:card_display_biomesoplenty_palm_purple as it is not a valid variant block.
[28aug.2026 18:20:48.996] [ForkJoinPool.commonPool-worker-2/WARN] [io.github.lightman314.lightmanscurrency.LightmansCurrency/]: Unable to set up variant 'lightmanscurrency:card_display/inner_corner/biomesoplenty/willow/green' for target lightmanscurrency:card_display_biomesoplenty_willow_green as it is not a valid variant block.
[28aug.2026 18:20:48.996] [ForkJoinPool.commonPool-worker-2/WARN] [io.github.lightman314.lightmanscurrency.LightmansCurrency/]: Unable to set up variant 'lightmanscurrency:card_display/inner_corner/biomesoplenty/dead/gray' for target lightmanscurrency:card_display_biomesoplenty_dead_gray as it is not a valid variant block.
[28aug.2026 18:20:48.996] [ForkJoinPool.commonPool-worker-2/WARN] [io.github.lightman314.lightmanscurrency.LightmansCurrency/]: Unable to set up variant 'lightmanscurrency:card_display/outer_corner/biomesoplenty/umbran/gray' for target lightmanscurrency:card_display_biomesoplenty_umbran_gray as it is not a valid variant block.
[28aug.2026 18:20:48.997] [ForkJoinPool.commonPool-worker-2/WARN] [io.github.lightman314.lightmanscurrency.LightmansCurrency/]: Unable to set up variant 'lightmanscurrency:card_display/outer_corner/biomesoplenty/jacaranda/yellow' for target lightmanscurrency:card_display_biomesoplenty_jacaranda_yellow as it is not a valid variant block.
[28aug.2026 18:20:48.997] [ForkJoinPool.commonPool-worker-2/WARN] [io.github.lightman314.lightmanscurrency.LightmansCurrency/]: Unable to set up variant 'lightmanscurrency:card_display/inner_corner/biomesoplenty/palm/pink' for target lightmanscurrency:card_display_biomesoplenty_palm_pink as it is not a valid variant block.
[28aug.2026 18:20:48.997] [ForkJoinPool.commonPool-worker-2/WARN] [io.github.lightman314.lightmanscurrency.LightmansCurrency/]: Unable to set up variant 'lightmanscurrency:card_display/outer_corner/biomesoplenty/willow/white' for target lightmanscurrency:card_display_biomesoplenty_willow_white as it is not a valid variant block.
[28aug.2026 18:20:48.998] [ForkJoinPool.commonPool-worker-2/WARN] [io.github.lightman314.lightmanscurrency.LightmansCurrency/]: Unable to set up variant 'lightmanscurrency:card_display/inner_corner/biomesoplenty/jacaranda/black' for target lightmanscurrency:card_display_biomesoplenty_jacaranda_black as it is not a valid variant block.
[28aug.2026 18:20:48.998] [ForkJoinPool.commonPool-worker-2/WARN] [io.github.lightman314.lightmanscurrency.LightmansCurrency/]: Unable to set up variant 'lightmanscurrency:card_display/outer_corner/biomesoplenty/willow/green' for target lightmanscurrency:card_display_biomesoplenty_willow_green as it is not a valid variant block.
[28aug.2026 18:20:48.998] [ForkJoinPool.commonPool-worker-2/WARN] [io.github.lightman314.lightmanscurrency.LightmansCurrency/]: Unable to set up variant 'lightmanscurrency:card_display/outer_corner/biomesoplenty/umbran/brown' for target lightmanscurrency:card_display_biomesoplenty_umbran_brown as it is not a valid variant block.
[28aug.2026 18:20:48.998] [ForkJoinPool.commonPool-worker-2/WARN] [io.github.lightman314.lightmanscurrency.LightmansCurrency/]: Unable to set up variant 'lightmanscurrency:card_display/outer_corner/biomesoplenty/hellbark/purple' for target lightmanscurrency:card_display_biomesoplenty_hellbark_purple as it is not a valid variant block.
[28aug.2026 18:20:48.998] [ForkJoinPool.commonPool-worker-2/WARN] [io.github.lightman314.lightmanscurrency.LightmansCurrency/]: Unable to set up variant 'lightmanscurrency:card_display/outer_corner/biomesoplenty/willow/pink' for target lightmanscurrency:card_display_biomesoplenty_willow_pink as it is not a valid variant block.
[28aug.2026 18:20:48.998] [ForkJoinPool.commonPool-worker-2/WARN] [io.github.lightman314.lightmanscurrency.LightmansCurrency/]: Unable to set up variant 'lightmanscurrency:card_display/inner_corner/biomesoplenty/jacaranda/white' for target lightmanscurrency:card_display_biomesoplenty_jacaranda_white as it is not a valid variant block.
[28aug.2026 18:20:48.998] [ForkJoinPool.commonPool-worker-2/WARN] [io.github.lightman314.lightmanscurrency.LightmansCurrency/]: Unable to set up variant 'lightmanscurrency:card_display/inner_corner/biomesoplenty/fir/green' for target lightmanscurrency:card_display_biomesoplenty_fir_green as it is not a valid variant block.
[28aug.2026 18:20:48.999] [ForkJoinPool.commonPool-worker-2/WARN] [io.github.lightman314.lightmanscurrency.LightmansCurrency/]: Unable to set up variant 'lightmanscurrency:card_display/outer_corner/biomesoplenty/magic/yellow' for target lightmanscurrency:card_display_biomesoplenty_magic_yellow as it is not a valid variant block.
[28aug.2026 18:20:48.999] [ForkJoinPool.commonPool-worker-2/WARN] [io.github.lightman314.lightmanscurrency.LightmansCurrency/]: Unable to set up variant 'lightmanscurrency:card_display/inner_corner/biomesoplenty/mahogany/white' for target lightmanscurrency:card_display_biomesoplenty_mahogany_white as it is not a valid variant block.
[28aug.2026 18:20:48.999] [ForkJoinPool.commonPool-worker-2/WARN] [io.github.lightman314.lightmanscurrency.LightmansCurrency/]: Unable to set up variant 'lightmanscurrency:card_display/inner_corner/biomesoplenty/palm/white' for target lightmanscurrency:card_display_biomesoplenty_palm_white as it is not a valid variant block.
[28aug.2026 18:20:48.999] [ForkJoinPool.commonPool-worker-2/WARN] [io.github.lightman314.lightmanscurrency.LightmansCurrency/]: Unable to set up variant 'lightmanscurrency:card_display/outer_corner/biomesoplenty/dead/cyan' for target lightmanscurrency:card_display_biomesoplenty_dead_cyan as it is not a valid variant block.
[28aug.2026 18:20:48.999] [ForkJoinPool.commonPool-worker-2/WARN] [io.github.lightman314.lightmanscurrency.LightmansCurrency/]: Unable to set up variant 'lightmanscurrency:card_display/inner_corner/biomesoplenty/jacaranda/brown' for target lightmanscurrency:card_display_biomesoplenty_jacaranda_brown as it is not a valid variant block.
[28aug.2026 18:20:48.999] [ForkJoinPool.commonPool-worker-2/WARN] [io.github.lightman314.lightmanscurrency.LightmansCurrency/]: Unable to set up variant 'lightmanscurrency:card_display/inner_corner/biomesoplenty/palm/cyan' for target lightmanscurrency:card_display_biomesoplenty_palm_cyan as it is not a valid variant block.
[28aug.2026 18:20:48.999] [ForkJoinPool.commonPool-worker-2/WARN] [io.github.lightman314.lightmanscurrency.LightmansCurrency/]: Unable to set up variant 'lightmanscurrency:card_display/inner_corner/biomesoplenty/redwood/gray' for target lightmanscurrency:card_display_biomesoplenty_redwood_gray as it is not a valid variant block.
[28aug.2026 18:20:48.999] [ForkJoinPool.commonPool-worker-2/WARN] [io.github.lightman314.lightmanscurrency.LightmansCurrency/]: Unable to set up variant 'lightmanscurrency:card_display/inner_corner/biomesoplenty/magic/purple' for target lightmanscurrency:card_display_biomesoplenty_magic_purple as it is not a valid variant block.
[28aug.2026 18:20:48.999] [ForkJoinPool.commonPool-worker-2/WARN] [io.github.lightman314.lightmanscurrency.LightmansCurrency/]: Unable to set up variant 'lightmanscurrency:card_display/inner_corner/biomesoplenty/mahogany/light_gray' for target lightmanscurrency:card_display_biomesoplenty_mahogany_light_gray as it is not a valid variant block.
[28aug.2026 18:20:49.000] [ForkJoinPool.commonPool-worker-2/WARN] [io.github.lightman314.lightmanscurrency.LightmansCurrency/]: Unable to set up variant 'lightmanscurrency:card_display/inner_corner/biomesoplenty/umbran/black' for target lightmanscurrency:card_display_biomesoplenty_umbran_black as it is not a valid variant block.
[28aug.2026 18:20:49.000] [ForkJoinPool.commonPool-worker-2/WARN] [io.github.lightman314.lightmanscurrency.LightmansCurrency/]: Unable to set up variant 'lightmanscurrency:card_display/inner_corner/biomesoplenty/willow/cyan' for target lightmanscurrency:card_display_biomesoplenty_willow_cyan as it is not a valid variant block.
[28aug.2026 18:20:49.001] [ForkJoinPool.commonPool-worker-2/WARN] [io.github.lightman314.lightmanscurrency.LightmansCurrency/]: Unable to set up variant 'lightmanscurrency:card_display/outer_corner/biomesoplenty/palm/blue' for target lightmanscurrency:card_display_biomesoplenty_palm_blue as it is not a valid variant block.
[28aug.2026 18:20:49.001] [ForkJoinPool.commonPool-worker-2/WARN] [io.github.lightman314.lightmanscurrency.LightmansCurrency/]: Unable to set up variant 'lightmanscurrency:card_display/outer_corner/biomesoplenty/dead/green' for target lightmanscurrency:card_display_biomesoplenty_dead_green as it is not a valid variant block.
[28aug.2026 18:20:49.002] [ForkJoinPool.commonPool-worker-2/WARN] [io.github.lightman314.lightmanscurrency.LightmansCurrency/]: Unable to set up variant 'lightmanscurrency:card_display/outer_corner/biomesoplenty/jacaranda/light_blue' for target lightmanscurrency:card_display_biomesoplenty_jacaranda_light_blue as it is not a valid variant block.
[28aug.2026 18:20:49.002] [ForkJoinPool.commonPool-worker-2/WARN] [io.github.lightman314.lightmanscurrency.LightmansCurrency/]: Unable to set up variant 'lightmanscurrency:card_display/inner_corner/biomesoplenty/jacaranda/red' for target lightmanscurrency:card_display_biomesoplenty_jacaranda as it is not a valid variant block.
[28aug.2026 18:20:49.002] [ForkJoinPool.commonPool-worker-2/WARN] [io.github.lightman314.lightmanscurrency.LightmansCurrency/]: Unable to set up variant 'lightmanscurrency:card_display/inner_corner/biomesoplenty/palm/brown' for target lightmanscurrency:card_display_biomesoplenty_palm_brown as it is not a valid variant block.
[28aug.2026 18:20:49.002] [ForkJoinPool.commonPool-worker-2/WARN] [io.github.lightman314.lightmanscurrency.LightmansCurrency/]: Unable to set up variant 'lightmanscurrency:card_display/outer_corner/biomesoplenty/hellbark/lime' for target lightmanscurrency:card_display_biomesoplenty_hellbark_lime as it is not a valid variant block.
[28aug.2026 18:20:49.002] [ForkJoinPool.commonPool-worker-2/WARN] [io.github.lightman314.lightmanscurrency.LightmansCurrency/]: Unable to set up variant 'lightmanscurrency:card_display/outer_corner/biomesoplenty/fir/light_gray' for target lightmanscurrency:card_display_biomesoplenty_fir_light_gray as it is not a valid variant block.
[28aug.2026 18:20:49.003] [ForkJoinPool.commonPool-worker-2/WARN] [io.github.lightman314.lightmanscurrency.LightmansCurrency/]: Unable to set up variant 'lightmanscurrency:card_display/outer_corner/biomesoplenty/hellbark/black' for target lightmanscurrency:card_display_biomesoplenty_hellbark_black as it is not a valid variant block.
[28aug.2026 18:20:49.003] [ForkJoinPool.commonPool-worker-2/WARN] [io.github.lightman314.lightmanscurrency.LightmansCurrency/]: Unable to set up variant 'lightmanscurrency:card_display/inner_corner/biomesoplenty/mahogany/gray' for target lightmanscurrency:card_display_biomesoplenty_mahogany_gray as it is not a valid variant block.
[28aug.2026 18:20:49.003] [ForkJoinPool.commonPool-worker-2/WARN] [io.github.lightman314.lightmanscurrency.LightmansCurrency/]: Unable to set up variant 'lightmanscurrency:card_display/inner_corner/biomesoplenty/jacaranda/pink' for target lightmanscurrency:card_display_biomesoplenty_jacaranda_pink as it is not a valid variant block.
[28aug.2026 18:20:49.004] [ForkJoinPool.commonPool-worker-2/WARN] [io.github.lightman314.lightmanscurrency.LightmansCurrency/]: Unable to set up variant 'lightmanscurrency:card_display/inner_corner/biomesoplenty/palm/light_gray' for target lightmanscurrency:card_display_biomesoplenty_palm_light_gray as it is not a valid variant block.
[28aug.2026 18:20:49.005] [ForkJoinPool.commonPool-worker-2/WARN] [io.github.lightman314.lightmanscurrency.LightmansCurrency/]: Unable to set up variant 'lightmanscurrency:card_display/outer_corner/biomesoplenty/hellbark/magenta' for target lightmanscurrency:card_display_biomesoplenty_hellbark_magenta as it is not a valid variant block.
[28aug.2026 18:20:49.005] [ForkJoinPool.commonPool-worker-2/WARN] [io.github.lightman314.lightmanscurrency.LightmansCurrency/]: Unable to set up variant 'lightmanscurrency:card_display/inner_corner/biomesoplenty/hellbark/lime' for target lightmanscurrency:card_display_biomesoplenty_hellbark_lime as it is not a valid variant block.
[28aug.2026 18:20:49.008] [Render thread/WARN] [net.neoforged.fml.DeferredWorkQueue/LOADING]: Mod 'xaeroworldmap' took 1.528 s to run a deferred task.
[28aug.2026 18:20:49.008] [Render thread/INFO] [ls_furniture/]: Initializing client-side components for Furnection
[28aug.2026 18:20:49.005] [ForkJoinPool.commonPool-worker-2/WARN] [io.github.lightman314.lightmanscurrency.LightmansCurrency/]: Unable to set up variant 'lightmanscurrency:card_display/outer_corner/biomesoplenty/magic/lime' for target lightmanscurrency:card_display_biomesoplenty_magic_lime as it is not a valid variant block.
[28aug.2026 18:20:49.011] [ForkJoinPool.commonPool-worker-2/WARN] [io.github.lightman314.lightmanscurrency.LightmansCurrency/]: Unable to set up variant 'lightmanscurrency:card_display/outer_corner/biomesoplenty/redwood/light_gray' for target lightmanscurrency:card_display_biomesoplenty_redwood_light_gray as it is not a valid variant block.
[28aug.2026 18:20:49.011] [ForkJoinPool.commonPool-worker-2/WARN] [io.github.lightman314.lightmanscurrency.LightmansCurrency/]: Unable to set up variant 'lightmanscurrency:card_display/inner_corner/biomesoplenty/umbran/blue' for target lightmanscurrency:card_display_biomesoplenty_umbran_blue as it is not a valid variant block.
[28aug.2026 18:20:49.012] [ForkJoinPool.commonPool-worker-2/WARN] [io.github.lightman314.lightmanscurrency.LightmansCurrency/]: Unable to set up variant 'lightmanscurrency:card_display/inner_corner/biomesoplenty/fir/light_blue' for target lightmanscurrency:card_display_biomesoplenty_fir_light_blue as it is not a valid variant block.
[28aug.2026 18:20:49.012] [ForkJoinPool.commonPool-worker-2/WARN] [io.github.lightman314.lightmanscurrency.LightmansCurrency/]: Unable to set up variant 'lightmanscurrency:card_display/outer_corner/biomesoplenty/jacaranda/black' for target lightmanscurrency:card_display_biomesoplenty_jacaranda_black as it is not a valid variant block.
[28aug.2026 18:20:49.012] [ForkJoinPool.commonPool-worker-2/WARN] [io.github.lightman314.lightmanscurrency.LightmansCurrency/]: Unable to set up variant 'lightmanscurrency:card_display/inner_corner/biomesoplenty/umbran/magenta' for target lightmanscurrency:card_display_biomesoplenty_umbran_magenta as it is not a valid variant block.
[28aug.2026 18:20:49.012] [ForkJoinPool.commonPool-worker-2/WARN] [io.github.lightman314.lightmanscurrency.LightmansCurrency/]: Unable to set up variant 'lightmanscurrency:card_display/outer_corner/biomesoplenty/fir/brown' for target lightmanscurrency:card_display_biomesoplenty_fir_brown as it is not a valid variant block.
[28aug.2026 18:20:49.012] [ForkJoinPool.commonPool-worker-2/WARN] [io.github.lightman314.lightmanscurrency.LightmansCurrency/]: Unable to set up variant 'lightmanscurrency:card_display/inner_corner/biomesoplenty/hellbark/purple' for target lightmanscurrency:card_display_biomesoplenty_hellbark_purple as it is not a valid variant block.
[28aug.2026 18:20:49.012] [ForkJoinPool.commonPool-worker-2/WARN] [io.github.lightman314.lightmanscurrency.LightmansCurrency/]: Unable to set up variant 'lightmanscurrency:card_display/inner_corner/biomesoplenty/dead/green' for target lightmanscurrency:card_display_biomesoplenty_dead_green as it is not a valid variant block.
[28aug.2026 18:20:49.012] [ForkJoinPool.commonPool-worker-2/WARN] [io.github.lightman314.lightmanscurrency.LightmansCurrency/]: Unable to set up variant 'lightmanscurrency:card_display/outer_corner/biomesoplenty/palm/yellow' for target lightmanscurrency:card_display_biomesoplenty_palm_yellow as it is not a valid variant block.
[28aug.2026 18:20:49.012] [ForkJoinPool.commonPool-worker-2/WARN] [io.github.lightman314.lightmanscurrency.LightmansCurrency/]: Unable to set up variant 'lightmanscurrency:card_display/outer_corner/biomesoplenty/redwood/cyan' for target lightmanscurrency:card_display_biomesoplenty_redwood_cyan as it is not a valid variant block.
[28aug.2026 18:20:49.013] [ForkJoinPool.commonPool-worker-2/WARN] [io.github.lightman314.lightmanscurrency.LightmansCurrency/]: Unable to set up variant 'lightmanscurrency:card_display/inner_corner/biomesoplenty/magic/orange' for target lightmanscurrency:card_display_biomesoplenty_magic_orange as it is not a valid variant block.
[28aug.2026 18:20:49.013] [ForkJoinPool.commonPool-worker-2/WARN] [io.github.lightman314.lightmanscurrency.LightmansCurrency/]: Unable to set up variant 'lightmanscurrency:card_display/inner_corner/biomesoplenty/magic/white' for target lightmanscurrency:card_display_biomesoplenty_magic_white as it is not a valid variant block.
[28aug.2026 18:20:49.013] [ForkJoinPool.commonPool-worker-2/WARN] [io.github.lightman314.lightmanscurrency.LightmansCurrency/]: Unable to set up variant 'lightmanscurrency:card_display/inner_corner/biomesoplenty/fir/gray' for target lightmanscurrency:card_display_biomesoplenty_fir_gray as it is not a valid variant block.
[28aug.2026 18:20:49.013] [ForkJoinPool.commonPool-worker-2/WARN] [io.github.lightman314.lightmanscurrency.LightmansCurrency/]: Unable to set up variant 'lightmanscurrency:card_display/inner_corner/biomesoplenty/umbran/light_gray' for target lightmanscurrency:card_display_biomesoplenty_umbran_light_gray as it is not a valid variant block.
[28aug.2026 18:20:49.013] [ForkJoinPool.commonPool-worker-2/WARN] [io.github.lightman314.lightmanscurrency.LightmansCurrency/]: Unable to set up variant 'lightmanscurrency:card_display/outer_corner/biomesoplenty/umbran/cyan' for target lightmanscurrency:card_display_biomesoplenty_umbran_cyan as it is not a valid variant block.
[28aug.2026 18:20:49.013] [ForkJoinPool.commonPool-worker-2/WARN] [io.github.lightman314.lightmanscurrency.LightmansCurrency/]: Unable to set up variant 'lightmanscurrency:card_display/outer_corner/biomesoplenty/dead/lime' for target lightmanscurrency:card_display_biomesoplenty_dead_lime as it is not a valid variant block.
[28aug.2026 18:20:49.013] [ForkJoinPool.commonPool-worker-2/WARN] [io.github.lightman314.lightmanscurrency.LightmansCurrency/]: Unable to set up variant 'lightmanscurrency:card_display/inner_corner/biomesoplenty/magic/magenta' for target lightmanscurrency:card_display_biomesoplenty_magic_magenta as it is not a valid variant block.
[28aug.2026 18:20:49.014] [ForkJoinPool.commonPool-worker-2/WARN] [io.github.lightman314.lightmanscurrency.LightmansCurrency/]: Unable to set up variant 'lightmanscurrency:card_display/outer_corner/biomesoplenty/redwood/red' for target lightmanscurrency:card_display_biomesoplenty_redwood as it is not a valid variant block.
[28aug.2026 18:20:49.014] [ForkJoinPool.commonPool-worker-2/WARN] [io.github.lightman314.lightmanscurrency.LightmansCurrency/]: Unable to set up variant 'lightmanscurrency:card_display/outer_corner/biomesoplenty/fir/white' for target lightmanscurrency:card_display_biomesoplenty_fir_white as it is not a valid variant block.
[28aug.2026 18:20:49.014] [ForkJoinPool.commonPool-worker-2/WARN] [io.github.lightman314.lightmanscurrency.LightmansCurrency/]: Unable to set up variant 'lightmanscurrency:card_display/inner_corner/biomesoplenty/magic/brown' for target lightmanscurrency:card_display_biomesoplenty_magic_brown as it is not a valid variant block.
[28aug.2026 18:20:49.014] [ForkJoinPool.commonPool-worker-2/WARN] [io.github.lightman314.lightmanscurrency.LightmansCurrency/]: Unable to set up variant 'lightmanscurrency:card_display/outer_corner/biomesoplenty/fir/cyan' for target lightmanscurrency:card_display_biomesoplenty_fir_cyan as it is not a valid variant block.
[28aug.2026 18:20:49.014] [ForkJoinPool.commonPool-worker-2/WARN] [io.github.lightman314.lightmanscurrency.LightmansCurrency/]: Unable to set up variant 'lightmanscurrency:card_display/outer_corner/biomesoplenty/mahogany/blue' for target lightmanscurrency:card_display_biomesoplenty_mahogany_blue as it is not a valid variant block.
[28aug.2026 18:20:49.014] [ForkJoinPool.commonPool-worker-2/WARN] [io.github.lightman314.lightmanscurrency.LightmansCurrency/]: Unable to set up variant 'lightmanscurrency:card_display/outer_corner/biomesoplenty/hellbark/yellow' for target lightmanscurrency:card_display_biomesoplenty_hellbark_yellow as it is not a valid variant block.
[28aug.2026 18:20:49.014] [ForkJoinPool.commonPool-worker-2/WARN] [io.github.lightman314.lightmanscurrency.LightmansCurrency/]: Unable to set up variant 'lightmanscurrency:card_display/inner_corner/biomesoplenty/mahogany/pink' for target lightmanscurrency:card_display_biomesoplenty_mahogany_pink as it is not a valid variant block.
[28aug.2026 18:20:49.015] [ForkJoinPool.commonPool-worker-2/WARN] [io.github.lightman314.lightmanscurrency.LightmansCurrency/]: Unable to set up variant 'lightmanscurrency:card_display/outer_corner/biomesoplenty/palm/light_gray' for target lightmanscurrency:card_display_biomesoplenty_palm_light_gray as it is not a valid variant block.
[28aug.2026 18:20:49.015] [ForkJoinPool.commonPool-worker-2/WARN] [io.github.lightman314.lightmanscurrency.LightmansCurrency/]: Unable to set up variant 'lightmanscurrency:card_display/outer_corner/biomesoplenty/willow/light_gray' for target lightmanscurrency:card_display_biomesoplenty_willow_light_gray as it is not a valid variant block.
[28aug.2026 18:20:49.015] [ForkJoinPool.commonPool-worker-2/WARN] [io.github.lightman314.lightmanscurrency.LightmansCurrency/]: Unable to set up variant 'lightmanscurrency:card_display/inner_corner/biomesoplenty/redwood/pink' for target lightmanscurrency:card_display_biomesoplenty_redwood_pink as it is not a valid variant block.
[28aug.2026 18:20:49.015] [ForkJoinPool.commonPool-worker-2/WARN] [io.github.lightman314.lightmanscurrency.LightmansCurrency/]: Unable to set up variant 'lightmanscurrency:card_display/inner_corner/biomesoplenty/dead/pink' for target lightmanscurrency:card_display_biomesoplenty_dead_pink as it is not a valid variant block.
[28aug.2026 18:20:49.015] [ForkJoinPool.commonPool-worker-2/WARN] [io.github.lightman314.lightmanscurrency.LightmansCurrency/]: Unable to set up variant 'lightmanscurrency:card_display/outer_corner/biomesoplenty/umbran/purple' for target lightmanscurrency:card_display_biomesoplenty_umbran_purple as it is not a valid variant block.
[28aug.2026 18:20:49.015] [ForkJoinPool.commonPool-worker-2/WARN] [io.github.lightman314.lightmanscurrency.LightmansCurrency/]: Unable to set up variant 'lightmanscurrency:card_display/outer_corner/biomesoplenty/magic/light_blue' for target lightmanscurrency:card_display_biomesoplenty_magic_light_blue as it is not a valid variant block.
[28aug.2026 18:20:49.015] [ForkJoinPool.commonPool-worker-2/WARN] [io.github.lightman314.lightmanscurrency.LightmansCurrency/]: Unable to set up variant 'lightmanscurrency:card_display/inner_corner/biomesoplenty/hellbark/blue' for target lightmanscurrency:card_display_biomesoplenty_hellbark_blue as it is not a valid variant block.
[28aug.2026 18:20:49.015] [ForkJoinPool.commonPool-worker-2/WARN] [io.github.lightman314.lightmanscurrency.LightmansCurrency/]: Unable to set up variant 'lightmanscurrency:card_display/inner_corner/biomesoplenty/palm/gray' for target lightmanscurrency:card_display_biomesoplenty_palm_gray as it is not a valid variant block.
[28aug.2026 18:20:49.015] [ForkJoinPool.commonPool-worker-2/WARN] [io.github.lightman314.lightmanscurrency.LightmansCurrency/]: Unable to set up variant 'lightmanscurrency:card_display/outer_corner/biomesoplenty/mahogany/white' for target lightmanscurrency:card_display_biomesoplenty_mahogany_white as it is not a valid variant block.
[28aug.2026 18:20:49.015] [ForkJoinPool.commonPool-worker-2/WARN] [io.github.lightman314.lightmanscurrency.LightmansCurrency/]: Unable to set up variant 'lightmanscurrency:card_display/outer_corner/biomesoplenty/magic/blue' for target lightmanscurrency:card_display_biomesoplenty_magic_blue as it is not a valid variant block.
[28aug.2026 18:20:49.015] [ForkJoinPool.commonPool-worker-2/WARN] [io.github.lightman314.lightmanscurrency.LightmansCurrency/]: Unable to set up variant 'lightmanscurrency:card_display/outer_corner/biomesoplenty/jacaranda/pink' for target lightmanscurrency:card_display_biomesoplenty_jacaranda_pink as it is not a valid variant block.
[28aug.2026 18:20:49.015] [ForkJoinPool.commonPool-worker-2/WARN] [io.github.lightman314.lightmanscurrency.LightmansCurrency/]: Unable to set up variant 'lightmanscurrency:card_display/outer_corner/biomesoplenty/redwood/white' for target lightmanscurrency:card_display_biomesoplenty_redwood_white as it is not a valid variant block.
[28aug.2026 18:20:49.017] [ForkJoinPool.commonPool-worker-2/WARN] [io.github.lightman314.lightmanscurrency.LightmansCurrency/]: Unable to set up variant 'lightmanscurrency:card_display/inner_corner/biomesoplenty/palm/orange' for target lightmanscurrency:card_display_biomesoplenty_palm_orange as it is not a valid variant block.
[28aug.2026 18:20:49.017] [ForkJoinPool.commonPool-worker-2/WARN] [io.github.lightman314.lightmanscurrency.LightmansCurrency/]: Unable to set up variant 'lightmanscurrency:card_display/outer_corner/biomesoplenty/willow/gray' for target lightmanscurrency:card_display_biomesoplenty_willow_gray as it is not a valid variant block.
[28aug.2026 18:20:49.017] [ForkJoinPool.commonPool-worker-2/WARN] [io.github.lightman314.lightmanscurrency.LightmansCurrency/]: Unable to set up variant 'lightmanscurrency:card_display/outer_corner/biomesoplenty/hellbark/cyan' for target lightmanscurrency:card_display_biomesoplenty_hellbark_cyan as it is not a valid variant block.
[28aug.2026 18:20:49.017] [ForkJoinPool.commonPool-worker-2/WARN] [io.github.lightman314.lightmanscurrency.LightmansCurrency/]: Unable to set up variant 'lightmanscurrency:card_display/outer_corner/biomesoplenty/mahogany/light_gray' for target lightmanscurrency:card_display_biomesoplenty_mahogany_light_gray as it is not a valid variant block.
[28aug.2026 18:20:49.018] [ForkJoinPool.commonPool-worker-2/WARN] [io.github.lightman314.lightmanscurrency.LightmansCurrency/]: Unable to set up variant 'lightmanscurrency:card_display/outer_corner/biomesoplenty/dead/black' for target lightmanscurrency:card_display_biomesoplenty_dead_black as it is not a valid variant block.
[28aug.2026 18:20:49.018] [ForkJoinPool.commonPool-worker-2/WARN] [io.github.lightman314.lightmanscurrency.LightmansCurrency/]: Unable to set up variant 'lightmanscurrency:card_display/outer_corner/biomesoplenty/magic/black' for target lightmanscurrency:card_display_biomesoplenty_magic_black as it is not a valid variant block.
[28aug.2026 18:20:49.018] [ForkJoinPool.commonPool-worker-2/WARN] [io.github.lightman314.lightmanscurrency.LightmansCurrency/]: Unable to set up variant 'lightmanscurrency:card_display/inner_corner/biomesoplenty/willow/lime' for target lightmanscurrency:card_display_biomesoplenty_willow_lime as it is not a valid variant block.
[28aug.2026 18:20:49.018] [ForkJoinPool.commonPool-worker-2/WARN] [io.github.lightman314.lightmanscurrency.LightmansCurrency/]: Unable to set up variant 'lightmanscurrency:card_display/outer_corner/biomesoplenty/redwood/brown' for target lightmanscurrency:card_display_biomesoplenty_redwood_brown as it is not a valid variant block.
[28aug.2026 18:20:49.018] [ForkJoinPool.commonPool-worker-2/WARN] [io.github.lightman314.lightmanscurrency.LightmansCurrency/]: Unable to set up variant 'lightmanscurrency:card_display/inner_corner/biomesoplenty/magic/cyan' for target lightmanscurrency:card_display_biomesoplenty_magic_cyan as it is not a valid variant block.
[28aug.2026 18:20:49.019] [ForkJoinPool.commonPool-worker-2/WARN] [io.github.lightman314.lightmanscurrency.LightmansCurrency/]: Unable to set up variant 'lightmanscurrency:card_display/outer_corner/biomesoplenty/jacaranda/magenta' for target lightmanscurrency:card_display_biomesoplenty_jacaranda_magenta as it is not a valid variant block.
[28aug.2026 18:20:49.019] [ForkJoinPool.commonPool-worker-2/WARN] [io.github.lightman314.lightmanscurrency.LightmansCurrency/]: Unable to set up variant 'lightmanscurrency:card_display/outer_corner/biomesoplenty/dead/purple' for target lightmanscurrency:card_display_biomesoplenty_dead_purple as it is not a valid variant block.
[28aug.2026 18:20:49.019] [ForkJoinPool.commonPool-worker-2/WARN] [io.github.lightman314.lightmanscurrency.LightmansCurrency/]: Unable to set up variant 'lightmanscurrency:card_display/inner_corner/biomesoplenty/willow/yellow' for target lightmanscurrency:card_display_biomesoplenty_willow_yellow as it is not a valid variant block.
[28aug.2026 18:20:49.019] [ForkJoinPool.commonPool-worker-2/WARN] [io.github.lightman314.lightmanscurrency.LightmansCurrency/]: Unable to set up variant 'lightmanscurrency:card_display/outer_corner/biomesoplenty/dead/magenta' for target lightmanscurrency:card_display_biomesoplenty_dead_magenta as it is not a valid variant block.
[28aug.2026 18:20:49.019] [ForkJoinPool.commonPool-worker-2/WARN] [io.github.lightman314.lightmanscurrency.LightmansCurrency/]: Unable to set up variant 'lightmanscurrency:card_display/outer_corner/biomesoplenty/palm/red' for target lightmanscurrency:card_display_biomesoplenty_palm as it is not a valid variant block.
[28aug.2026 18:20:49.019] [ForkJoinPool.commonPool-worker-2/WARN] [io.github.lightman314.lightmanscurrency.LightmansCurrency/]: Unable to set up variant 'lightmanscurrency:card_display/outer_corner/biomesoplenty/mahogany/brown' for target lightmanscurrency:card_display_biomesoplenty_mahogany_brown as it is not a valid variant block.
[28aug.2026 18:20:49.019] [ForkJoinPool.commonPool-worker-2/WARN] [io.github.lightman314.lightmanscurrency.LightmansCurrency/]: Unable to set up variant 'lightmanscurrency:card_display/outer_corner/biomesoplenty/palm/magenta' for target lightmanscurrency:card_display_biomesoplenty_palm_magenta as it is not a valid variant block.
[28aug.2026 18:20:49.020] [ForkJoinPool.commonPool-worker-2/WARN] [io.github.lightman314.lightmanscurrency.LightmansCurrency/]: Unable to set up variant 'lightmanscurrency:card_display/inner_corner/biomesoplenty/dead/brown' for target lightmanscurrency:card_display_biomesoplenty_dead_brown as it is not a valid variant block.
[28aug.2026 18:20:49.021] [ForkJoinPool.commonPool-worker-2/WARN] [io.github.lightman314.lightmanscurrency.LightmansCurrency/]: Unable to set up variant 'lightmanscurrency:card_display/outer_corner/biomesoplenty/hellbark/green' for target lightmanscurrency:card_display_biomesoplenty_hellbark_green as it is not a valid variant block.
[28aug.2026 18:20:49.021] [ForkJoinPool.commonPool-worker-2/WARN] [io.github.lightman314.lightmanscurrency.LightmansCurrency/]: Unable to set up variant 'lightmanscurrency:card_display/outer_corner/biomesoplenty/dead/light_gray' for target lightmanscurrency:card_display_biomesoplenty_dead_light_gray as it is not a valid variant block.
[28aug.2026 18:20:49.021] [ForkJoinPool.commonPool-worker-2/WARN] [io.github.lightman314.lightmanscurrency.LightmansCurrency/]: Unable to set up variant 'lightmanscurrency:card_display/inner_corner/biomesoplenty/magic/lime' for target lightmanscurrency:card_display_biomesoplenty_magic_lime as it is not a valid variant block.
[28aug.2026 18:20:49.022] [ForkJoinPool.commonPool-worker-2/WARN] [io.github.lightman314.lightmanscurrency.LightmansCurrency/]: Unable to set up variant 'lightmanscurrency:card_display/inner_corner/biomesoplenty/redwood/red' for target lightmanscurrency:card_display_biomesoplenty_redwood as it is not a valid variant block.
[28aug.2026 18:20:49.022] [ForkJoinPool.commonPool-worker-2/WARN] [io.github.lightman314.lightmanscurrency.LightmansCurrency/]: Unable to set up variant 'lightmanscurrency:card_display/outer_corner/biomesoplenty/redwood/green' for target lightmanscurrency:card_display_biomesoplenty_redwood_green as it is not a valid variant block.
[28aug.2026 18:20:49.024] [ForkJoinPool.commonPool-worker-2/WARN] [io.github.lightman314.lightmanscurrency.LightmansCurrency/]: Unable to set up variant 'lightmanscurrency:card_display/inner_corner/biomesoplenty/willow/black' for target lightmanscurrency:card_display_biomesoplenty_willow_black as it is not a valid variant block.
[28aug.2026 18:20:49.024] [ForkJoinPool.commonPool-worker-2/WARN] [io.github.lightman314.lightmanscurrency.LightmansCurrency/]: Unable to set up variant 'lightmanscurrency:card_display/inner_corner/biomesoplenty/palm/yellow' for target lightmanscurrency:card_display_biomesoplenty_palm_yellow as it is not a valid variant block.
[28aug.2026 18:20:49.025] [ForkJoinPool.commonPool-worker-2/WARN] [io.github.lightman314.lightmanscurrency.LightmansCurrency/]: Unable to set up variant 'lightmanscurrency:card_display/outer_corner/biomesoplenty/magic/gray' for target lightmanscurrency:card_display_biomesoplenty_magic_gray as it is not a valid variant block.
[28aug.2026 18:20:49.025] [ForkJoinPool.commonPool-worker-2/WARN] [io.github.lightman314.lightmanscurrency.LightmansCurrency/]: Unable to set up variant 'lightmanscurrency:card_display/inner_corner/biomesoplenty/dead/red' for target lightmanscurrency:card_display_biomesoplenty_dead as it is not a valid variant block.
[28aug.2026 18:20:49.025] [ForkJoinPool.commonPool-worker-2/WARN] [io.github.lightman314.lightmanscurrency.LightmansCurrency/]: Unable to set up variant 'lightmanscurrency:card_display/inner_corner/biomesoplenty/hellbark/green' for target lightmanscurrency:card_display_biomesoplenty_hellbark_green as it is not a valid variant block.
[28aug.2026 18:20:49.025] [ForkJoinPool.commonPool-worker-2/WARN] [io.github.lightman314.lightmanscurrency.LightmansCurrency/]: Unable to set up variant 'lightmanscurrency:card_display/inner_corner/biomesoplenty/mahogany/orange' for target lightmanscurrency:card_display_biomesoplenty_mahogany_orange as it is not a valid variant block.
[28aug.2026 18:20:49.025] [ForkJoinPool.commonPool-worker-2/WARN] [io.github.lightman314.lightmanscurrency.LightmansCurrency/]: Unable to set up variant 'lightmanscurrency:card_display/inner_corner/biomesoplenty/palm/blue' for target lightmanscurrency:card_display_biomesoplenty_palm_blue as it is not a valid variant block.
[28aug.2026 18:20:49.025] [ForkJoinPool.commonPool-worker-2/WARN] [io.github.lightman314.lightmanscurrency.LightmansCurrency/]: Unable to set up variant 'lightmanscurrency:card_display/outer_corner/biomesoplenty/fir/red' for target lightmanscurrency:card_display_biomesoplenty_fir as it is not a valid variant block.
[28aug.2026 18:20:49.025] [ForkJoinPool.commonPool-worker-2/WARN] [io.github.lightman314.lightmanscurrency.LightmansCurrency/]: Unable to set up variant 'lightmanscurrency:card_display/outer_corner/biomesoplenty/jacaranda/purple' for target lightmanscurrency:card_display_biomesoplenty_jacaranda_purple as it is not a valid variant block.
[28aug.2026 18:20:49.025] [ForkJoinPool.commonPool-worker-2/WARN] [io.github.lightman314.lightmanscurrency.LightmansCurrency/]: Unable to set up variant 'lightmanscurrency:card_display/inner_corner/biomesoplenty/hellbark/magenta' for target lightmanscurrency:card_display_biomesoplenty_hellbark_magenta as it is not a valid variant block.
[28aug.2026 18:20:49.026] [ForkJoinPool.commonPool-worker-2/WARN] [io.github.lightman314.lightmanscurrency.LightmansCurrency/]: Unable to set up variant 'lightmanscurrency:card_display/outer_corner/biomesoplenty/mahogany/black' for target lightmanscurrency:card_display_biomesoplenty_mahogany_black as it is not a valid variant block.
[28aug.2026 18:20:49.026] [ForkJoinPool.commonPool-worker-2/WARN] [io.github.lightman314.lightmanscurrency.LightmansCurrency/]: Unable to set up variant 'lightmanscurrency:card_display/inner_corner/biomesoplenty/umbran/cyan' for target lightmanscurrency:card_display_biomesoplenty_umbran_cyan as it is not a valid variant block.
[28aug.2026 18:20:49.026] [ForkJoinPool.commonPool-worker-2/WARN] [io.github.lightman314.lightmanscurrency.LightmansCurrency/]: Unable to set up variant 'lightmanscurrency:card_display/inner_corner/biomesoplenty/mahogany/lime' for target lightmanscurrency:card_display_biomesoplenty_mahogany_lime as it is not a valid variant block.
[28aug.2026 18:20:49.026] [ForkJoinPool.commonPool-worker-2/WARN] [io.github.lightman314.lightmanscurrency.LightmansCurrency/]: Unable to set up variant 'lightmanscurrency:card_display/outer_corner/biomesoplenty/mahogany/pink' for target lightmanscurrency:card_display_biomesoplenty_mahogany_pink as it is not a valid variant block.
[28aug.2026 18:20:49.026] [ForkJoinPool.commonPool-worker-2/WARN] [io.github.lightman314.lightmanscurrency.LightmansCurrency/]: Unable to set up variant 'lightmanscurrency:card_display/inner_corner/biomesoplenty/mahogany/magenta' for target lightmanscurrency:card_display_biomesoplenty_mahogany_magenta as it is not a valid variant block.
[28aug.2026 18:20:49.026] [ForkJoinPool.commonPool-worker-2/WARN] [io.github.lightman314.lightmanscurrency.LightmansCurrency/]: Unable to set up variant 'lightmanscurrency:card_display/outer_corner/biomesoplenty/redwood/magenta' for target lightmanscurrency:card_display_biomesoplenty_redwood_magenta as it is not a valid variant block.
[28aug.2026 18:20:49.026] [ForkJoinPool.commonPool-worker-2/WARN] [io.github.lightman314.lightmanscurrency.LightmansCurrency/]: Unable to set up variant 'lightmanscurrency:card_display/outer_corner/biomesoplenty/willow/orange' for target lightmanscurrency:card_display_biomesoplenty_willow_orange as it is not a valid variant block.
[28aug.2026 18:20:49.027] [ForkJoinPool.commonPool-worker-2/WARN] [io.github.lightman314.lightmanscurrency.LightmansCurrency/]: Unable to set up variant 'lightmanscurrency:card_display/inner_corner/biomesoplenty/hellbark/white' for target lightmanscurrency:card_display_biomesoplenty_hellbark_white as it is not a valid variant block.
[28aug.2026 18:20:49.027] [ForkJoinPool.commonPool-worker-2/WARN] [io.github.lightman314.lightmanscurrency.LightmansCurrency/]: Unable to set up variant 'lightmanscurrency:card_display/outer_corner/biomesoplenty/fir/blue' for target lightmanscurrency:card_display_biomesoplenty_fir_blue as it is not a valid variant block.
[28aug.2026 18:20:49.027] [ForkJoinPool.commonPool-worker-2/WARN] [io.github.lightman314.lightmanscurrency.LightmansCurrency/]: Unable to set up variant 'lightmanscurrency:card_display/inner_corner/biomesoplenty/jacaranda/blue' for target lightmanscurrency:card_display_biomesoplenty_jacaranda_blue as it is not a valid variant block.
[28aug.2026 18:20:49.027] [ForkJoinPool.commonPool-worker-2/WARN] [io.github.lightman314.lightmanscurrency.LightmansCurrency/]: Unable to set up variant 'lightmanscurrency:card_display/outer_corner/biomesoplenty/umbran/lime' for target lightmanscurrency:card_display_biomesoplenty_umbran_lime as it is not a valid variant block.
[28aug.2026 18:20:49.027] [ForkJoinPool.commonPool-worker-2/WARN] [io.github.lightman314.lightmanscurrency.LightmansCurrency/]: Unable to set up variant 'lightmanscurrency:card_display/outer_corner/biomesoplenty/jacaranda/orange' for target lightmanscurrency:card_display_biomesoplenty_jacaranda_orange as it is not a valid variant block.
[28aug.2026 18:20:49.027] [ForkJoinPool.commonPool-worker-2/WARN] [io.github.lightman314.lightmanscurrency.LightmansCurrency/]: Unable to set up variant 'lightmanscurrency:card_display/outer_corner/biomesoplenty/willow/black' for target lightmanscurrency:card_display_biomesoplenty_willow_black as it is not a valid variant block.
[28aug.2026 18:20:49.027] [ForkJoinPool.commonPool-worker-2/WARN] [io.github.lightman314.lightmanscurrency.LightmansCurrency/]: Unable to set up variant 'lightmanscurrency:card_display/inner_corner/biomesoplenty/willow/red' for target lightmanscurrency:card_display_biomesoplenty_willow as it is not a valid variant block.
[28aug.2026 18:20:49.027] [ForkJoinPool.commonPool-worker-2/WARN] [io.github.lightman314.lightmanscurrency.LightmansCurrency/]: Unable to set up variant 'lightmanscurrency:card_display/outer_corner/biomesoplenty/dead/blue' for target lightmanscurrency:card_display_biomesoplenty_dead_blue as it is not a valid variant block.
[28aug.2026 18:20:49.028] [ForkJoinPool.commonPool-worker-2/WARN] [io.github.lightman314.lightmanscurrency.LightmansCurrency/]: Unable to set up variant 'lightmanscurrency:card_display/inner_corner/biomesoplenty/fir/yellow' for target lightmanscurrency:card_display_biomesoplenty_fir_yellow as it is not a valid variant block.
[28aug.2026 18:20:49.028] [ForkJoinPool.commonPool-worker-2/WARN] [io.github.lightman314.lightmanscurrency.LightmansCurrency/]: Unable to set up variant 'lightmanscurrency:card_display/inner_corner/biomesoplenty/hellbark/light_blue' for target lightmanscurrency:card_display_biomesoplenty_hellbark_light_blue as it is not a valid variant block.
[28aug.2026 18:20:49.028] [ForkJoinPool.commonPool-worker-2/WARN] [io.github.lightman314.lightmanscurrency.LightmansCurrency/]: Unable to set up variant 'lightmanscurrency:card_display/outer_corner/biomesoplenty/fir/orange' for target lightmanscurrency:card_display_biomesoplenty_fir_orange as it is not a valid variant block.
[28aug.2026 18:20:49.028] [ForkJoinPool.commonPool-worker-2/WARN] [io.github.lightman314.lightmanscurrency.LightmansCurrency/]: Unable to set up variant 'lightmanscurrency:card_display/inner_corner/biomesoplenty/umbran/light_blue' for target lightmanscurrency:card_display_biomesoplenty_umbran_light_blue as it is not a valid variant block.
[28aug.2026 18:20:49.029] [ForkJoinPool.commonPool-worker-2/WARN] [io.github.lightman314.lightmanscurrency.LightmansCurrency/]: Unable to set up variant 'lightmanscurrency:card_display/inner_corner/biomesoplenty/willow/gray' for target lightmanscurrency:card_display_biomesoplenty_willow_gray as it is not a valid variant block.
[28aug.2026 18:20:49.029] [ForkJoinPool.commonPool-worker-2/WARN] [io.github.lightman314.lightmanscurrency.LightmansCurrency/]: Unable to set up variant 'lightmanscurrency:card_display/outer_corner/biomesoplenty/umbran/light_blue' for target lightmanscurrency:card_display_biomesoplenty_umbran_light_blue as it is not a valid variant block.
[28aug.2026 18:20:49.030] [ForkJoinPool.commonPool-worker-2/WARN] [io.github.lightman314.lightmanscurrency.LightmansCurrency/]: Unable to set up variant 'lightmanscurrency:card_display/inner_corner/biomesoplenty/magic/light_gray' for target lightmanscurrency:card_display_biomesoplenty_magic_light_gray as it is not a valid variant block.
[28aug.2026 18:20:49.030] [ForkJoinPool.commonPool-worker-2/WARN] [io.github.lightman314.lightmanscurrency.LightmansCurrency/]: Unable to set up variant 'lightmanscurrency:card_display/inner_corner/biomesoplenty/fir/lime' for target lightmanscurrency:card_display_biomesoplenty_fir_lime as it is not a valid variant block.
[28aug.2026 18:20:49.030] [ForkJoinPool.commonPool-worker-2/WARN] [io.github.lightman314.lightmanscurrency.LightmansCurrency/]: Unable to set up variant 'lightmanscurrency:card_display/outer_corner/biomesoplenty/dead/orange' for target lightmanscurrency:card_display_biomesoplenty_dead_orange as it is not a valid variant block.
[28aug.2026 18:20:49.030] [ForkJoinPool.commonPool-worker-2/WARN] [io.github.lightman314.lightmanscurrency.LightmansCurrency/]: Unable to set up variant 'lightmanscurrency:card_display/inner_corner/biomesoplenty/dead/purple' for target lightmanscurrency:card_display_biomesoplenty_dead_purple as it is not a valid variant block.
[28aug.2026 18:20:49.030] [ForkJoinPool.commonPool-worker-2/WARN] [io.github.lightman314.lightmanscurrency.LightmansCurrency/]: Unable to set up variant 'lightmanscurrency:card_display/inner_corner/biomesoplenty/mahogany/black' for target lightmanscurrency:card_display_biomesoplenty_mahogany_black as it is not a valid variant block.
[28aug.2026 18:20:49.031] [ForkJoinPool.commonPool-worker-2/WARN] [io.github.lightman314.lightmanscurrency.LightmansCurrency/]: Unable to set up variant 'lightmanscurrency:card_display/outer_corner/biomesoplenty/mahogany/yellow' for target lightmanscurrency:card_display_biomesoplenty_mahogany_yellow as it is not a valid variant block.
[28aug.2026 18:20:49.031] [ForkJoinPool.commonPool-worker-2/WARN] [io.github.lightman314.lightmanscurrency.LightmansCurrency/]: Unable to set up variant 'lightmanscurrency:card_display/inner_corner/biomesoplenty/jacaranda/light_blue' for target lightmanscurrency:card_display_biomesoplenty_jacaranda_light_blue as it is not a valid variant block.
[28aug.2026 18:20:49.031] [ForkJoinPool.commonPool-worker-2/WARN] [io.github.lightman314.lightmanscurrency.LightmansCurrency/]: Unable to set up variant 'lightmanscurrency:card_display/inner_corner/biomesoplenty/redwood/light_gray' for target lightmanscurrency:card_display_biomesoplenty_redwood_light_gray as it is not a valid variant block.
[28aug.2026 18:20:49.031] [ForkJoinPool.commonPool-worker-2/WARN] [io.github.lightman314.lightmanscurrency.LightmansCurrency/]: Unable to set up variant 'lightmanscurrency:card_display/inner_corner/biomesoplenty/magic/blue' for target lightmanscurrency:card_display_biomesoplenty_magic_blue as it is not a valid variant block.
[28aug.2026 18:20:49.031] [ForkJoinPool.commonPool-worker-2/WARN] [io.github.lightman314.lightmanscurrency.LightmansCurrency/]: Unable to set up variant 'lightmanscurrency:card_display/outer_corner/biomesoplenty/umbran/green' for target lightmanscurrency:card_display_biomesoplenty_umbran_green as it is not a valid variant block.
[28aug.2026 18:20:49.031] [ForkJoinPool.commonPool-worker-2/WARN] [io.github.lightman314.lightmanscurrency.LightmansCurrency/]: Unable to set up variant 'lightmanscurrency:card_display/inner_corner/biomesoplenty/redwood/brown' for target lightmanscurrency:card_display_biomesoplenty_redwood_brown as it is not a valid variant block.
[28aug.2026 18:20:49.031] [ForkJoinPool.commonPool-worker-2/WARN] [io.github.lightman314.lightmanscurrency.LightmansCurrency/]: Unable to set up variant 'lightmanscurrency:card_display/inner_corner/biomesoplenty/mahogany/cyan' for target lightmanscurrency:card_display_biomesoplenty_mahogany_cyan as it is not a valid variant block.
[28aug.2026 18:20:49.031] [ForkJoinPool.commonPool-worker-2/WARN] [io.github.lightman314.lightmanscurrency.LightmansCurrency/]: Unable to set up variant 'lightmanscurrency:card_display/inner_corner/biomesoplenty/palm/lime' for target lightmanscurrency:card_display_biomesoplenty_palm_lime as it is not a valid variant block.
[28aug.2026 18:20:49.031] [ForkJoinPool.commonPool-worker-2/WARN] [io.github.lightman314.lightmanscurrency.LightmansCurrency/]: Unable to set up variant 'lightmanscurrency:card_display/outer_corner/biomesoplenty/palm/brown' for target lightmanscurrency:card_display_biomesoplenty_palm_brown as it is not a valid variant block.
[28aug.2026 18:20:49.032] [ForkJoinPool.commonPool-worker-2/WARN] [io.github.lightman314.lightmanscurrency.LightmansCurrency/]: Unable to set up variant 'lightmanscurrency:card_display/outer_corner/biomesoplenty/mahogany/magenta' for target lightmanscurrency:card_display_biomesoplenty_mahogany_magenta as it is not a valid variant block.
[28aug.2026 18:20:49.032] [ForkJoinPool.commonPool-worker-2/WARN] [io.github.lightman314.lightmanscurrency.LightmansCurrency/]: Unable to set up variant 'lightmanscurrency:card_display/inner_corner/biomesoplenty/fir/magenta' for target lightmanscurrency:card_display_biomesoplenty_fir_magenta as it is not a valid variant block.
[28aug.2026 18:20:49.032] [ForkJoinPool.commonPool-worker-2/WARN] [io.github.lightman314.lightmanscurrency.LightmansCurrency/]: Unable to set up variant 'lightmanscurrency:card_display/outer_corner/biomesoplenty/palm/lime' for target lightmanscurrency:card_display_biomesoplenty_palm_lime as it is not a valid variant block.
[28aug.2026 18:20:49.032] [ForkJoinPool.commonPool-worker-2/WARN] [io.github.lightman314.lightmanscurrency.LightmansCurrency/]: Unable to set up variant 'lightmanscurrency:card_display/outer_corner/biomesoplenty/magic/green' for target lightmanscurrency:card_display_biomesoplenty_magic_green as it is not a valid variant block.
[28aug.2026 18:20:49.032] [ForkJoinPool.commonPool-worker-2/WARN] [io.github.lightman314.lightmanscurrency.LightmansCurrency/]: Unable to set up variant 'lightmanscurrency:card_display/outer_corner/biomesoplenty/hellbark/light_gray' for target lightmanscurrency:card_display_biomesoplenty_hellbark_light_gray as it is not a valid variant block.
[28aug.2026 18:20:49.032] [ForkJoinPool.commonPool-worker-2/WARN] [io.github.lightman314.lightmanscurrency.LightmansCurrency/]: Unable to set up variant 'lightmanscurrency:card_display/outer_corner/biomesoplenty/jacaranda/brown' for target lightmanscurrency:card_display_biomesoplenty_jacaranda_brown as it is not a valid variant block.
[28aug.2026 18:20:49.032] [ForkJoinPool.commonPool-worker-2/WARN] [io.github.lightman314.lightmanscurrency.LightmansCurrency/]: Unable to set up variant 'lightmanscurrency:card_display/outer_corner/biomesoplenty/willow/cyan' for target lightmanscurrency:card_display_biomesoplenty_willow_cyan as it is not a valid variant block.
[28aug.2026 18:20:49.032] [ForkJoinPool.commonPool-worker-2/WARN] [io.github.lightman314.lightmanscurrency.LightmansCurrency/]: Unable to set up variant 'lightmanscurrency:card_display/outer_corner/biomesoplenty/hellbark/gray' for target lightmanscurrency:card_display_biomesoplenty_hellbark_gray as it is not a valid variant block.
[28aug.2026 18:20:49.032] [ForkJoinPool.commonPool-worker-2/WARN] [io.github.lightman314.lightmanscurrency.LightmansCurrency/]: Unable to set up variant 'lightmanscurrency:card_display/inner_corner/biomesoplenty/fir/brown' for target lightmanscurrency:card_display_biomesoplenty_fir_brown as it is not a valid variant block.
[28aug.2026 18:20:49.032] [ForkJoinPool.commonPool-worker-2/WARN] [io.github.lightman314.lightmanscurrency.LightmansCurrency/]: Unable to set up variant 'lightmanscurrency:card_display/inner_corner/biomesoplenty/dead/light_blue' for target lightmanscurrency:card_display_biomesoplenty_dead_light_blue as it is not a valid variant block.
[28aug.2026 18:20:49.032] [ForkJoinPool.commonPool-worker-2/WARN] [io.github.lightman314.lightmanscurrency.LightmansCurrency/]: Unable to set up variant 'lightmanscurrency:card_display/outer_corner/biomesoplenty/umbran/magenta' for target lightmanscurrency:card_display_biomesoplenty_umbran_magenta as it is not a valid variant block.
[28aug.2026 18:20:49.033] [ForkJoinPool.commonPool-worker-2/WARN] [io.github.lightman314.lightmanscurrency.LightmansCurrency/]: Unable to set up variant 'lightmanscurrency:card_display/inner_corner/biomesoplenty/willow/light_gray' for target lightmanscurrency:card_display_biomesoplenty_willow_light_gray as it is not a valid variant block.
[28aug.2026 18:20:49.033] [ForkJoinPool.commonPool-worker-2/WARN] [io.github.lightman314.lightmanscurrency.LightmansCurrency/]: Unable to set up variant 'lightmanscurrency:card_display/outer_corner/biomesoplenty/jacaranda/blue' for target lightmanscurrency:card_display_biomesoplenty_jacaranda_blue as it is not a valid variant block.
[28aug.2026 18:20:49.033] [ForkJoinPool.commonPool-worker-2/WARN] [io.github.lightman314.lightmanscurrency.LightmansCurrency/]: Unable to set up variant 'lightmanscurrency:card_display/outer_corner/biomesoplenty/fir/black' for target lightmanscurrency:card_display_biomesoplenty_fir_black as it is not a valid variant block.
[28aug.2026 18:20:49.033] [ForkJoinPool.commonPool-worker-2/WARN] [io.github.lightman314.lightmanscurrency.LightmansCurrency/]: Unable to set up variant 'lightmanscurrency:card_display/outer_corner/biomesoplenty/magic/cyan' for target lightmanscurrency:card_display_biomesoplenty_magic_cyan as it is not a valid variant block.
[28aug.2026 18:20:49.033] [ForkJoinPool.commonPool-worker-2/WARN] [io.github.lightman314.lightmanscurrency.LightmansCurrency/]: Unable to set up variant 'lightmanscurrency:card_display/outer_corner/biomesoplenty/redwood/gray' for target lightmanscurrency:card_display_biomesoplenty_redwood_gray as it is not a valid variant block.
[28aug.2026 18:20:49.033] [ForkJoinPool.commonPool-worker-2/WARN] [io.github.lightman314.lightmanscurrency.LightmansCurrency/]: Unable to set up variant 'lightmanscurrency:card_display/outer_corner/biomesoplenty/umbran/white' for target lightmanscurrency:card_display_biomesoplenty_umbran_white as it is not a valid variant block.
[28aug.2026 18:20:49.034] [ForkJoinPool.commonPool-worker-2/WARN] [io.github.lightman314.lightmanscurrency.LightmansCurrency/]: Unable to set up variant 'lightmanscurrency:card_display/inner_corner/biomesoplenty/fir/cyan' for target lightmanscurrency:card_display_biomesoplenty_fir_cyan as it is not a valid variant block.
[28aug.2026 18:20:49.034] [ForkJoinPool.commonPool-worker-2/WARN] [io.github.lightman314.lightmanscurrency.LightmansCurrency/]: Unable to set up variant 'lightmanscurrency:card_display/inner_corner/biomesoplenty/fir/red' for target lightmanscurrency:card_display_biomesoplenty_fir as it is not a valid variant block.
[28aug.2026 18:20:49.034] [ForkJoinPool.commonPool-worker-2/WARN] [io.github.lightman314.lightmanscurrency.LightmansCurrency/]: Unable to set up variant 'lightmanscurrency:card_display/outer_corner/biomesoplenty/magic/magenta' for target lightmanscurrency:card_display_biomesoplenty_magic_magenta as it is not a valid variant block.
[28aug.2026 18:20:49.034] [ForkJoinPool.commonPool-worker-2/WARN] [io.github.lightman314.lightmanscurrency.LightmansCurrency/]: Unable to set up variant 'lightmanscurrency:card_display/outer_corner/biomesoplenty/redwood/yellow' for target lightmanscurrency:card_display_biomesoplenty_redwood_yellow as it is not a valid variant block.
[28aug.2026 18:20:49.034] [ForkJoinPool.commonPool-worker-2/WARN] [io.github.lightman314.lightmanscurrency.LightmansCurrency/]: Unable to set up variant 'lightmanscurrency:card_display/outer_corner/biomesoplenty/willow/brown' for target lightmanscurrency:card_display_biomesoplenty_willow_brown as it is not a valid variant block.
[28aug.2026 18:20:49.034] [ForkJoinPool.commonPool-worker-2/WARN] [io.github.lightman314.lightmanscurrency.LightmansCurrency/]: Unable to set up variant 'lightmanscurrency:card_display/inner_corner/biomesoplenty/dead/blue' for target lightmanscurrency:card_display_biomesoplenty_dead_blue as it is not a valid variant block.
[28aug.2026 18:20:49.034] [ForkJoinPool.commonPool-worker-2/WARN] [io.github.lightman314.lightmanscurrency.LightmansCurrency/]: Unable to set up variant 'lightmanscurrency:card_display/outer_corner/biomesoplenty/umbran/blue' for target lightmanscurrency:card_display_biomesoplenty_umbran_blue as it is not a valid variant block.
[28aug.2026 18:20:49.034] [ForkJoinPool.commonPool-worker-2/WARN] [io.github.lightman314.lightmanscurrency.LightmansCurrency/]: Unable to set up variant 'lightmanscurrency:card_display/inner_corner/biomesoplenty/dead/orange' for target lightmanscurrency:card_display_biomesoplenty_dead_orange as it is not a valid variant block.
[28aug.2026 18:20:49.034] [ForkJoinPool.commonPool-worker-2/WARN] [io.github.lightman314.lightmanscurrency.LightmansCurrency/]: Unable to set up variant 'lightmanscurrency:card_display/inner_corner/biomesoplenty/umbran/lime' for target lightmanscurrency:card_display_biomesoplenty_umbran_lime as it is not a valid variant block.
[28aug.2026 18:20:49.035] [ForkJoinPool.commonPool-worker-2/WARN] [io.github.lightman314.lightmanscurrency.LightmansCurrency/]: Unable to set up variant 'lightmanscurrency:card_display/inner_corner/biomesoplenty/jacaranda/orange' for target lightmanscurrency:card_display_biomesoplenty_jacaranda_orange as it is not a valid variant block.
[28aug.2026 18:20:49.035] [ForkJoinPool.commonPool-worker-2/WARN] [io.github.lightman314.lightmanscurrency.LightmansCurrency/]: Unable to set up variant 'lightmanscurrency:card_display/outer_corner/biomesoplenty/fir/purple' for target lightmanscurrency:card_display_biomesoplenty_fir_purple as it is not a valid variant block.
[28aug.2026 18:20:49.035] [ForkJoinPool.commonPool-worker-2/WARN] [io.github.lightman314.lightmanscurrency.LightmansCurrency/]: Unable to set up variant 'lightmanscurrency:card_display/inner_corner/biomesoplenty/jacaranda/lime' for target lightmanscurrency:card_display_biomesoplenty_jacaranda_lime as it is not a valid variant block.
[28aug.2026 18:20:49.035] [ForkJoinPool.commonPool-worker-2/WARN] [io.github.lightman314.lightmanscurrency.LightmansCurrency/]: Unable to set up variant 'lightmanscurrency:card_display/inner_corner/biomesoplenty/umbran/green' for target lightmanscurrency:card_display_biomesoplenty_umbran_green as it is not a valid variant block.
[28aug.2026 18:20:49.035] [ForkJoinPool.commonPool-worker-2/WARN] [io.github.lightman314.lightmanscurrency.LightmansCurrency/]: Unable to set up variant 'lightmanscurrency:card_display/outer_corner/biomesoplenty/umbran/yellow' for target lightmanscurrency:card_display_biomesoplenty_umbran_yellow as it is not a valid variant block.
[28aug.2026 18:20:49.035] [ForkJoinPool.commonPool-worker-2/WARN] [io.github.lightman314.lightmanscurrency.LightmansCurrency/]: Unable to set up variant 'lightmanscurrency:card_display/outer_corner/biomesoplenty/fir/lime' for target lightmanscurrency:card_display_biomesoplenty_fir_lime as it is not a valid variant block.
[28aug.2026 18:20:49.035] [ForkJoinPool.commonPool-worker-2/WARN] [io.github.lightman314.lightmanscurrency.LightmansCurrency/]: Unable to set up variant 'lightmanscurrency:card_display/inner_corner/biomesoplenty/umbran/orange' for target lightmanscurrency:card_display_biomesoplenty_umbran_orange as it is not a valid variant block.
[28aug.2026 18:20:49.035] [ForkJoinPool.commonPool-worker-2/WARN] [io.github.lightman314.lightmanscurrency.LightmansCurrency/]: Unable to set up variant 'lightmanscurrency:card_display/inner_corner/biomesoplenty/hellbark/orange' for target lightmanscurrency:card_display_biomesoplenty_hellbark_orange as it is not a valid variant block.
[28aug.2026 18:20:49.035] [ForkJoinPool.commonPool-worker-2/WARN] [io.github.lightman314.lightmanscurrency.LightmansCurrency/]: Unable to set up variant 'lightmanscurrency:card_display/inner_corner/biomesoplenty/umbran/white' for target lightmanscurrency:card_display_biomesoplenty_umbran_white as it is not a valid variant block.
[28aug.2026 18:20:49.035] [ForkJoinPool.commonPool-worker-2/WARN] [io.github.lightman314.lightmanscurrency.LightmansCurrency/]: Unable to set up variant 'lightmanscurrency:card_display/inner_corner/biomesoplenty/hellbark/pink' for target lightmanscurrency:card_display_biomesoplenty_hellbark_pink as it is not a valid variant block.
[28aug.2026 18:20:49.035] [ForkJoinPool.commonPool-worker-2/WARN] [io.github.lightman314.lightmanscurrency.LightmansCurrency/]: Unable to set up variant 'lightmanscurrency:card_display/inner_corner/biomesoplenty/palm/magenta' for target lightmanscurrency:card_display_biomesoplenty_palm_magenta as it is not a valid variant block.
[28aug.2026 18:20:49.035] [ForkJoinPool.commonPool-worker-2/WARN] [io.github.lightman314.lightmanscurrency.LightmansCurrency/]: Unable to set up variant 'lightmanscurrency:card_display/outer_corner/biomesoplenty/magic/pink' for target lightmanscurrency:card_display_biomesoplenty_magic_pink as it is not a valid variant block.
[28aug.2026 18:20:49.036] [ForkJoinPool.commonPool-worker-2/WARN] [io.github.lightman314.lightmanscurrency.LightmansCurrency/]: Unable to set up variant 'lightmanscurrency:card_display/outer_corner/biomesoplenty/magic/white' for target lightmanscurrency:card_display_biomesoplenty_magic_white as it is not a valid variant block.
[28aug.2026 18:20:49.037] [ForkJoinPool.commonPool-worker-2/WARN] [io.github.lightman314.lightmanscurrency.LightmansCurrency/]: Unable to set up variant 'lightmanscurrency:card_display/outer_corner/biomesoplenty/fir/magenta' for target lightmanscurrency:card_display_biomesoplenty_fir_magenta as it is not a valid variant block.
[28aug.2026 18:20:49.037] [ForkJoinPool.commonPool-worker-2/WARN] [io.github.lightman314.lightmanscurrency.LightmansCurrency/]: Unable to set up variant 'lightmanscurrency:card_display/inner_corner/biomesoplenty/willow/white' for target lightmanscurrency:card_display_biomesoplenty_willow_white as it is not a valid variant block.
[28aug.2026 18:20:49.037] [ForkJoinPool.commonPool-worker-2/WARN] [io.github.lightman314.lightmanscurrency.LightmansCurrency/]: Unable to set up variant 'lightmanscurrency:card_display/outer_corner/biomesoplenty/jacaranda/red' for target lightmanscurrency:card_display_biomesoplenty_jacaranda as it is not a valid variant block.
[28aug.2026 18:20:49.037] [ForkJoinPool.commonPool-worker-2/WARN] [io.github.lightman314.lightmanscurrency.LightmansCurrency/]: Unable to set up variant 'lightmanscurrency:card_display/outer_corner/biomesoplenty/magic/brown' for target lightmanscurrency:card_display_biomesoplenty_magic_brown as it is not a valid variant block.
[28aug.2026 18:20:49.037] [ForkJoinPool.commonPool-worker-2/WARN] [io.github.lightman314.lightmanscurrency.LightmansCurrency/]: Unable to set up variant 'lightmanscurrency:card_display/inner_corner/biomesoplenty/mahogany/light_blue' for target lightmanscurrency:card_display_biomesoplenty_mahogany_light_blue as it is not a valid variant block.
[28aug.2026 18:20:49.037] [ForkJoinPool.commonPool-worker-2/WARN] [io.github.lightman314.lightmanscurrency.LightmansCurrency/]: Unable to set up variant 'lightmanscurrency:card_display/inner_corner/biomesoplenty/redwood/blue' for target lightmanscurrency:card_display_biomesoplenty_redwood_blue as it is not a valid variant block.
[28aug.2026 18:20:49.040] [ForkJoinPool.commonPool-worker-2/WARN] [io.github.lightman314.lightmanscurrency.LightmansCurrency/]: Unable to set up variant 'lightmanscurrency:card_display/outer_corner/biomesoplenty/fir/light_blue' for target lightmanscurrency:card_display_biomesoplenty_fir_light_blue as it is not a valid variant block.
[28aug.2026 18:20:49.040] [ForkJoinPool.commonPool-worker-2/WARN] [io.github.lightman314.lightmanscurrency.LightmansCurrency/]: Unable to set up variant 'lightmanscurrency:card_display/outer_corner/biomesoplenty/jacaranda/light_gray' for target lightmanscurrency:card_display_biomesoplenty_jacaranda_light_gray as it is not a valid variant block.
[28aug.2026 18:20:49.040] [ForkJoinPool.commonPool-worker-2/WARN] [io.github.lightman314.lightmanscurrency.LightmansCurrency/]: Unable to set up variant 'lightmanscurrency:card_display/outer_corner/biomesoplenty/willow/red' for target lightmanscurrency:card_display_biomesoplenty_willow as it is not a valid variant block.
[28aug.2026 18:20:49.040] [ForkJoinPool.commonPool-worker-2/WARN] [io.github.lightman314.lightmanscurrency.LightmansCurrency/]: Unable to set up variant 'lightmanscurrency:card_display/outer_corner/biomesoplenty/palm/gray' for target lightmanscurrency:card_display_biomesoplenty_palm_gray as it is not a valid variant block.
[28aug.2026 18:20:49.040] [ForkJoinPool.commonPool-worker-2/WARN] [io.github.lightman314.lightmanscurrency.LightmansCurrency/]: Unable to set up variant 'lightmanscurrency:card_display/inner_corner/biomesoplenty/willow/brown' for target lightmanscurrency:card_display_biomesoplenty_willow_brown as it is not a valid variant block.
[28aug.2026 18:20:49.040] [ForkJoinPool.commonPool-worker-2/WARN] [io.github.lightman314.lightmanscurrency.LightmansCurrency/]: Unable to set up variant 'lightmanscurrency:card_display/inner_corner/biomesoplenty/umbran/purple' for target lightmanscurrency:card_display_biomesoplenty_umbran_purple as it is not a valid variant block.
[28aug.2026 18:20:49.040] [ForkJoinPool.commonPool-worker-2/WARN] [io.github.lightman314.lightmanscurrency.LightmansCurrency/]: Unable to set up variant 'lightmanscurrency:card_display/outer_corner/biomesoplenty/dead/pink' for target lightmanscurrency:card_display_biomesoplenty_dead_pink as it is not a valid variant block.
[28aug.2026 18:20:49.040] [ForkJoinPool.commonPool-worker-2/WARN] [io.github.lightman314.lightmanscurrency.LightmansCurrency/]: Unable to set up variant 'lightmanscurrency:card_display/inner_corner/biomesoplenty/hellbark/black' for target lightmanscurrency:card_display_biomesoplenty_hellbark_black as it is not a valid variant block.
[28aug.2026 18:20:49.040] [ForkJoinPool.commonPool-worker-2/WARN] [io.github.lightman314.lightmanscurrency.LightmansCurrency/]: Unable to set up variant 'lightmanscurrency:card_display/outer_corner/biomesoplenty/jacaranda/lime' for target lightmanscurrency:card_display_biomesoplenty_jacaranda_lime as it is not a valid variant block.
[28aug.2026 18:20:49.040] [ForkJoinPool.commonPool-worker-2/WARN] [io.github.lightman314.lightmanscurrency.LightmansCurrency/]: Unable to set up variant 'lightmanscurrency:card_display/outer_corner/biomesoplenty/dead/white' for target lightmanscurrency:card_display_biomesoplenty_dead_white as it is not a valid variant block.
[28aug.2026 18:20:49.041] [ForkJoinPool.commonPool-worker-2/WARN] [io.github.lightman314.lightmanscurrency.LightmansCurrency/]: Unable to set up variant 'lightmanscurrency:card_display/outer_corner/biomesoplenty/mahogany/purple' for target lightmanscurrency:card_display_biomesoplenty_mahogany_purple as it is not a valid variant block.
[28aug.2026 18:20:49.041] [ForkJoinPool.commonPool-worker-2/WARN] [io.github.lightman314.lightmanscurrency.LightmansCurrency/]: Unable to set up variant 'lightmanscurrency:card_display/inner_corner/biomesoplenty/mahogany/blue' for target lightmanscurrency:card_display_biomesoplenty_mahogany_blue as it is not a valid variant block.
[28aug.2026 18:20:49.041] [ForkJoinPool.commonPool-worker-2/WARN] [io.github.lightman314.lightmanscurrency.LightmansCurrency/]: Unable to set up variant 'lightmanscurrency:card_display/outer_corner/biomesoplenty/umbran/red' for target lightmanscurrency:card_display_biomesoplenty_umbran as it is not a valid variant block.
[28aug.2026 18:20:49.041] [ForkJoinPool.commonPool-worker-2/WARN] [io.github.lightman314.lightmanscurrency.LightmansCurrency/]: Unable to set up variant 'lightmanscurrency:card_display/inner_corner/biomesoplenty/palm/light_blue' for target lightmanscurrency:card_display_biomesoplenty_palm_light_blue as it is not a valid variant block.
[28aug.2026 18:20:49.041] [ForkJoinPool.commonPool-worker-2/WARN] [io.github.lightman314.lightmanscurrency.LightmansCurrency/]: Unable to set up variant 'lightmanscurrency:card_display/outer_corner/biomesoplenty/fir/pink' for target lightmanscurrency:card_display_biomesoplenty_fir_pink as it is not a valid variant block.
[28aug.2026 18:20:49.041] [ForkJoinPool.commonPool-worker-2/WARN] [io.github.lightman314.lightmanscurrency.LightmansCurrency/]: Unable to set up variant 'lightmanscurrency:card_display/inner_corner/biomesoplenty/redwood/black' for target lightmanscurrency:card_display_biomesoplenty_redwood_black as it is not a valid variant block.
[28aug.2026 18:20:49.041] [ForkJoinPool.commonPool-worker-2/WARN] [io.github.lightman314.lightmanscurrency.LightmansCurrency/]: Unable to set up variant 'lightmanscurrency:card_display/inner_corner/biomesoplenty/jacaranda/yellow' for target lightmanscurrency:card_display_biomesoplenty_jacaranda_yellow as it is not a valid variant block.
[28aug.2026 18:20:49.041] [ForkJoinPool.commonPool-worker-2/WARN] [io.github.lightman314.lightmanscurrency.LightmansCurrency/]: Unable to set up variant 'lightmanscurrency:card_display/outer_corner/biomesoplenty/redwood/light_blue' for target lightmanscurrency:card_display_biomesoplenty_redwood_light_blue as it is not a valid variant block.
[28aug.2026 18:20:49.041] [ForkJoinPool.commonPool-worker-2/WARN] [io.github.lightman314.lightmanscurrency.LightmansCurrency/]: Unable to set up variant 'lightmanscurrency:card_display/inner_corner/biomesoplenty/magic/yellow' for target lightmanscurrency:card_display_biomesoplenty_magic_yellow as it is not a valid variant block.
[28aug.2026 18:20:49.041] [ForkJoinPool.commonPool-worker-2/WARN] [io.github.lightman314.lightmanscurrency.LightmansCurrency/]: Unable to set up variant 'lightmanscurrency:card_display/inner_corner/biomesoplenty/umbran/gray' for target lightmanscurrency:card_display_biomesoplenty_umbran_gray as it is not a valid variant block.
[28aug.2026 18:20:49.041] [ForkJoinPool.commonPool-worker-2/WARN] [io.github.lightman314.lightmanscurrency.LightmansCurrency/]: Unable to set up variant 'lightmanscurrency:card_display/outer_corner/biomesoplenty/hellbark/orange' for target lightmanscurrency:card_display_biomesoplenty_hellbark_orange as it is not a valid variant block.
[28aug.2026 18:20:49.041] [ForkJoinPool.commonPool-worker-2/WARN] [io.github.lightman314.lightmanscurrency.LightmansCurrency/]: Unable to set up variant 'lightmanscurrency:card_display/inner_corner/biomesoplenty/jacaranda/purple' for target lightmanscurrency:card_display_biomesoplenty_jacaranda_purple as it is not a valid variant block.
[28aug.2026 18:20:49.042] [ForkJoinPool.commonPool-worker-2/WARN] [io.github.lightman314.lightmanscurrency.LightmansCurrency/]: Unable to set up variant 'lightmanscurrency:card_display/outer_corner/biomesoplenty/palm/black' for target lightmanscurrency:card_display_biomesoplenty_palm_black as it is not a valid variant block.
[28aug.2026 18:20:49.042] [ForkJoinPool.commonPool-worker-2/WARN] [io.github.lightman314.lightmanscurrency.LightmansCurrency/]: Unable to set up variant 'lightmanscurrency:card_display/inner_corner/biomesoplenty/umbran/red' for target lightmanscurrency:card_display_biomesoplenty_umbran as it is not a valid variant block.
[28aug.2026 18:20:49.042] [ForkJoinPool.commonPool-worker-2/WARN] [io.github.lightman314.lightmanscurrency.LightmansCurrency/]: Unable to set up variant 'lightmanscurrency:card_display/inner_corner/biomesoplenty/dead/lime' for target lightmanscurrency:card_display_biomesoplenty_dead_lime as it is not a valid variant block.
[28aug.2026 18:20:49.042] [ForkJoinPool.commonPool-worker-2/WARN] [io.github.lightman314.lightmanscurrency.LightmansCurrency/]: Unable to set up variant 'lightmanscurrency:card_display/outer_corner/biomesoplenty/redwood/orange' for target lightmanscurrency:card_display_biomesoplenty_redwood_orange as it is not a valid variant block.
[28aug.2026 18:20:49.042] [ForkJoinPool.commonPool-worker-2/WARN] [io.github.lightman314.lightmanscurrency.LightmansCurrency/]: Unable to set up variant 'lightmanscurrency:card_display/outer_corner/biomesoplenty/magic/purple' for target lightmanscurrency:card_display_biomesoplenty_magic_purple as it is not a valid variant block.
[28aug.2026 18:20:49.042] [ForkJoinPool.commonPool-worker-2/WARN] [io.github.lightman314.lightmanscurrency.LightmansCurrency/]: Unable to set up variant 'lightmanscurrency:card_display/outer_corner/biomesoplenty/willow/lime' for target lightmanscurrency:card_display_biomesoplenty_willow_lime as it is not a valid variant block.
[28aug.2026 18:20:49.042] [ForkJoinPool.commonPool-worker-2/WARN] [io.github.lightman314.lightmanscurrency.LightmansCurrency/]: Unable to set up variant 'lightmanscurrency:card_display/inner_corner/biomesoplenty/fir/light_gray' for target lightmanscurrency:card_display_biomesoplenty_fir_light_gray as it is not a valid variant block.
[28aug.2026 18:20:49.042] [ForkJoinPool.commonPool-worker-2/WARN] [io.github.lightman314.lightmanscurrency.LightmansCurrency/]: Unable to set up variant 'lightmanscurrency:card_display/inner_corner/biomesoplenty/jacaranda/cyan' for target lightmanscurrency:card_display_biomesoplenty_jacaranda_cyan as it is not a valid variant block.
[28aug.2026 18:20:49.042] [ForkJoinPool.commonPool-worker-2/WARN] [io.github.lightman314.lightmanscurrency.LightmansCurrency/]: Unable to set up variant 'lightmanscurrency:card_display/inner_corner/biomesoplenty/umbran/yellow' for target lightmanscurrency:card_display_biomesoplenty_umbran_yellow as it is not a valid variant block.
[28aug.2026 18:20:49.042] [ForkJoinPool.commonPool-worker-2/WARN] [io.github.lightman314.lightmanscurrency.LightmansCurrency/]: Unable to set up variant 'lightmanscurrency:card_display/outer_corner/biomesoplenty/redwood/purple' for target lightmanscurrency:card_display_biomesoplenty_redwood_purple as it is not a valid variant block.
[28aug.2026 18:20:49.042] [ForkJoinPool.commonPool-worker-2/WARN] [io.github.lightman314.lightmanscurrency.LightmansCurrency/]: Unable to set up variant 'lightmanscurrency:card_display/outer_corner/biomesoplenty/jacaranda/cyan' for target lightmanscurrency:card_display_biomesoplenty_jacaranda_cyan as it is not a valid variant block.
[28aug.2026 18:20:49.042] [ForkJoinPool.commonPool-worker-2/WARN] [io.github.lightman314.lightmanscurrency.LightmansCurrency/]: Unable to set up variant 'lightmanscurrency:card_display/inner_corner/biomesoplenty/willow/pink' for target lightmanscurrency:card_display_biomesoplenty_willow_pink as it is not a valid variant block.
[28aug.2026 18:20:49.042] [ForkJoinPool.commonPool-worker-2/WARN] [io.github.lightman314.lightmanscurrency.LightmansCurrency/]: Unable to set up variant 'lightmanscurrency:card_display/outer_corner/biomesoplenty/hellbark/pink' for target lightmanscurrency:card_display_biomesoplenty_hellbark_pink as it is not a valid variant block.
[28aug.2026 18:20:49.043] [ForkJoinPool.commonPool-worker-2/WARN] [io.github.lightman314.lightmanscurrency.LightmansCurrency/]: Unable to set up variant 'lightmanscurrency:card_display/inner_corner/biomesoplenty/magic/pink' for target lightmanscurrency:card_display_biomesoplenty_magic_pink as it is not a valid variant block.
[28aug.2026 18:20:49.043] [ForkJoinPool.commonPool-worker-2/WARN] [io.github.lightman314.lightmanscurrency.LightmansCurrency/]: Unable to set up variant 'lightmanscurrency:card_display/inner_corner/biomesoplenty/jacaranda/green' for target lightmanscurrency:card_display_biomesoplenty_jacaranda_green as it is not a valid variant block.
[28aug.2026 18:20:49.043] [ForkJoinPool.commonPool-worker-2/WARN] [io.github.lightman314.lightmanscurrency.LightmansCurrency/]: Unable to set up variant 'lightmanscurrency:card_display/outer_corner/biomesoplenty/willow/purple' for target lightmanscurrency:card_display_biomesoplenty_willow_purple as it is not a valid variant block.
[28aug.2026 18:20:49.043] [ForkJoinPool.commonPool-worker-2/WARN] [io.github.lightman314.lightmanscurrency.LightmansCurrency/]: Unable to set up variant 'lightmanscurrency:card_display/outer_corner/biomesoplenty/palm/light_blue' for target lightmanscurrency:card_display_biomesoplenty_palm_light_blue as it is not a valid variant block.
[28aug.2026 18:20:49.043] [ForkJoinPool.commonPool-worker-2/WARN] [io.github.lightman314.lightmanscurrency.LightmansCurrency/]: Unable to set up variant 'lightmanscurrency:card_display/outer_corner/biomesoplenty/fir/yellow' for target lightmanscurrency:card_display_biomesoplenty_fir_yellow as it is not a valid variant block.
[28aug.2026 18:20:49.043] [ForkJoinPool.commonPool-worker-2/WARN] [io.github.lightman314.lightmanscurrency.LightmansCurrency/]: Unable to set up variant 'lightmanscurrency:card_display/inner_corner/biomesoplenty/redwood/lime' for target lightmanscurrency:card_display_biomesoplenty_redwood_lime as it is not a valid variant block.
[28aug.2026 18:20:49.044] [ForkJoinPool.commonPool-worker-2/WARN] [io.github.lightman314.lightmanscurrency.LightmansCurrency/]: Unable to set up variant 'lightmanscurrency:card_display/outer_corner/biomesoplenty/hellbark/brown' for target lightmanscurrency:card_display_biomesoplenty_hellbark_brown as it is not a valid variant block.
[28aug.2026 18:20:49.044] [ForkJoinPool.commonPool-worker-2/WARN] [io.github.lightman314.lightmanscurrency.LightmansCurrency/]: Unable to set up variant 'lightmanscurrency:card_display/inner_corner/biomesoplenty/mahogany/purple' for target lightmanscurrency:card_display_biomesoplenty_mahogany_purple as it is not a valid variant block.
[28aug.2026 18:20:49.045] [ForkJoinPool.commonPool-worker-2/WARN] [io.github.lightman314.lightmanscurrency.LightmansCurrency/]: Unable to set up variant 'lightmanscurrency:card_display/outer_corner/biomesoplenty/magic/light_gray' for target lightmanscurrency:card_display_biomesoplenty_magic_light_gray as it is not a valid variant block.
[28aug.2026 18:20:49.045] [ForkJoinPool.commonPool-worker-2/WARN] [io.github.lightman314.lightmanscurrency.LightmansCurrency/]: Unable to set up variant 'lightmanscurrency:card_display/outer_corner/biomesoplenty/willow/light_blue' for target lightmanscurrency:card_display_biomesoplenty_willow_light_blue as it is not a valid variant block.
[28aug.2026 18:20:49.045] [ForkJoinPool.commonPool-worker-2/WARN] [io.github.lightman314.lightmanscurrency.LightmansCurrency/]: Unable to set up variant 'lightmanscurrency:card_display/outer_corner/biomesoplenty/mahogany/gray' for target lightmanscurrency:card_display_biomesoplenty_mahogany_gray as it is not a valid variant block.
[28aug.2026 18:20:49.045] [ForkJoinPool.commonPool-worker-2/WARN] [io.github.lightman314.lightmanscurrency.LightmansCurrency/]: Unable to set up variant 'lightmanscurrency:card_display/outer_corner/biomesoplenty/umbran/black' for target lightmanscurrency:card_display_biomesoplenty_umbran_black as it is not a valid variant block.
[28aug.2026 18:20:49.045] [ForkJoinPool.commonPool-worker-2/WARN] [io.github.lightman314.lightmanscurrency.LightmansCurrency/]: Unable to set up variant 'lightmanscurrency:card_display/inner_corner/biomesoplenty/palm/green' for target lightmanscurrency:card_display_biomesoplenty_palm_green as it is not a valid variant block.
[28aug.2026 18:20:49.045] [ForkJoinPool.commonPool-worker-2/WARN] [io.github.lightman314.lightmanscurrency.LightmansCurrency/]: Unable to set up variant 'lightmanscurrency:card_display/outer_corner/biomesoplenty/hellbark/white' for target lightmanscurrency:card_display_biomesoplenty_hellbark_white as it is not a valid variant block.
[28aug.2026 18:20:49.045] [ForkJoinPool.commonPool-worker-2/WARN] [io.github.lightman314.lightmanscurrency.LightmansCurrency/]: Unable to set up variant 'lightmanscurrency:card_display/inner_corner/biomesoplenty/hellbark/gray' for target lightmanscurrency:card_display_biomesoplenty_hellbark_gray as it is not a valid variant block.
[28aug.2026 18:20:49.045] [ForkJoinPool.commonPool-worker-2/WARN] [io.github.lightman314.lightmanscurrency.LightmansCurrency/]: Unable to set up variant 'lightmanscurrency:card_display/inner_corner/biomesoplenty/magic/green' for target lightmanscurrency:card_display_biomesoplenty_magic_green as it is not a valid variant block.
[28aug.2026 18:20:49.045] [ForkJoinPool.commonPool-worker-2/WARN] [io.github.lightman314.lightmanscurrency.LightmansCurrency/]: Unable to set up variant 'lightmanscurrency:card_display/inner_corner/biomesoplenty/redwood/yellow' for target lightmanscurrency:card_display_biomesoplenty_redwood_yellow as it is not a valid variant block.
[28aug.2026 18:20:49.045] [ForkJoinPool.commonPool-worker-2/WARN] [io.github.lightman314.lightmanscurrency.LightmansCurrency/]: Unable to set up variant 'lightmanscurrency:card_display/inner_corner/biomesoplenty/dead/magenta' for target lightmanscurrency:card_display_biomesoplenty_dead_magenta as it is not a valid variant block.
[28aug.2026 18:20:49.046] [ForkJoinPool.commonPool-worker-2/WARN] [io.github.lightman314.lightmanscurrency.LightmansCurrency/]: Unable to set up variant 'lightmanscurrency:card_display/outer_corner/biomesoplenty/magic/red' for target lightmanscurrency:card_display_biomesoplenty_magic as it is not a valid variant block.
[28aug.2026 18:20:49.046] [ForkJoinPool.commonPool-worker-2/WARN] [io.github.lightman314.lightmanscurrency.LightmansCurrency/]: Unable to set up variant 'lightmanscurrency:card_display/outer_corner/biomesoplenty/redwood/pink' for target lightmanscurrency:card_display_biomesoplenty_redwood_pink as it is not a valid variant block.
[28aug.2026 18:20:49.046] [ForkJoinPool.commonPool-worker-2/WARN] [io.github.lightman314.lightmanscurrency.LightmansCurrency/]: Unable to set up variant 'lightmanscurrency:card_display/inner_corner/biomesoplenty/fir/blue' for target lightmanscurrency:card_display_biomesoplenty_fir_blue as it is not a valid variant block.
[28aug.2026 18:20:49.046] [ForkJoinPool.commonPool-worker-2/WARN] [io.github.lightman314.lightmanscurrency.LightmansCurrency/]: Unable to set up variant 'lightmanscurrency:card_display/outer_corner/biomesoplenty/magic/orange' for target lightmanscurrency:card_display_biomesoplenty_magic_orange as it is not a valid variant block.
[28aug.2026 18:20:49.046] [ForkJoinPool.commonPool-worker-2/WARN] [io.github.lightman314.lightmanscurrency.LightmansCurrency/]: Unable to set up variant 'lightmanscurrency:card_display/outer_corner/biomesoplenty/mahogany/green' for target lightmanscurrency:card_display_biomesoplenty_mahogany_green as it is not a valid variant block.
[28aug.2026 18:20:49.046] [ForkJoinPool.commonPool-worker-2/WARN] [io.github.lightman314.lightmanscurrency.LightmansCurrency/]: Unable to set up variant 'lightmanscurrency:card_display/outer_corner/biomesoplenty/palm/cyan' for target lightmanscurrency:card_display_biomesoplenty_palm_cyan as it is not a valid variant block.
[28aug.2026 18:20:49.046] [ForkJoinPool.commonPool-worker-2/WARN] [io.github.lightman314.lightmanscurrency.LightmansCurrency/]: Unable to set up variant 'lightmanscurrency:card_display/outer_corner/biomesoplenty/dead/red' for target lightmanscurrency:card_display_biomesoplenty_dead as it is not a valid variant block.
[28aug.2026 18:20:49.046] [ForkJoinPool.commonPool-worker-2/WARN] [io.github.lightman314.lightmanscurrency.LightmansCurrency/]: Unable to set up variant 'lightmanscurrency:card_display/outer_corner/biomesoplenty/mahogany/light_blue' for target lightmanscurrency:card_display_biomesoplenty_mahogany_light_blue as it is not a valid variant block.
[28aug.2026 18:20:49.046] [ForkJoinPool.commonPool-worker-2/WARN] [io.github.lightman314.lightmanscurrency.LightmansCurrency/]: Unable to set up variant 'lightmanscurrency:card_display/outer_corner/biomesoplenty/willow/blue' for target lightmanscurrency:card_display_biomesoplenty_willow_blue as it is not a valid variant block.
[28aug.2026 18:20:49.058] [Render thread/INFO] [KubeJS/]: Started the local web server at http://localhost:61423
[28aug.2026 18:20:49.060] [Render thread/INFO] [ls_furniture/]: Initializing client-side components for Furnection
[28aug.2026 18:20:49.131] [Render thread/INFO] [xaero.minimap.XaeroMinimap/]: Loading Xaero's Minimap - Stage 2/2
[28aug.2026 18:20:50.709] [Render thread/WARN] [xaero.hud.minimap.MinimapLogs/]: io exception while checking versions: Online mod data expired! Date: Mon Aug 24 13:29:54 CEST 2026
[28aug.2026 18:20:50.711] [Render thread/INFO] [xaero.hud.minimap.MinimapLogs/]: Registered player tracker system: minimap_synced
[28aug.2026 18:20:50.714] [Render thread/INFO] [xaero.hud.minimap.MinimapLogs/]: Registered player tracker system: openpartiesandclaims
[28aug.2026 18:20:50.714] [Render thread/INFO] [xaero.hud.minimap.MinimapLogs/]: Xaero's Minimap: Open Parties And Claims found!
[28aug.2026 18:20:50.714] [Render thread/WARN] [net.neoforged.fml.DeferredWorkQueue/LOADING]: Mod 'xaerominimap' took 1.583 s to run a deferred task.
[28aug.2026 18:20:50.716] [Render thread/INFO] [me.xjqsh.lrtactical.EquipmentMod/]: Initialized Player Animator third-person animation layers
[28aug.2026 18:20:50.737] [Render thread/INFO] [xaero.lib.XaeroLib/]: Loading XaeroLib common 2/2!
[28aug.2026 18:20:50.738] [Render thread/INFO] [xaero.lib.XaeroLib/]: Loading XaeroLib client 2/2!
[28aug.2026 18:20:50.751] [Worker-ResourceReload-5/WARN] [net.minecraft.client.resources.model.BlockStateModelLoader/]: Exception loading blockstate definition: 'simulatedcoasters:blockstates/coaster_track_material.json' missing model for variant: 'simulatedcoasters:coaster_track_material#shape=an,turn=false,waterlogged=false'
[28aug.2026 18:20:50.751] [Worker-ResourceReload-5/WARN] [net.minecraft.client.resources.model.BlockStateModelLoader/]: Exception loading blockstate definition: 'simulatedcoasters:blockstates/coaster_track_material.json' missing model for variant: 'simulatedcoasters:coaster_track_material#shape=cr_d,turn=false,waterlogged=false'
[28aug.2026 18:20:50.751] [Worker-ResourceReload-5/WARN] [net.minecraft.client.resources.model.BlockStateModelLoader/]: Exception loading blockstate definition: 'simulatedcoasters:blockstates/coaster_track_material.json' missing model for variant: 'simulatedcoasters:coaster_track_material#shape=zo,turn=true,waterlogged=false'
[28aug.2026 18:20:50.751] [Worker-ResourceReload-5/WARN] [net.minecraft.client.resources.model.BlockStateModelLoader/]: Exception loading blockstate definition: 'simulatedcoasters:blockstates/coaster_track_material.json' missing model for variant: 'simulatedcoasters:coaster_track_material#shape=ae,turn=false,waterlogged=false'
[28aug.2026 18:20:50.751] [Worker-ResourceReload-5/WARN] [net.minecraft.client.resources.model.BlockStateModelLoader/]: Exception loading blockstate definition: 'simulatedcoasters:blockstates/coaster_track_material.json' missing model for variant: 'simulatedcoasters:coaster_track_material#shape=tw,turn=true,waterlogged=true'
[28aug.2026 18:20:50.752] [Worker-ResourceReload-5/WARN] [net.minecraft.client.resources.model.BlockStateModelLoader/]: Exception loading blockstate definition: 'simulatedcoasters:blockstates/coaster_track_material.json' missing model for variant: 'simulatedcoasters:coaster_track_material#shape=tn,turn=true,waterlogged=true'
[28aug.2026 18:20:50.752] [Worker-ResourceReload-5/WARN] [net.minecraft.client.resources.model.BlockStateModelLoader/]: Exception loading blockstate definition: 'simulatedcoasters:blockstates/coaster_track_material.json' missing model for variant: 'simulatedcoasters:coaster_track_material#shape=te,turn=true,waterlogged=true'
[28aug.2026 18:20:50.752] [Worker-ResourceReload-5/WARN] [net.minecraft.client.resources.model.BlockStateModelLoader/]: Exception loading blockstate definition: 'simulatedcoasters:blockstates/coaster_track_material.json' missing model for variant: 'simulatedcoasters:coaster_track_material#shape=nd,turn=false,waterlogged=false'
[28aug.2026 18:20:50.752] [Worker-ResourceReload-5/WARN] [net.minecraft.client.resources.model.BlockStateModelLoader/]: Exception loading blockstate definition: 'simulatedcoasters:blockstates/coaster_track_material.json' missing model for variant: 'simulatedcoasters:coaster_track_material#shape=aw,turn=false,waterlogged=false'
[28aug.2026 18:20:50.752] [Worker-ResourceReload-5/WARN] [net.minecraft.client.resources.model.BlockStateModelLoader/]: Exception loading blockstate definition: 'simulatedcoasters:blockstates/coaster_track_material.json' missing model for variant: 'simulatedcoasters:coaster_track_material#shape=te,turn=false,waterlogged=false'
[28aug.2026 18:20:50.752] [Worker-ResourceReload-5/WARN] [net.minecraft.client.resources.model.BlockStateModelLoader/]: Exception loading blockstate definition: 'simulatedcoasters:blockstates/coaster_track_material.json' missing model for variant: 'simulatedcoasters:coaster_track_material#shape=ae,turn=true,waterlogged=false'
[28aug.2026 18:20:50.752] [Worker-ResourceReload-5/WARN] [net.minecraft.client.resources.model.BlockStateModelLoader/]: Exception loading blockstate definition: 'simulatedcoasters:blockstates/coaster_track_material.json' missing model for variant: 'simulatedcoasters:coaster_track_material#shape=none,turn=true,waterlogged=false'
[28aug.2026 18:20:50.752] [Worker-ResourceReload-5/WARN] [net.minecraft.client.resources.model.BlockStateModelLoader/]: Exception loading blockstate definition: 'simulatedcoasters:blockstates/coaster_track_material.json' missing model for variant: 'simulatedcoasters:coaster_track_material#shape=cr_o,turn=false,waterlogged=false'
[28aug.2026 18:20:50.752] [Worker-ResourceReload-5/WARN] [net.minecraft.client.resources.model.BlockStateModelLoader/]: Exception loading blockstate definition: 'simulatedcoasters:blockstates/coaster_track_material.json' missing model for variant: 'simulatedcoasters:coaster_track_material#shape=cr_d,turn=true,waterlogged=false'
[28aug.2026 18:20:50.752] [Worker-ResourceReload-5/WARN] [net.minecraft.client.resources.model.BlockStateModelLoader/]: Exception loading blockstate definition: 'simulatedcoasters:blockstates/coaster_track_material.json' missing model for variant: 'simulatedcoasters:coaster_track_material#shape=cr_pdz,turn=true,waterlogged=true'
[28aug.2026 18:20:50.752] [Worker-ResourceReload-5/WARN] [net.minecraft.client.resources.model.BlockStateModelLoader/]: Exception loading blockstate definition: 'simulatedcoasters:blockstates/coaster_track_material.json' missing model for variant: 'simulatedcoasters:coaster_track_material#shape=tw,turn=false,waterlogged=false'
[28aug.2026 18:20:50.752] [Worker-ResourceReload-5/WARN] [net.minecraft.client.resources.model.BlockStateModelLoader/]: Exception loading blockstate definition: 'simulatedcoasters:blockstates/coaster_track_material.json' missing model for variant: 'simulatedcoasters:coaster_track_material#shape=cr_o,turn=false,waterlogged=true'
[28aug.2026 18:20:50.752] [Worker-ResourceReload-5/WARN] [net.minecraft.client.resources.model.BlockStateModelLoader/]: Exception loading blockstate definition: 'simulatedcoasters:blockstates/coaster_track_material.json' missing model for variant: 'simulatedcoasters:coaster_track_material#shape=cr_ndx,turn=true,waterlogged=true'
[28aug.2026 18:20:50.752] [Worker-ResourceReload-5/WARN] [net.minecraft.client.resources.model.BlockStateModelLoader/]: Exception loading blockstate definition: 'simulatedcoasters:blockstates/coaster_track_material.json' missing model for variant: 'simulatedcoasters:coaster_track_material#shape=cr_pdz,turn=false,waterlogged=false'
[28aug.2026 18:20:50.752] [Worker-ResourceReload-5/WARN] [net.minecraft.client.resources.model.BlockStateModelLoader/]: Exception loading blockstate definition: 'simulatedcoasters:blockstates/coaster_track_material.json' missing model for variant: 'simulatedcoasters:coaster_track_material#shape=aw,turn=true,waterlogged=false'
[28aug.2026 18:20:50.753] [Worker-ResourceReload-5/WARN] [net.minecraft.client.resources.model.BlockStateModelLoader/]: Exception loading blockstate definition: 'simulatedcoasters:blockstates/coaster_track_material.json' missing model for variant: 'simulatedcoasters:coaster_track_material#shape=an,turn=true,waterlogged=true'
[28aug.2026 18:20:50.753] [Worker-ResourceReload-5/WARN] [net.minecraft.client.resources.model.BlockStateModelLoader/]: Exception loading blockstate definition: 'simulatedcoasters:blockstates/coaster_track_material.json' missing model for variant: 'simulatedcoasters:coaster_track_material#shape=cr_d,turn=true,waterlogged=true'
[28aug.2026 18:20:50.753] [Worker-ResourceReload-5/WARN] [net.minecraft.client.resources.model.BlockStateModelLoader/]: Exception loading blockstate definition: 'simulatedcoasters:blockstates/coaster_track_material.json' missing model for variant: 'simulatedcoasters:coaster_track_material#shape=as,turn=true,waterlogged=false'
[28aug.2026 18:20:50.753] [Worker-ResourceReload-5/WARN] [net.minecraft.client.resources.model.BlockStateModelLoader/]: Exception loading blockstate definition: 'simulatedcoasters:blockstates/coaster_track_material.json' missing model for variant: 'simulatedcoasters:coaster_track_material#shape=aw,turn=false,waterlogged=true'
[28aug.2026 18:20:50.753] [Worker-ResourceReload-5/WARN] [net.minecraft.client.resources.model.BlockStateModelLoader/]: Exception loading blockstate definition: 'simulatedcoasters:blockstates/coaster_track_material.json' missing model for variant: 'simulatedcoasters:coaster_track_material#shape=tw,turn=true,waterlogged=false'
[28aug.2026 18:20:50.753] [Worker-ResourceReload-5/WARN] [net.minecraft.client.resources.model.BlockStateModelLoader/]: Exception loading blockstate definition: 'simulatedcoasters:blockstates/coaster_track_material.json' missing model for variant: 'simulatedcoasters:coaster_track_material#shape=as,turn=true,waterlogged=true'
[28aug.2026 18:20:50.754] [Worker-ResourceReload-5/WARN] [net.minecraft.client.resources.model.BlockStateModelLoader/]: Exception loading blockstate definition: 'simulatedcoasters:blockstates/coaster_track_material.json' missing model for variant: 'simulatedcoasters:coaster_track_material#shape=cr_ndz,turn=false,waterlogged=true'
[28aug.2026 18:20:50.754] [Worker-ResourceReload-5/WARN] [net.minecraft.client.resources.model.BlockStateModelLoader/]: Exception loading blockstate definition: 'simulatedcoasters:blockstates/coaster_track_material.json' missing model for variant: 'simulatedcoasters:coaster_track_material#shape=xo,turn=true,waterlogged=true'
[28aug.2026 18:20:50.754] [Worker-ResourceReload-5/WARN] [net.minecraft.client.resources.model.BlockStateModelLoader/]: Exception loading blockstate definition: 'simulatedcoasters:blockstates/coaster_track_material.json' missing model for variant: 'simulatedcoasters:coaster_track_material#shape=ts,turn=false,waterlogged=true'
[28aug.2026 18:20:50.754] [Worker-ResourceReload-5/WARN] [net.minecraft.client.resources.model.BlockStateModelLoader/]: Exception loading blockstate definition: 'simulatedcoasters:blockstates/coaster_track_material.json' missing model for variant: 'simulatedcoasters:coaster_track_material#shape=none,turn=false,waterlogged=false'
[28aug.2026 18:20:50.754] [Worker-ResourceReload-5/WARN] [net.minecraft.client.resources.model.BlockStateModelLoader/]: Exception loading blockstate definition: 'simulatedcoasters:blockstates/coaster_track_material.json' missing model for variant: 'simulatedcoasters:coaster_track_material#shape=cr_pdx,turn=true,waterlogged=false'
[28aug.2026 18:20:50.754] [Worker-ResourceReload-5/WARN] [net.minecraft.client.resources.model.BlockStateModelLoader/]: Exception loading blockstate definition: 'simulatedcoasters:blockstates/coaster_track_material.json' missing model for variant: 'simulatedcoasters:coaster_track_material#shape=pd,turn=false,waterlogged=true'
[28aug.2026 18:20:50.754] [Worker-ResourceReload-5/WARN] [net.minecraft.client.resources.model.BlockStateModelLoader/]: Exception loading blockstate definition: 'simulatedcoasters:blockstates/coaster_track_material.json' missing model for variant: 'simulatedcoasters:coaster_track_material#shape=none,turn=false,waterlogged=true'
[28aug.2026 18:20:50.754] [Worker-ResourceReload-5/WARN] [net.minecraft.client.resources.model.BlockStateModelLoader/]: Exception loading blockstate definition: 'simulatedcoasters:blockstates/coaster_track_material.json' missing model for variant: 'simulatedcoasters:coaster_track_material#shape=an,turn=true,waterlogged=false'
[28aug.2026 18:20:50.754] [Worker-ResourceReload-5/WARN] [net.minecraft.client.resources.model.BlockStateModelLoader/]: Exception loading blockstate definition: 'simulatedcoasters:blockstates/coaster_track_material.json' missing model for variant: 'simulatedcoasters:coaster_track_material#shape=cr_o,turn=true,waterlogged=true'
[28aug.2026 18:20:50.754] [Worker-ResourceReload-5/WARN] [net.minecraft.client.resources.model.BlockStateModelLoader/]: Exception loading blockstate definition: 'simulatedcoasters:blockstates/coaster_track_material.json' missing model for variant: 'simulatedcoasters:coaster_track_material#shape=cr_ndz,turn=true,waterlogged=true'
[28aug.2026 18:20:50.754] [Worker-ResourceReload-5/WARN] [net.minecraft.client.resources.model.BlockStateModelLoader/]: Exception loading blockstate definition: 'simulatedcoasters:blockstates/coaster_track_material.json' missing model for variant: 'simulatedcoasters:coaster_track_material#shape=te,turn=false,waterlogged=true'
[28aug.2026 18:20:50.754] [Worker-ResourceReload-5/WARN] [net.minecraft.client.resources.model.BlockStateModelLoader/]: Exception loading blockstate definition: 'simulatedcoasters:blockstates/coaster_track_material.json' missing model for variant: 'simulatedcoasters:coaster_track_material#shape=as,turn=false,waterlogged=false'
[28aug.2026 18:20:50.754] [Worker-ResourceReload-5/WARN] [net.minecraft.client.resources.model.BlockStateModelLoader/]: Exception loading blockstate definition: 'simulatedcoasters:blockstates/coaster_track_material.json' missing model for variant: 'simulatedcoasters:coaster_track_material#shape=cr_ndx,turn=false,waterlogged=true'
[28aug.2026 18:20:50.754] [Worker-ResourceReload-5/WARN] [net.minecraft.client.resources.model.BlockStateModelLoader/]: Exception loading blockstate definition: 'simulatedcoasters:blockstates/coaster_track_material.json' missing model for variant: 'simulatedcoasters:coaster_track_material#shape=cr_pdz,turn=false,waterlogged=true'
[28aug.2026 18:20:50.754] [Worker-ResourceReload-5/WARN] [net.minecraft.client.resources.model.BlockStateModelLoader/]: Exception loading blockstate definition: 'simulatedcoasters:blockstates/coaster_track_material.json' missing model for variant: 'simulatedcoasters:coaster_track_material#shape=zo,turn=true,waterlogged=true'
[28aug.2026 18:20:50.754] [Worker-ResourceReload-5/WARN] [net.minecraft.client.resources.model.BlockStateModelLoader/]: Exception loading blockstate definition: 'simulatedcoasters:blockstates/coaster_track_material.json' missing model for variant: 'simulatedcoasters:coaster_track_material#shape=zo,turn=false,waterlogged=true'
[28aug.2026 18:20:50.754] [Worker-ResourceReload-5/WARN] [net.minecraft.client.resources.model.BlockStateModelLoader/]: Exception loading blockstate definition: 'simulatedcoasters:blockstates/coaster_track_material.json' missing model for variant: 'simulatedcoasters:coaster_track_material#shape=cr_o,turn=true,waterlogged=false'
[28aug.2026 18:20:50.754] [Worker-ResourceReload-5/WARN] [net.minecraft.client.resources.model.BlockStateModelLoader/]: Exception loading blockstate definition: 'simulatedcoasters:blockstates/coaster_track_material.json' missing model for variant: 'simulatedcoasters:coaster_track_material#shape=ae,turn=false,waterlogged=true'
[28aug.2026 18:20:50.754] [Worker-ResourceReload-5/WARN] [net.minecraft.client.resources.model.BlockStateModelLoader/]: Exception loading blockstate definition: 'simulatedcoasters:blockstates/coaster_track_material.json' missing model for variant: 'simulatedcoasters:coaster_track_material#shape=pd,turn=true,waterlogged=true'
[28aug.2026 18:20:50.755] [Worker-ResourceReload-5/WARN] [net.minecraft.client.resources.model.BlockStateModelLoader/]: Exception loading blockstate definition: 'simulatedcoasters:blockstates/coaster_track_material.json' missing model for variant: 'simulatedcoasters:coaster_track_material#shape=nd,turn=false,waterlogged=true'
[28aug.2026 18:20:50.755] [Worker-ResourceReload-5/WARN] [net.minecraft.client.resources.model.BlockStateModelLoader/]: Exception loading blockstate definition: 'simulatedcoasters:blockstates/coaster_track_material.json' missing model for variant: 'simulatedcoasters:coaster_track_material#shape=ts,turn=true,waterlogged=true'
[28aug.2026 18:20:50.755] [Worker-ResourceReload-5/WARN] [net.minecraft.client.resources.model.BlockStateModelLoader/]: Exception loading blockstate definition: 'simulatedcoasters:blockstates/coaster_track_material.json' missing model for variant: 'simulatedcoasters:coaster_track_material#shape=cr_ndx,turn=false,waterlogged=false'
[28aug.2026 18:20:50.755] [Worker-ResourceReload-5/WARN] [net.minecraft.client.resources.model.BlockStateModelLoader/]: Exception loading blockstate definition: 'simulatedcoasters:blockstates/coaster_track_material.json' missing model for variant: 'simulatedcoasters:coaster_track_material#shape=tn,turn=true,waterlogged=false'
[28aug.2026 18:20:50.755] [Worker-ResourceReload-5/WARN] [net.minecraft.client.resources.model.BlockStateModelLoader/]: Exception loading blockstate definition: 'simulatedcoasters:blockstates/coaster_track_material.json' missing model for variant: 'simulatedcoasters:coaster_track_material#shape=cr_d,turn=false,waterlogged=true'
[28aug.2026 18:20:50.755] [Worker-ResourceReload-5/WARN] [net.minecraft.client.resources.model.BlockStateModelLoader/]: Exception loading blockstate definition: 'simulatedcoasters:blockstates/coaster_track_material.json' missing model for variant: 'simulatedcoasters:coaster_track_material#shape=cr_ndz,turn=true,waterlogged=false'
[28aug.2026 18:20:50.755] [Worker-ResourceReload-5/WARN] [net.minecraft.client.resources.model.BlockStateModelLoader/]: Exception loading blockstate definition: 'simulatedcoasters:blockstates/coaster_track_material.json' missing model for variant: 'simulatedcoasters:coaster_track_material#shape=pd,turn=false,waterlogged=false'
[28aug.2026 18:20:50.755] [Worker-ResourceReload-5/WARN] [net.minecraft.client.resources.model.BlockStateModelLoader/]: Exception loading blockstate definition: 'simulatedcoasters:blockstates/coaster_track_material.json' missing model for variant: 'simulatedcoasters:coaster_track_material#shape=xo,turn=true,waterlogged=false'
[28aug.2026 18:20:50.755] [Worker-ResourceReload-5/WARN] [net.minecraft.client.resources.model.BlockStateModelLoader/]: Exception loading blockstate definition: 'simulatedcoasters:blockstates/coaster_track_material.json' missing model for variant: 'simulatedcoasters:coaster_track_material#shape=tn,turn=false,waterlogged=true'
[28aug.2026 18:20:50.755] [Worker-ResourceReload-5/WARN] [net.minecraft.client.resources.model.BlockStateModelLoader/]: Exception loading blockstate definition: 'simulatedcoasters:blockstates/coaster_track_material.json' missing model for variant: 'simulatedcoasters:coaster_track_material#shape=xo,turn=false,waterlogged=true'
[28aug.2026 18:20:50.755] [Worker-ResourceReload-5/WARN] [net.minecraft.client.resources.model.BlockStateModelLoader/]: Exception loading blockstate definition: 'simulatedcoasters:blockstates/coaster_track_material.json' missing model for variant: 'simulatedcoasters:coaster_track_material#shape=aw,turn=true,waterlogged=true'
[28aug.2026 18:20:50.755] [Worker-ResourceReload-5/WARN] [net.minecraft.client.resources.model.BlockStateModelLoader/]: Exception loading blockstate definition: 'simulatedcoasters:blockstates/coaster_track_material.json' missing model for variant: 'simulatedcoasters:coaster_track_material#shape=ts,turn=true,waterlogged=false'
[28aug.2026 18:20:50.755] [Worker-ResourceReload-5/WARN] [net.minecraft.client.resources.model.BlockStateModelLoader/]: Exception loading blockstate definition: 'simulatedcoasters:blockstates/coaster_track_material.json' missing model for variant: 'simulatedcoasters:coaster_track_material#shape=ae,turn=true,waterlogged=true'
[28aug.2026 18:20:50.755] [Worker-ResourceReload-5/WARN] [net.minecraft.client.resources.model.BlockStateModelLoader/]: Exception loading blockstate definition: 'simulatedcoasters:blockstates/coaster_track_material.json' missing model for variant: 'simulatedcoasters:coaster_track_material#shape=cr_pdx,turn=false,waterlogged=true'
[28aug.2026 18:20:50.755] [Worker-ResourceReload-5/WARN] [net.minecraft.client.resources.model.BlockStateModelLoader/]: Exception loading blockstate definition: 'simulatedcoasters:blockstates/coaster_track_material.json' missing model for variant: 'simulatedcoasters:coaster_track_material#shape=te,turn=true,waterlogged=false'
[28aug.2026 18:20:50.755] [Worker-ResourceReload-5/WARN] [net.minecraft.client.resources.model.BlockStateModelLoader/]: Exception loading blockstate definition: 'simulatedcoasters:blockstates/coaster_track_material.json' missing model for variant: 'simulatedcoasters:coaster_track_material#shape=tw,turn=false,waterlogged=true'
[28aug.2026 18:20:50.755] [Worker-ResourceReload-5/WARN] [net.minecraft.client.resources.model.BlockStateModelLoader/]: Exception loading blockstate definition: 'simulatedcoasters:blockstates/coaster_track_material.json' missing model for variant: 'simulatedcoasters:coaster_track_material#shape=xo,turn=false,waterlogged=false'
[28aug.2026 18:20:50.755] [Worker-ResourceReload-5/WARN] [net.minecraft.client.resources.model.BlockStateModelLoader/]: Exception loading blockstate definition: 'simulatedcoasters:blockstates/coaster_track_material.json' missing model for variant: 'simulatedcoasters:coaster_track_material#shape=as,turn=false,waterlogged=true'
[28aug.2026 18:20:50.755] [Worker-ResourceReload-5/WARN] [net.minecraft.client.resources.model.BlockStateModelLoader/]: Exception loading blockstate definition: 'simulatedcoasters:blockstates/coaster_track_material.json' missing model for variant: 'simulatedcoasters:coaster_track_material#shape=pd,turn=true,waterlogged=false'
[28aug.2026 18:20:50.755] [Worker-ResourceReload-5/WARN] [net.minecraft.client.resources.model.BlockStateModelLoader/]: Exception loading blockstate definition: 'simulatedcoasters:blockstates/coaster_track_material.json' missing model for variant: 'simulatedcoasters:coaster_track_material#shape=cr_pdx,turn=true,waterlogged=true'
[28aug.2026 18:20:50.755] [Worker-ResourceReload-5/WARN] [net.minecraft.client.resources.model.BlockStateModelLoader/]: Exception loading blockstate definition: 'simulatedcoasters:blockstates/coaster_track_material.json' missing model for variant: 'simulatedcoasters:coaster_track_material#shape=tn,turn=false,waterlogged=false'
[28aug.2026 18:20:50.755] [Worker-ResourceReload-5/WARN] [net.minecraft.client.resources.model.BlockStateModelLoader/]: Exception loading blockstate definition: 'simulatedcoasters:blockstates/coaster_track_material.json' missing model for variant: 'simulatedcoasters:coaster_track_material#shape=nd,turn=true,waterlogged=true'
[28aug.2026 18:20:50.755] [Worker-ResourceReload-5/WARN] [net.minecraft.client.resources.model.BlockStateModelLoader/]: Exception loading blockstate definition: 'simulatedcoasters:blockstates/coaster_track_material.json' missing model for variant: 'simulatedcoasters:coaster_track_material#shape=nd,turn=true,waterlogged=false'
[28aug.2026 18:20:50.755] [Worker-ResourceReload-5/WARN] [net.minecraft.client.resources.model.BlockStateModelLoader/]: Exception loading blockstate definition: 'simulatedcoasters:blockstates/coaster_track_material.json' missing model for variant: 'simulatedcoasters:coaster_track_material#shape=cr_pdz,turn=true,waterlogged=false'
[28aug.2026 18:20:50.756] [Worker-ResourceReload-5/WARN] [net.minecraft.client.resources.model.BlockStateModelLoader/]: Exception loading blockstate definition: 'simulatedcoasters:blockstates/coaster_track_material.json' missing model for variant: 'simulatedcoasters:coaster_track_material#shape=ts,turn=false,waterlogged=false'
[28aug.2026 18:20:50.756] [Worker-ResourceReload-5/WARN] [net.minecraft.client.resources.model.BlockStateModelLoader/]: Exception loading blockstate definition: 'simulatedcoasters:blockstates/coaster_track_material.json' missing model for variant: 'simulatedcoasters:coaster_track_material#shape=cr_pdx,turn=false,waterlogged=false'
[28aug.2026 18:20:50.756] [Worker-ResourceReload-5/WARN] [net.minecraft.client.resources.model.BlockStateModelLoader/]: Exception loading blockstate definition: 'simulatedcoasters:blockstates/coaster_track_material.json' missing model for variant: 'simulatedcoasters:coaster_track_material#shape=an,turn=false,waterlogged=true'
[28aug.2026 18:20:50.756] [Worker-ResourceReload-5/WARN] [net.minecraft.client.resources.model.BlockStateModelLoader/]: Exception loading blockstate definition: 'simulatedcoasters:blockstates/coaster_track_material.json' missing model for variant: 'simulatedcoasters:coaster_track_material#shape=none,turn=true,waterlogged=true'
[28aug.2026 18:20:50.756] [Worker-ResourceReload-5/WARN] [net.minecraft.client.resources.model.BlockStateModelLoader/]: Exception loading blockstate definition: 'simulatedcoasters:blockstates/coaster_track_material.json' missing model for variant: 'simulatedcoasters:coaster_track_material#shape=cr_ndz,turn=false,waterlogged=false'
[28aug.2026 18:20:50.756] [Worker-ResourceReload-5/WARN] [net.minecraft.client.resources.model.BlockStateModelLoader/]: Exception loading blockstate definition: 'simulatedcoasters:blockstates/coaster_track_material.json' missing model for variant: 'simulatedcoasters:coaster_track_material#shape=cr_ndx,turn=true,waterlogged=false'
[28aug.2026 18:20:51.315] [Worker-ResourceReload-5/WARN] [net.minecraft.client.resources.model.BlockStateModelLoader/]: Exception loading blockstate definition: 'struts:blockstates/girder_strut_structure.json' missing model for variant: 'struts:girder_strut_structure#waterlogged=false'
[28aug.2026 18:20:51.316] [Worker-ResourceReload-5/WARN] [net.minecraft.client.resources.model.BlockStateModelLoader/]: Exception loading blockstate definition: 'struts:blockstates/girder_strut_structure.json' missing model for variant: 'struts:girder_strut_structure#waterlogged=true'
[28aug.2026 18:20:57.433] [Worker-ResourceReload-5/WARN] [net.minecraft.client.resources.model.BlockStateModelLoader/]: Exception loading blockstate definition: 'forbidden_arcanus:blockstates/clibano_main_part.json' missing model for variant: 'forbidden_arcanus:clibano_main_part#'
[28aug.2026 18:20:57.446] [Worker-ResourceReload-5/WARN] [net.minecraft.client.resources.model.BlockStateModelLoader/]: Exception loading blockstate definition: 'forbidden_arcanus:blockstates/arcane_dragon_egg.json' missing model for variant: 'forbidden_arcanus:arcane_dragon_egg#'
[28aug.2026 18:20:57.448] [Worker-ResourceReload-5/WARN] [net.minecraft.client.resources.model.BlockStateModelLoader/]: Exception loading blockstate definition: 'forbidden_arcanus:blockstates/black_hole.json' missing model for variant: 'forbidden_arcanus:black_hole#'
[28aug.2026 18:20:57.448] [Worker-ResourceReload-5/WARN] [net.minecraft.client.resources.model.BlockStateModelLoader/]: Exception loading blockstate definition: 'forbidden_arcanus:blockstates/whirlwind.json' missing model for variant: 'forbidden_arcanus:whirlwind#'
[28aug.2026 18:20:57.448] [Worker-ResourceReload-5/WARN] [net.minecraft.client.resources.model.BlockStateModelLoader/]: Exception loading blockstate definition: 'forbidden_arcanus:blockstates/upwind.json' missing model for variant: 'forbidden_arcanus:upwind#'
[28aug.2026 18:20:57.894] [Worker-ResourceReload-5/WARN] [net.minecraft.client.resources.model.BlockStateModelLoader/]: Exception loading blockstate definition: 'dndecor:blockstates/text_plate.json' missing model for variant: 'dndecor:text_plate#extended=true,face=wall,facing=north,waterlogged=false'
[28aug.2026 18:20:57.895] [Worker-ResourceReload-5/WARN] [net.minecraft.client.resources.model.BlockStateModelLoader/]: Exception loading blockstate definition: 'dndecor:blockstates/text_plate.json' missing model for variant: 'dndecor:text_plate#extended=false,face=floor,facing=south,waterlogged=false'
[28aug.2026 18:20:57.895] [Worker-ResourceReload-5/WARN] [net.minecraft.client.resources.model.BlockStateModelLoader/]: Exception loading blockstate definition: 'dndecor:blockstates/text_plate.json' missing model for variant: 'dndecor:text_plate#extended=true,face=floor,facing=south,waterlogged=false'
[28aug.2026 18:20:57.895] [Worker-ResourceReload-5/WARN] [net.minecraft.client.resources.model.BlockStateModelLoader/]: Exception loading blockstate definition: 'dndecor:blockstates/text_plate.json' missing model for variant: 'dndecor:text_plate#extended=false,face=wall,facing=south,waterlogged=true'
[28aug.2026 18:20:57.895] [Worker-ResourceReload-5/WARN] [net.minecraft.client.resources.model.BlockStateModelLoader/]: Exception loading blockstate definition: 'dndecor:blockstates/text_plate.json' missing model for variant: 'dndecor:text_plate#extended=false,face=wall,facing=west,waterlogged=false'
[28aug.2026 18:20:57.895] [Worker-ResourceReload-5/WARN] [net.minecraft.client.resources.model.BlockStateModelLoader/]: Exception loading blockstate definition: 'dndecor:blockstates/text_plate.json' missing model for variant: 'dndecor:text_plate#extended=true,face=wall,facing=west,waterlogged=false'
[28aug.2026 18:20:57.895] [Worker-ResourceReload-5/WARN] [net.minecraft.client.resources.model.BlockStateModelLoader/]: Exception loading blockstate definition: 'dndecor:blockstates/text_plate.json' missing model for variant: 'dndecor:text_plate#extended=false,face=floor,facing=east,waterlogged=false'
[28aug.2026 18:20:57.895] [Worker-ResourceReload-5/WARN] [net.minecraft.client.resources.model.BlockStateModelLoader/]: Exception loading blockstate definition: 'dndecor:blockstates/text_plate.json' missing model for variant: 'dndecor:text_plate#extended=true,face=wall,facing=east,waterlogged=true'
[28aug.2026 18:20:57.895] [Worker-ResourceReload-5/WARN] [net.minecraft.client.resources.model.BlockStateModelLoader/]: Exception loading blockstate definition: 'dndecor:blockstates/text_plate.json' missing model for variant: 'dndecor:text_plate#extended=true,face=wall,facing=east,waterlogged=false'
[28aug.2026 18:20:57.895] [Worker-ResourceReload-5/WARN] [net.minecraft.client.resources.model.BlockStateModelLoader/]: Exception loading blockstate definition: 'dndecor:blockstates/text_plate.json' missing model for variant: 'dndecor:text_plate#extended=true,face=ceiling,facing=east,waterlogged=false'
[28aug.2026 18:20:57.895] [Worker-ResourceReload-5/WARN] [net.minecraft.client.resources.model.BlockStateModelLoader/]: Exception loading blockstate definition: 'dndecor:blockstates/text_plate.json' missing model for variant: 'dndecor:text_plate#extended=true,face=wall,facing=north,waterlogged=true'
[28aug.2026 18:20:57.895] [Worker-ResourceReload-5/WARN] [net.minecraft.client.resources.model.BlockStateModelLoader/]: Exception loading blockstate definition: 'dndecor:blockstates/text_plate.json' missing model for variant: 'dndecor:text_plate#extended=true,face=floor,facing=east,waterlogged=false'
[28aug.2026 18:20:57.895] [Worker-ResourceReload-5/WARN] [net.minecraft.client.resources.model.BlockStateModelLoader/]: Exception loading blockstate definition: 'dndecor:blockstates/text_plate.json' missing model for variant: 'dndecor:text_plate#extended=true,face=floor,facing=west,waterlogged=false'
[28aug.2026 18:20:57.895] [Worker-ResourceReload-5/WARN] [net.minecraft.client.resources.model.BlockStateModelLoader/]: Exception loading blockstate definition: 'dndecor:blockstates/text_plate.json' missing model for variant: 'dndecor:text_plate#extended=false,face=floor,facing=north,waterlogged=true'
[28aug.2026 18:20:57.895] [Worker-ResourceReload-5/WARN] [net.minecraft.client.resources.model.BlockStateModelLoader/]: Exception loading blockstate definition: 'dndecor:blockstates/text_plate.json' missing model for variant: 'dndecor:text_plate#extended=true,face=wall,facing=south,waterlogged=true'
[28aug.2026 18:20:57.895] [Worker-ResourceReload-5/WARN] [net.minecraft.client.resources.model.BlockStateModelLoader/]: Exception loading blockstate definition: 'dndecor:blockstates/text_plate.json' missing model for variant: 'dndecor:text_plate#extended=false,face=wall,facing=north,waterlogged=false'
[28aug.2026 18:20:57.895] [Worker-ResourceReload-5/WARN] [net.minecraft.client.resources.model.BlockStateModelLoader/]: Exception loading blockstate definition: 'dndecor:blockstates/text_plate.json' missing model for variant: 'dndecor:text_plate#extended=true,face=wall,facing=south,waterlogged=false'
[28aug.2026 18:20:57.895] [Worker-ResourceReload-5/WARN] [net.minecraft.client.resources.model.BlockStateModelLoader/]: Exception loading blockstate definition: 'dndecor:blockstates/text_plate.json' missing model for variant: 'dndecor:text_plate#extended=false,face=ceiling,facing=west,waterlogged=false'
[28aug.2026 18:20:57.895] [Worker-ResourceReload-5/WARN] [net.minecraft.client.resources.model.BlockStateModelLoader/]: Exception loading blockstate definition: 'dndecor:blockstates/text_plate.json' missing model for variant: 'dndecor:text_plate#extended=false,face=ceiling,facing=east,waterlogged=false'
[28aug.2026 18:20:57.895] [Worker-ResourceReload-5/WARN] [net.minecraft.client.resources.model.BlockStateModelLoader/]: Exception loading blockstate definition: 'dndecor:blockstates/text_plate.json' missing model for variant: 'dndecor:text_plate#extended=true,face=floor,facing=north,waterlogged=false'
[28aug.2026 18:20:57.895] [Worker-ResourceReload-5/WARN] [net.minecraft.client.resources.model.BlockStateModelLoader/]: Exception loading blockstate definition: 'dndecor:blockstates/text_plate.json' missing model for variant: 'dndecor:text_plate#extended=true,face=ceiling,facing=north,waterlogged=false'
[28aug.2026 18:20:57.895] [Worker-ResourceReload-5/WARN] [net.minecraft.client.resources.model.BlockStateModelLoader/]: Exception loading blockstate definition: 'dndecor:blockstates/text_plate.json' missing model for variant: 'dndecor:text_plate#extended=false,face=floor,facing=east,waterlogged=true'
[28aug.2026 18:20:57.895] [Worker-ResourceReload-5/WARN] [net.minecraft.client.resources.model.BlockStateModelLoader/]: Exception loading blockstate definition: 'dndecor:blockstates/text_plate.json' missing model for variant: 'dndecor:text_plate#extended=true,face=floor,facing=east,waterlogged=true'
[28aug.2026 18:20:57.895] [Worker-ResourceReload-5/WARN] [net.minecraft.client.resources.model.BlockStateModelLoader/]: Exception loading blockstate definition: 'dndecor:blockstates/text_plate.json' missing model for variant: 'dndecor:text_plate#extended=false,face=ceiling,facing=east,waterlogged=true'
[28aug.2026 18:20:57.895] [Worker-ResourceReload-5/WARN] [net.minecraft.client.resources.model.BlockStateModelLoader/]: Exception loading blockstate definition: 'dndecor:blockstates/text_plate.json' missing model for variant: 'dndecor:text_plate#extended=true,face=ceiling,facing=west,waterlogged=false'
[28aug.2026 18:20:57.896] [Worker-ResourceReload-5/WARN] [net.minecraft.client.resources.model.BlockStateModelLoader/]: Exception loading blockstate definition: 'dndecor:blockstates/text_plate.json' missing model for variant: 'dndecor:text_plate#extended=false,face=ceiling,facing=north,waterlogged=false'
[28aug.2026 18:20:57.896] [Worker-ResourceReload-5/WARN] [net.minecraft.client.resources.model.BlockStateModelLoader/]: Exception loading blockstate definition: 'dndecor:blockstates/text_plate.json' missing model for variant: 'dndecor:text_plate#extended=true,face=floor,facing=north,waterlogged=true'
[28aug.2026 18:20:57.896] [Worker-ResourceReload-5/WARN] [net.minecraft.client.resources.model.BlockStateModelLoader/]: Exception loading blockstate definition: 'dndecor:blockstates/text_plate.json' missing model for variant: 'dndecor:text_plate#extended=true,face=ceiling,facing=south,waterlogged=true'
[28aug.2026 18:20:57.896] [Worker-ResourceReload-5/WARN] [net.minecraft.client.resources.model.BlockStateModelLoader/]: Exception loading blockstate definition: 'dndecor:blockstates/text_plate.json' missing model for variant: 'dndecor:text_plate#extended=false,face=wall,facing=west,waterlogged=true'
[28aug.2026 18:20:57.896] [Worker-ResourceReload-5/WARN] [net.minecraft.client.resources.model.BlockStateModelLoader/]: Exception loading blockstate definition: 'dndecor:blockstates/text_plate.json' missing model for variant: 'dndecor:text_plate#extended=false,face=ceiling,facing=south,waterlogged=false'
[28aug.2026 18:20:57.896] [Worker-ResourceReload-5/WARN] [net.minecraft.client.resources.model.BlockStateModelLoader/]: Exception loading blockstate definition: 'dndecor:blockstates/text_plate.json' missing model for variant: 'dndecor:text_plate#extended=false,face=ceiling,facing=west,waterlogged=true'
[28aug.2026 18:20:57.896] [Worker-ResourceReload-5/WARN] [net.minecraft.client.resources.model.BlockStateModelLoader/]: Exception loading blockstate definition: 'dndecor:blockstates/text_plate.json' missing model for variant: 'dndecor:text_plate#extended=false,face=wall,facing=east,waterlogged=false'
[28aug.2026 18:20:57.896] [Worker-ResourceReload-5/WARN] [net.minecraft.client.resources.model.BlockStateModelLoader/]: Exception loading blockstate definition: 'dndecor:blockstates/text_plate.json' missing model for variant: 'dndecor:text_plate#extended=true,face=ceiling,facing=east,waterlogged=true'
[28aug.2026 18:20:57.896] [Worker-ResourceReload-5/WARN] [net.minecraft.client.resources.model.BlockStateModelLoader/]: Exception loading blockstate definition: 'dndecor:blockstates/text_plate.json' missing model for variant: 'dndecor:text_plate#extended=true,face=ceiling,facing=south,waterlogged=false'
[28aug.2026 18:20:57.896] [Worker-ResourceReload-5/WARN] [net.minecraft.client.resources.model.BlockStateModelLoader/]: Exception loading blockstate definition: 'dndecor:blockstates/text_plate.json' missing model for variant: 'dndecor:text_plate#extended=false,face=wall,facing=east,waterlogged=true'
[28aug.2026 18:20:57.896] [Worker-ResourceReload-5/WARN] [net.minecraft.client.resources.model.BlockStateModelLoader/]: Exception loading blockstate definition: 'dndecor:blockstates/text_plate.json' missing model for variant: 'dndecor:text_plate#extended=true,face=ceiling,facing=north,waterlogged=true'
[28aug.2026 18:20:57.896] [Worker-ResourceReload-5/WARN] [net.minecraft.client.resources.model.BlockStateModelLoader/]: Exception loading blockstate definition: 'dndecor:blockstates/text_plate.json' missing model for variant: 'dndecor:text_plate#extended=false,face=wall,facing=south,waterlogged=false'
[28aug.2026 18:20:57.896] [Worker-ResourceReload-5/WARN] [net.minecraft.client.resources.model.BlockStateModelLoader/]: Exception loading blockstate definition: 'dndecor:blockstates/text_plate.json' missing model for variant: 'dndecor:text_plate#extended=true,face=floor,facing=west,waterlogged=true'
[28aug.2026 18:20:57.896] [Worker-ResourceReload-5/WARN] [net.minecraft.client.resources.model.BlockStateModelLoader/]: Exception loading blockstate definition: 'dndecor:blockstates/text_plate.json' missing model for variant: 'dndecor:text_plate#extended=false,face=floor,facing=south,waterlogged=true'
[28aug.2026 18:20:57.896] [Worker-ResourceReload-5/WARN] [net.minecraft.client.resources.model.BlockStateModelLoader/]: Exception loading blockstate definition: 'dndecor:blockstates/text_plate.json' missing model for variant: 'dndecor:text_plate#extended=false,face=floor,facing=west,waterlogged=false'
[28aug.2026 18:20:57.896] [Worker-ResourceReload-5/WARN] [net.minecraft.client.resources.model.BlockStateModelLoader/]: Exception loading blockstate definition: 'dndecor:blockstates/text_plate.json' missing model for variant: 'dndecor:text_plate#extended=false,face=wall,facing=north,waterlogged=true'
[28aug.2026 18:20:57.896] [Worker-ResourceReload-5/WARN] [net.minecraft.client.resources.model.BlockStateModelLoader/]: Exception loading blockstate definition: 'dndecor:blockstates/text_plate.json' missing model for variant: 'dndecor:text_plate#extended=true,face=ceiling,facing=west,waterlogged=true'
[28aug.2026 18:20:57.896] [Worker-ResourceReload-5/WARN] [net.minecraft.client.resources.model.BlockStateModelLoader/]: Exception loading blockstate definition: 'dndecor:blockstates/text_plate.json' missing model for variant: 'dndecor:text_plate#extended=true,face=floor,facing=south,waterlogged=true'
[28aug.2026 18:20:57.896] [Worker-ResourceReload-5/WARN] [net.minecraft.client.resources.model.BlockStateModelLoader/]: Exception loading blockstate definition: 'dndecor:blockstates/text_plate.json' missing model for variant: 'dndecor:text_plate#extended=false,face=floor,facing=west,waterlogged=true'
[28aug.2026 18:20:57.896] [Worker-ResourceReload-5/WARN] [net.minecraft.client.resources.model.BlockStateModelLoader/]: Exception loading blockstate definition: 'dndecor:blockstates/text_plate.json' missing model for variant: 'dndecor:text_plate#extended=false,face=ceiling,facing=south,waterlogged=true'
[28aug.2026 18:20:57.896] [Worker-ResourceReload-5/WARN] [net.minecraft.client.resources.model.BlockStateModelLoader/]: Exception loading blockstate definition: 'dndecor:blockstates/text_plate.json' missing model for variant: 'dndecor:text_plate#extended=true,face=wall,facing=west,waterlogged=true'
[28aug.2026 18:20:57.896] [Worker-ResourceReload-5/WARN] [net.minecraft.client.resources.model.BlockStateModelLoader/]: Exception loading blockstate definition: 'dndecor:blockstates/text_plate.json' missing model for variant: 'dndecor:text_plate#extended=false,face=floor,facing=north,waterlogged=false'
[28aug.2026 18:20:57.896] [Worker-ResourceReload-5/WARN] [net.minecraft.client.resources.model.BlockStateModelLoader/]: Exception loading blockstate definition: 'dndecor:blockstates/text_plate.json' missing model for variant: 'dndecor:text_plate#extended=false,face=ceiling,facing=north,waterlogged=true'
[28aug.2026 18:20:58.808] [Worker-ResourceReload-5/WARN] [net.minecraft.client.resources.model.BlockStateModelLoader/]: Exception loading blockstate definition: 'createfirefightingadd:blockstates/pipeline_turbine.json' missing model for variant: 'createfirefightingadd:pipeline_turbine#pipe_axis=y,shaft_axis=y,waterlogged=false'
[28aug.2026 18:20:58.808] [Worker-ResourceReload-5/WARN] [net.minecraft.client.resources.model.BlockStateModelLoader/]: Exception loading blockstate definition: 'createfirefightingadd:blockstates/pipeline_turbine.json' missing model for variant: 'createfirefightingadd:pipeline_turbine#pipe_axis=z,shaft_axis=z,waterlogged=false'
[28aug.2026 18:20:58.809] [Worker-ResourceReload-5/WARN] [net.minecraft.client.resources.model.BlockStateModelLoader/]: Exception loading blockstate definition: 'createfirefightingadd:blockstates/pipeline_turbine.json' missing model for variant: 'createfirefightingadd:pipeline_turbine#pipe_axis=y,shaft_axis=y,waterlogged=true'
[28aug.2026 18:20:58.809] [Worker-ResourceReload-5/WARN] [net.minecraft.client.resources.model.BlockStateModelLoader/]: Exception loading blockstate definition: 'createfirefightingadd:blockstates/pipeline_turbine.json' missing model for variant: 'createfirefightingadd:pipeline_turbine#pipe_axis=x,shaft_axis=x,waterlogged=true'
[28aug.2026 18:20:58.809] [Worker-ResourceReload-5/WARN] [net.minecraft.client.resources.model.BlockStateModelLoader/]: Exception loading blockstate definition: 'createfirefightingadd:blockstates/pipeline_turbine.json' missing model for variant: 'createfirefightingadd:pipeline_turbine#pipe_axis=z,shaft_axis=z,waterlogged=true'
[28aug.2026 18:20:58.809] [Worker-ResourceReload-5/WARN] [net.minecraft.client.resources.model.BlockStateModelLoader/]: Exception loading blockstate definition: 'createfirefightingadd:blockstates/pipeline_turbine.json' missing model for variant: 'createfirefightingadd:pipeline_turbine#pipe_axis=x,shaft_axis=x,waterlogged=false'
[28aug.2026 18:20:58.810] [Worker-ResourceReload-5/WARN] [net.minecraft.client.resources.model.BlockStateModelLoader/]: Exception loading blockstate definition: 'sable_player_ragdoll:blockstates/ragdoll_seat.json' missing model for variant: 'sable_player_ragdoll:ragdoll_seat#'
[28aug.2026 18:20:59.120] [Worker-ResourceReload-5/WARN] [net.minecraft.client.resources.model.BlockStateModelLoader/]: Exception loading blockstate definition: 'createpropulsion:blockstates/tilt_adapter.json' missing model for variant: 'createpropulsion:tilt_adapter#aligned_x=true,axis=x,axis_along_first=true,facing=up,positive=true'
[28aug.2026 18:20:59.120] [Worker-ResourceReload-5/WARN] [net.minecraft.client.resources.model.BlockStateModelLoader/]: Exception loading blockstate definition: 'createpropulsion:blockstates/tilt_adapter.json' missing model for variant: 'createpropulsion:tilt_adapter#aligned_x=true,axis=z,axis_along_first=true,facing=west,positive=false'
[28aug.2026 18:20:59.121] [Worker-ResourceReload-5/WARN] [net.minecraft.client.resources.model.BlockStateModelLoader/]: Exception loading blockstate definition: 'createpropulsion:blockstates/tilt_adapter.json' missing model for variant: 'createpropulsion:tilt_adapter#aligned_x=false,axis=x,axis_along_first=true,facing=north,positive=true'
[28aug.2026 18:20:59.121] [Worker-ResourceReload-5/WARN] [net.minecraft.client.resources.model.BlockStateModelLoader/]: Exception loading blockstate definition: 'createpropulsion:blockstates/tilt_adapter.json' missing model for variant: 'createpropulsion:tilt_adapter#aligned_x=false,axis=x,axis_along_first=false,facing=down,positive=true'
[28aug.2026 18:20:59.121] [Worker-ResourceReload-5/WARN] [net.minecraft.client.resources.model.BlockStateModelLoader/]: Exception loading blockstate definition: 'createpropulsion:blockstates/tilt_adapter.json' missing model for variant: 'createpropulsion:tilt_adapter#aligned_x=true,axis=x,axis_along_first=false,facing=south,positive=true'
[28aug.2026 18:20:59.121] [Worker-ResourceReload-5/WARN] [net.minecraft.client.resources.model.BlockStateModelLoader/]: Exception loading blockstate definition: 'createpropulsion:blockstates/tilt_adapter.json' missing model for variant: 'createpropulsion:tilt_adapter#aligned_x=false,axis=x,axis_along_first=true,facing=up,positive=true'
[28aug.2026 18:20:59.122] [Worker-ResourceReload-5/WARN] [net.minecraft.client.resources.model.BlockStateModelLoader/]: Exception loading blockstate definition: 'createpropulsion:blockstates/tilt_adapter.json' missing model for variant: 'createpropulsion:tilt_adapter#aligned_x=true,axis=x,axis_along_first=true,facing=up,positive=false'
[28aug.2026 18:20:59.122] [Worker-ResourceReload-5/WARN] [net.minecraft.client.resources.model.BlockStateModelLoader/]: Exception loading blockstate definition: 'createpropulsion:blockstates/tilt_adapter.json' missing model for variant: 'createpropulsion:tilt_adapter#aligned_x=false,axis=z,axis_along_first=false,facing=east,positive=false'
[28aug.2026 18:20:59.122] [Worker-ResourceReload-5/WARN] [net.minecraft.client.resources.model.BlockStateModelLoader/]: Exception loading blockstate definition: 'createpropulsion:blockstates/tilt_adapter.json' missing model for variant: 'createpropulsion:tilt_adapter#aligned_x=true,axis=z,axis_along_first=false,facing=up,positive=false'
[28aug.2026 18:20:59.122] [Worker-ResourceReload-5/WARN] [net.minecraft.client.resources.model.BlockStateModelLoader/]: Exception loading blockstate definition: 'createpropulsion:blockstates/tilt_adapter.json' missing model for variant: 'createpropulsion:tilt_adapter#aligned_x=false,axis=y,axis_along_first=true,facing=north,positive=false'
[28aug.2026 18:20:59.122] [Worker-ResourceReload-5/WARN] [net.minecraft.client.resources.model.BlockStateModelLoader/]: Exception loading blockstate definition: 'createpropulsion:blockstates/tilt_adapter.json' missing model for variant: 'createpropulsion:tilt_adapter#aligned_x=true,axis=z,axis_along_first=false,facing=west,positive=true'
[28aug.2026 18:20:59.122] [Worker-ResourceReload-5/WARN] [net.minecraft.client.resources.model.BlockStateModelLoader/]: Exception loading blockstate definition: 'createpropulsion:blockstates/tilt_adapter.json' missing model for variant: 'createpropulsion:tilt_adapter#aligned_x=false,axis=y,axis_along_first=true,facing=east,positive=false'
[28aug.2026 18:20:59.122] [Worker-ResourceReload-5/WARN] [net.minecraft.client.resources.model.BlockStateModelLoader/]: Exception loading blockstate definition: 'createpropulsion:blockstates/tilt_adapter.json' missing model for variant: 'createpropulsion:tilt_adapter#aligned_x=false,axis=y,axis_along_first=true,facing=south,positive=true'
[28aug.2026 18:20:59.122] [Worker-ResourceReload-5/WARN] [net.minecraft.client.resources.model.BlockStateModelLoader/]: Exception loading blockstate definition: 'createpropulsion:blockstates/tilt_adapter.json' missing model for variant: 'createpropulsion:tilt_adapter#aligned_x=true,axis=x,axis_along_first=false,facing=north,positive=false'
[28aug.2026 18:20:59.122] [Worker-ResourceReload-5/WARN] [net.minecraft.client.resources.model.BlockStateModelLoader/]: Exception loading blockstate definition: 'createpropulsion:blockstates/tilt_adapter.json' missing model for variant: 'createpropulsion:tilt_adapter#aligned_x=true,axis=z,axis_along_first=true,facing=up,positive=false'
[28aug.2026 18:20:59.122] [Worker-ResourceReload-5/WARN] [net.minecraft.client.resources.model.BlockStateModelLoader/]: Exception loading blockstate definition: 'createpropulsion:blockstates/tilt_adapter.json' missing model for variant: 'createpropulsion:tilt_adapter#aligned_x=false,axis=z,axis_along_first=false,facing=east,positive=true'
[28aug.2026 18:20:59.122] [Worker-ResourceReload-5/WARN] [net.minecraft.client.resources.model.BlockStateModelLoader/]: Exception loading blockstate definition: 'createpropulsion:blockstates/tilt_adapter.json' missing model for variant: 'createpropulsion:tilt_adapter#aligned_x=false,axis=z,axis_along_first=true,facing=west,positive=false'
[28aug.2026 18:20:59.122] [Worker-ResourceReload-5/WARN] [net.minecraft.client.resources.model.BlockStateModelLoader/]: Exception loading blockstate definition: 'createpropulsion:blockstates/tilt_adapter.json' missing model for variant: 'createpropulsion:tilt_adapter#aligned_x=true,axis=x,axis_along_first=true,facing=north,positive=true'
[28aug.2026 18:20:59.122] [Worker-ResourceReload-5/WARN] [net.minecraft.client.resources.model.BlockStateModelLoader/]: Exception loading blockstate definition: 'createpropulsion:blockstates/tilt_adapter.json' missing model for variant: 'createpropulsion:tilt_adapter#aligned_x=false,axis=z,axis_along_first=false,facing=west,positive=false'
[28aug.2026 18:20:59.122] [Worker-ResourceReload-5/WARN] [net.minecraft.client.resources.model.BlockStateModelLoader/]: Exception loading blockstate definition: 'createpropulsion:blockstates/tilt_adapter.json' missing model for variant: 'createpropulsion:tilt_adapter#aligned_x=true,axis=y,axis_along_first=false,facing=east,positive=false'
[28aug.2026 18:20:59.122] [Worker-ResourceReload-5/WARN] [net.minecraft.client.resources.model.BlockStateModelLoader/]: Exception loading blockstate definition: 'createpropulsion:blockstates/tilt_adapter.json' missing model for variant: 'createpropulsion:tilt_adapter#aligned_x=true,axis=z,axis_along_first=false,facing=west,positive=false'
[28aug.2026 18:20:59.122] [Worker-ResourceReload-5/WARN] [net.minecraft.client.resources.model.BlockStateModelLoader/]: Exception loading blockstate definition: 'createpropulsion:blockstates/tilt_adapter.json' missing model for variant: 'createpropulsion:tilt_adapter#aligned_x=true,axis=x,axis_along_first=false,facing=down,positive=false'
[28aug.2026 18:20:59.122] [Worker-ResourceReload-5/WARN] [net.minecraft.client.resources.model.BlockStateModelLoader/]: Exception loading blockstate definition: 'createpropulsion:blockstates/tilt_adapter.json' missing model for variant: 'createpropulsion:tilt_adapter#aligned_x=false,axis=x,axis_along_first=true,facing=north,positive=false'
[28aug.2026 18:20:59.122] [Worker-ResourceReload-5/WARN] [net.minecraft.client.resources.model.BlockStateModelLoader/]: Exception loading blockstate definition: 'createpropulsion:blockstates/tilt_adapter.json' missing model for variant: 'createpropulsion:tilt_adapter#aligned_x=false,axis=y,axis_along_first=false,facing=south,positive=false'
[28aug.2026 18:20:59.122] [Worker-ResourceReload-5/WARN] [net.minecraft.client.resources.model.BlockStateModelLoader/]: Exception loading blockstate definition: 'createpropulsion:blockstates/tilt_adapter.json' missing model for variant: 'createpropulsion:tilt_adapter#aligned_x=true,axis=y,axis_along_first=false,facing=south,positive=true'
[28aug.2026 18:20:59.122] [Worker-ResourceReload-5/WARN] [net.minecraft.client.resources.model.BlockStateModelLoader/]: Exception loading blockstate definition: 'createpropulsion:blockstates/tilt_adapter.json' missing model for variant: 'createpropulsion:tilt_adapter#aligned_x=false,axis=z,axis_along_first=true,facing=east,positive=true'
[28aug.2026 18:20:59.122] [Worker-ResourceReload-5/WARN] [net.minecraft.client.resources.model.BlockStateModelLoader/]: Exception loading blockstate definition: 'createpropulsion:blockstates/tilt_adapter.json' missing model for variant: 'createpropulsion:tilt_adapter#aligned_x=true,axis=z,axis_along_first=false,facing=up,positive=true'
[28aug.2026 18:20:59.122] [Worker-ResourceReload-5/WARN] [net.minecraft.client.resources.model.BlockStateModelLoader/]: Exception loading blockstate definition: 'createpropulsion:blockstates/tilt_adapter.json' missing model for variant: 'createpropulsion:tilt_adapter#aligned_x=true,axis=y,axis_along_first=false,facing=east,positive=true'
[28aug.2026 18:20:59.122] [Worker-ResourceReload-5/WARN] [net.minecraft.client.resources.model.BlockStateModelLoader/]: Exception loading blockstate definition: 'createpropulsion:blockstates/tilt_adapter.json' missing model for variant: 'createpropulsion:tilt_adapter#aligned_x=true,axis=x,axis_along_first=false,facing=south,positive=false'
[28aug.2026 18:20:59.122] [Worker-ResourceReload-5/WARN] [net.minecraft.client.resources.model.BlockStateModelLoader/]: Exception loading blockstate definition: 'createpropulsion:blockstates/tilt_adapter.json' missing model for variant: 'createpropulsion:tilt_adapter#aligned_x=true,axis=x,axis_along_first=false,facing=up,positive=true'
[28aug.2026 18:20:59.122] [Worker-ResourceReload-5/WARN] [net.minecraft.client.resources.model.BlockStateModelLoader/]: Exception loading blockstate definition: 'createpropulsion:blockstates/tilt_adapter.json' missing model for variant: 'createpropulsion:tilt_adapter#aligned_x=true,axis=x,axis_along_first=true,facing=south,positive=true'
[28aug.2026 18:20:59.122] [Worker-ResourceReload-5/WARN] [net.minecraft.client.resources.model.BlockStateModelLoader/]: Exception loading blockstate definition: 'createpropulsion:blockstates/tilt_adapter.json' missing model for variant: 'createpropulsion:tilt_adapter#aligned_x=true,axis=z,axis_along_first=true,facing=west,positive=true'
[28aug.2026 18:20:59.122] [Worker-ResourceReload-5/WARN] [net.minecraft.client.resources.model.BlockStateModelLoader/]: Exception loading blockstate definition: 'createpropulsion:blockstates/tilt_adapter.json' missing model for variant: 'createpropulsion:tilt_adapter#aligned_x=false,axis=x,axis_along_first=false,facing=down,positive=false'
[28aug.2026 18:20:59.122] [Worker-ResourceReload-5/WARN] [net.minecraft.client.resources.model.BlockStateModelLoader/]: Exception loading blockstate definition: 'createpropulsion:blockstates/tilt_adapter.json' missing model for variant: 'createpropulsion:tilt_adapter#aligned_x=false,axis=z,axis_along_first=true,facing=up,positive=false'
[28aug.2026 18:20:59.122] [Worker-ResourceReload-5/WARN] [net.minecraft.client.resources.model.BlockStateModelLoader/]: Exception loading blockstate definition: 'createpropulsion:blockstates/tilt_adapter.json' missing model for variant: 'createpropulsion:tilt_adapter#aligned_x=false,axis=y,axis_along_first=false,facing=west,positive=true'
[28aug.2026 18:20:59.122] [Worker-ResourceReload-5/WARN] [net.minecraft.client.resources.model.BlockStateModelLoader/]: Exception loading blockstate definition: 'createpropulsion:blockstates/tilt_adapter.json' missing model for variant: 'createpropulsion:tilt_adapter#aligned_x=false,axis=y,axis_along_first=false,facing=east,positive=false'
[28aug.2026 18:20:59.122] [Worker-ResourceReload-5/WARN] [net.minecraft.client.resources.model.BlockStateModelLoader/]: Exception loading blockstate definition: 'createpropulsion:blockstates/tilt_adapter.json' missing model for variant: 'createpropulsion:tilt_adapter#aligned_x=false,axis=z,axis_along_first=false,facing=west,positive=true'
[28aug.2026 18:20:59.123] [Worker-ResourceReload-5/WARN] [net.minecraft.client.resources.model.BlockStateModelLoader/]: Exception loading blockstate definition: 'createpropulsion:blockstates/tilt_adapter.json' missing model for variant: 'createpropulsion:tilt_adapter#aligned_x=false,axis=y,axis_along_first=false,facing=south,positive=true'
[28aug.2026 18:20:59.123] [Worker-ResourceReload-5/WARN] [net.minecraft.client.resources.model.BlockStateModelLoader/]: Exception loading blockstate definition: 'createpropulsion:blockstates/tilt_adapter.json' missing model for variant: 'createpropulsion:tilt_adapter#aligned_x=false,axis=z,axis_along_first=true,facing=down,positive=true'
[28aug.2026 18:20:59.123] [Worker-ResourceReload-5/WARN] [net.minecraft.client.resources.model.BlockStateModelLoader/]: Exception loading blockstate definition: 'createpropulsion:blockstates/tilt_adapter.json' missing model for variant: 'createpropulsion:tilt_adapter#aligned_x=true,axis=x,axis_along_first=true,facing=north,positive=false'
[28aug.2026 18:20:59.123] [Worker-ResourceReload-5/WARN] [net.minecraft.client.resources.model.BlockStateModelLoader/]: Exception loading blockstate definition: 'createpropulsion:blockstates/tilt_adapter.json' missing model for variant: 'createpropulsion:tilt_adapter#aligned_x=false,axis=x,axis_along_first=false,facing=up,positive=true'
[28aug.2026 18:20:59.123] [Worker-ResourceReload-5/WARN] [net.minecraft.client.resources.model.BlockStateModelLoader/]: Exception loading blockstate definition: 'createpropulsion:blockstates/tilt_adapter.json' missing model for variant: 'createpropulsion:tilt_adapter#aligned_x=true,axis=x,axis_along_first=false,facing=down,positive=true'
[28aug.2026 18:20:59.123] [Worker-ResourceReload-5/WARN] [net.minecraft.client.resources.model.BlockStateModelLoader/]: Exception loading blockstate definition: 'createpropulsion:blockstates/tilt_adapter.json' missing model for variant: 'createpropulsion:tilt_adapter#aligned_x=false,axis=y,axis_along_first=true,facing=west,positive=false'
[28aug.2026 18:20:59.123] [Worker-ResourceReload-5/WARN] [net.minecraft.client.resources.model.BlockStateModelLoader/]: Exception loading blockstate definition: 'createpropulsion:blockstates/tilt_adapter.json' missing model for variant: 'createpropulsion:tilt_adapter#aligned_x=false,axis=x,axis_along_first=true,facing=down,positive=true'
[28aug.2026 18:20:59.123] [Worker-ResourceReload-5/WARN] [net.minecraft.client.resources.model.BlockStateModelLoader/]: Exception loading blockstate definition: 'createpropulsion:blockstates/tilt_adapter.json' missing model for variant: 'createpropulsion:tilt_adapter#aligned_x=false,axis=y,axis_along_first=false,facing=east,positive=true'
[28aug.2026 18:20:59.123] [Worker-ResourceReload-5/WARN] [net.minecraft.client.resources.model.BlockStateModelLoader/]: Exception loading blockstate definition: 'createpropulsion:blockstates/tilt_adapter.json' missing model for variant: 'createpropulsion:tilt_adapter#aligned_x=true,axis=y,axis_along_first=false,facing=west,positive=false'
[28aug.2026 18:20:59.123] [Worker-ResourceReload-5/WARN] [net.minecraft.client.resources.model.BlockStateModelLoader/]: Exception loading blockstate definition: 'createpropulsion:blockstates/tilt_adapter.json' missing model for variant: 'createpropulsion:tilt_adapter#aligned_x=true,axis=z,axis_along_first=true,facing=east,positive=true'
[28aug.2026 18:20:59.123] [Worker-ResourceReload-5/WARN] [net.minecraft.client.resources.model.BlockStateModelLoader/]: Exception loading blockstate definition: 'createpropulsion:blockstates/tilt_adapter.json' missing model for variant: 'createpropulsion:tilt_adapter#aligned_x=true,axis=x,axis_along_first=false,facing=up,positive=false'
[28aug.2026 18:20:59.123] [Worker-ResourceReload-5/WARN] [net.minecraft.client.resources.model.BlockStateModelLoader/]: Exception loading blockstate definition: 'createpropulsion:blockstates/tilt_adapter.json' missing model for variant: 'createpropulsion:tilt_adapter#aligned_x=false,axis=y,axis_along_first=false,facing=north,positive=true'
[28aug.2026 18:20:59.123] [Worker-ResourceReload-5/WARN] [net.minecraft.client.resources.model.BlockStateModelLoader/]: Exception loading blockstate definition: 'createpropulsion:blockstates/tilt_adapter.json' missing model for variant: 'createpropulsion:tilt_adapter#aligned_x=true,axis=x,axis_along_first=true,facing=south,positive=false'
[28aug.2026 18:20:59.123] [Worker-ResourceReload-5/WARN] [net.minecraft.client.resources.model.BlockStateModelLoader/]: Exception loading blockstate definition: 'createpropulsion:blockstates/tilt_adapter.json' missing model for variant: 'createpropulsion:tilt_adapter#aligned_x=true,axis=z,axis_along_first=false,facing=east,positive=false'
[28aug.2026 18:20:59.123] [Worker-ResourceReload-5/WARN] [net.minecraft.client.resources.model.BlockStateModelLoader/]: Exception loading blockstate definition: 'createpropulsion:blockstates/tilt_adapter.json' missing model for variant: 'createpropulsion:tilt_adapter#aligned_x=false,axis=z,axis_along_first=false,facing=up,positive=true'
[28aug.2026 18:20:59.123] [Worker-ResourceReload-5/WARN] [net.minecraft.client.resources.model.BlockStateModelLoader/]: Exception loading blockstate definition: 'createpropulsion:blockstates/tilt_adapter.json' missing model for variant: 'createpropulsion:tilt_adapter#aligned_x=false,axis=x,axis_along_first=true,facing=south,positive=true'
[28aug.2026 18:20:59.123] [Worker-ResourceReload-5/WARN] [net.minecraft.client.resources.model.BlockStateModelLoader/]: Exception loading blockstate definition: 'createpropulsion:blockstates/tilt_adapter.json' missing model for variant: 'createpropulsion:tilt_adapter#aligned_x=false,axis=z,axis_along_first=true,facing=down,positive=false'
[28aug.2026 18:20:59.123] [Worker-ResourceReload-5/WARN] [net.minecraft.client.resources.model.BlockStateModelLoader/]: Exception loading blockstate definition: 'createpropulsion:blockstates/tilt_adapter.json' missing model for variant: 'createpropulsion:tilt_adapter#aligned_x=true,axis=y,axis_along_first=true,facing=west,positive=false'
[28aug.2026 18:20:59.123] [Worker-ResourceReload-5/WARN] [net.minecraft.client.resources.model.BlockStateModelLoader/]: Exception loading blockstate definition: 'createpropulsion:blockstates/tilt_adapter.json' missing model for variant: 'createpropulsion:tilt_adapter#aligned_x=true,axis=x,axis_along_first=false,facing=north,positive=true'
[28aug.2026 18:20:59.123] [Worker-ResourceReload-5/WARN] [net.minecraft.client.resources.model.BlockStateModelLoader/]: Exception loading blockstate definition: 'createpropulsion:blockstates/tilt_adapter.json' missing model for variant: 'createpropulsion:tilt_adapter#aligned_x=true,axis=y,axis_along_first=false,facing=west,positive=true'
[28aug.2026 18:20:59.123] [Worker-ResourceReload-5/WARN] [net.minecraft.client.resources.model.BlockStateModelLoader/]: Exception loading blockstate definition: 'createpropulsion:blockstates/tilt_adapter.json' missing model for variant: 'createpropulsion:tilt_adapter#aligned_x=true,axis=x,axis_along_first=true,facing=down,positive=false'
[28aug.2026 18:20:59.123] [Worker-ResourceReload-5/WARN] [net.minecraft.client.resources.model.BlockStateModelLoader/]: Exception loading blockstate definition: 'createpropulsion:blockstates/tilt_adapter.json' missing model for variant: 'createpropulsion:tilt_adapter#aligned_x=false,axis=x,axis_along_first=false,facing=south,positive=false'
[28aug.2026 18:20:59.123] [Worker-ResourceReload-5/WARN] [net.minecraft.client.resources.model.BlockStateModelLoader/]: Exception loading blockstate definition: 'createpropulsion:blockstates/tilt_adapter.json' missing model for variant: 'createpropulsion:tilt_adapter#aligned_x=true,axis=y,axis_along_first=false,facing=north,positive=false'
[28aug.2026 18:20:59.123] [Worker-ResourceReload-5/WARN] [net.minecraft.client.resources.model.BlockStateModelLoader/]: Exception loading blockstate definition: 'createpropulsion:blockstates/tilt_adapter.json' missing model for variant: 'createpropulsion:tilt_adapter#aligned_x=false,axis=x,axis_along_first=true,facing=down,positive=false'
[28aug.2026 18:20:59.123] [Worker-ResourceReload-5/WARN] [net.minecraft.client.resources.model.BlockStateModelLoader/]: Exception loading blockstate definition: 'createpropulsion:blockstates/tilt_adapter.json' missing model for variant: 'createpropulsion:tilt_adapter#aligned_x=true,axis=z,axis_along_first=true,facing=down,positive=false'
[28aug.2026 18:20:59.123] [Worker-ResourceReload-5/WARN] [net.minecraft.client.resources.model.BlockStateModelLoader/]: Exception loading blockstate definition: 'createpropulsion:blockstates/tilt_adapter.json' missing model for variant: 'createpropulsion:tilt_adapter#aligned_x=false,axis=y,axis_along_first=true,facing=south,positive=false'
[28aug.2026 18:20:59.123] [Worker-ResourceReload-5/WARN] [net.minecraft.client.resources.model.BlockStateModelLoader/]: Exception loading blockstate definition: 'createpropulsion:blockstates/tilt_adapter.json' missing model for variant: 'createpropulsion:tilt_adapter#aligned_x=true,axis=x,axis_along_first=true,facing=down,positive=true'
[28aug.2026 18:20:59.123] [Worker-ResourceReload-5/WARN] [net.minecraft.client.resources.model.BlockStateModelLoader/]: Exception loading blockstate definition: 'createpropulsion:blockstates/tilt_adapter.json' missing model for variant: 'createpropulsion:tilt_adapter#aligned_x=false,axis=y,axis_along_first=true,facing=west,positive=true'
[28aug.2026 18:20:59.123] [Worker-ResourceReload-5/WARN] [net.minecraft.client.resources.model.BlockStateModelLoader/]: Exception loading blockstate definition: 'createpropulsion:blockstates/tilt_adapter.json' missing model for variant: 'createpropulsion:tilt_adapter#aligned_x=true,axis=y,axis_along_first=true,facing=north,positive=false'
[28aug.2026 18:20:59.123] [Worker-ResourceReload-5/WARN] [net.minecraft.client.resources.model.BlockStateModelLoader/]: Exception loading blockstate definition: 'createpropulsion:blockstates/tilt_adapter.json' missing model for variant: 'createpropulsion:tilt_adapter#aligned_x=false,axis=x,axis_along_first=false,facing=south,positive=true'
[28aug.2026 18:20:59.123] [Worker-ResourceReload-5/WARN] [net.minecraft.client.resources.model.BlockStateModelLoader/]: Exception loading blockstate definition: 'createpropulsion:blockstates/tilt_adapter.json' missing model for variant: 'createpropulsion:tilt_adapter#aligned_x=false,axis=x,axis_along_first=false,facing=up,positive=false'
[28aug.2026 18:20:59.123] [Worker-ResourceReload-5/WARN] [net.minecraft.client.resources.model.BlockStateModelLoader/]: Exception loading blockstate definition: 'createpropulsion:blockstates/tilt_adapter.json' missing model for variant: 'createpropulsion:tilt_adapter#aligned_x=true,axis=y,axis_along_first=true,facing=south,positive=false'
[28aug.2026 18:20:59.123] [Worker-ResourceReload-5/WARN] [net.minecraft.client.resources.model.BlockStateModelLoader/]: Exception loading blockstate definition: 'createpropulsion:blockstates/tilt_adapter.json' missing model for variant: 'createpropulsion:tilt_adapter#aligned_x=true,axis=z,axis_along_first=true,facing=up,positive=true'
[28aug.2026 18:20:59.123] [Worker-ResourceReload-5/WARN] [net.minecraft.client.resources.model.BlockStateModelLoader/]: Exception loading blockstate definition: 'createpropulsion:blockstates/tilt_adapter.json' missing model for variant: 'createpropulsion:tilt_adapter#aligned_x=true,axis=z,axis_along_first=false,facing=down,positive=false'
[28aug.2026 18:20:59.123] [Worker-ResourceReload-5/WARN] [net.minecraft.client.resources.model.BlockStateModelLoader/]: Exception loading blockstate definition: 'createpropulsion:blockstates/tilt_adapter.json' missing model for variant: 'createpropulsion:tilt_adapter#aligned_x=false,axis=z,axis_along_first=true,facing=up,positive=true'
[28aug.2026 18:20:59.123] [Worker-ResourceReload-5/WARN] [net.minecraft.client.resources.model.BlockStateModelLoader/]: Exception loading blockstate definition: 'createpropulsion:blockstates/tilt_adapter.json' missing model for variant: 'createpropulsion:tilt_adapter#aligned_x=true,axis=z,axis_along_first=false,facing=east,positive=true'
[28aug.2026 18:20:59.123] [Worker-ResourceReload-5/WARN] [net.minecraft.client.resources.model.BlockStateModelLoader/]: Exception loading blockstate definition: 'createpropulsion:blockstates/tilt_adapter.json' missing model for variant: 'createpropulsion:tilt_adapter#aligned_x=false,axis=y,axis_along_first=true,facing=east,positive=true'
[28aug.2026 18:20:59.124] [Worker-ResourceReload-5/WARN] [net.minecraft.client.resources.model.BlockStateModelLoader/]: Exception loading blockstate definition: 'createpropulsion:blockstates/tilt_adapter.json' missing model for variant: 'createpropulsion:tilt_adapter#aligned_x=true,axis=z,axis_along_first=true,facing=down,positive=true'
[28aug.2026 18:20:59.124] [Worker-ResourceReload-5/WARN] [net.minecraft.client.resources.model.BlockStateModelLoader/]: Exception loading blockstate definition: 'createpropulsion:blockstates/tilt_adapter.json' missing model for variant: 'createpropulsion:tilt_adapter#aligned_x=true,axis=y,axis_along_first=true,facing=east,positive=false'
[28aug.2026 18:20:59.124] [Worker-ResourceReload-5/WARN] [net.minecraft.client.resources.model.BlockStateModelLoader/]: Exception loading blockstate definition: 'createpropulsion:blockstates/tilt_adapter.json' missing model for variant: 'createpropulsion:tilt_adapter#aligned_x=true,axis=y,axis_along_first=false,facing=north,positive=true'
[28aug.2026 18:20:59.124] [Worker-ResourceReload-5/WARN] [net.minecraft.client.resources.model.BlockStateModelLoader/]: Exception loading blockstate definition: 'createpropulsion:blockstates/tilt_adapter.json' missing model for variant: 'createpropulsion:tilt_adapter#aligned_x=false,axis=y,axis_along_first=false,facing=north,positive=false'
[28aug.2026 18:20:59.124] [Worker-ResourceReload-5/WARN] [net.minecraft.client.resources.model.BlockStateModelLoader/]: Exception loading blockstate definition: 'createpropulsion:blockstates/tilt_adapter.json' missing model for variant: 'createpropulsion:tilt_adapter#aligned_x=false,axis=x,axis_along_first=false,facing=north,positive=true'
[28aug.2026 18:20:59.124] [Worker-ResourceReload-5/WARN] [net.minecraft.client.resources.model.BlockStateModelLoader/]: Exception loading blockstate definition: 'createpropulsion:blockstates/tilt_adapter.json' missing model for variant: 'createpropulsion:tilt_adapter#aligned_x=false,axis=z,axis_along_first=false,facing=down,positive=false'
[28aug.2026 18:20:59.124] [Worker-ResourceReload-5/WARN] [net.minecraft.client.resources.model.BlockStateModelLoader/]: Exception loading blockstate definition: 'createpropulsion:blockstates/tilt_adapter.json' missing model for variant: 'createpropulsion:tilt_adapter#aligned_x=true,axis=y,axis_along_first=false,facing=south,positive=false'
[28aug.2026 18:20:59.124] [Worker-ResourceReload-5/WARN] [net.minecraft.client.resources.model.BlockStateModelLoader/]: Exception loading blockstate definition: 'createpropulsion:blockstates/tilt_adapter.json' missing model for variant: 'createpropulsion:tilt_adapter#aligned_x=true,axis=z,axis_along_first=true,facing=east,positive=false'
[28aug.2026 18:20:59.124] [Worker-ResourceReload-5/WARN] [net.minecraft.client.resources.model.BlockStateModelLoader/]: Exception loading blockstate definition: 'createpropulsion:blockstates/tilt_adapter.json' missing model for variant: 'createpropulsion:tilt_adapter#aligned_x=false,axis=z,axis_along_first=false,facing=up,positive=false'
[28aug.2026 18:20:59.124] [Worker-ResourceReload-5/WARN] [net.minecraft.client.resources.model.BlockStateModelLoader/]: Exception loading blockstate definition: 'createpropulsion:blockstates/tilt_adapter.json' missing model for variant: 'createpropulsion:tilt_adapter#aligned_x=false,axis=z,axis_along_first=true,facing=east,positive=false'
[28aug.2026 18:20:59.124] [Worker-ResourceReload-5/WARN] [net.minecraft.client.resources.model.BlockStateModelLoader/]: Exception loading blockstate definition: 'createpropulsion:blockstates/tilt_adapter.json' missing model for variant: 'createpropulsion:tilt_adapter#aligned_x=true,axis=y,axis_along_first=true,facing=south,positive=true'
[28aug.2026 18:20:59.124] [Worker-ResourceReload-5/WARN] [net.minecraft.client.resources.model.BlockStateModelLoader/]: Exception loading blockstate definition: 'createpropulsion:blockstates/tilt_adapter.json' missing model for variant: 'createpropulsion:tilt_adapter#aligned_x=false,axis=x,axis_along_first=true,facing=south,positive=false'
[28aug.2026 18:20:59.124] [Worker-ResourceReload-5/WARN] [net.minecraft.client.resources.model.BlockStateModelLoader/]: Exception loading blockstate definition: 'createpropulsion:blockstates/tilt_adapter.json' missing model for variant: 'createpropulsion:tilt_adapter#aligned_x=false,axis=y,axis_along_first=false,facing=west,positive=false'
[28aug.2026 18:20:59.124] [Worker-ResourceReload-5/WARN] [net.minecraft.client.resources.model.BlockStateModelLoader/]: Exception loading blockstate definition: 'createpropulsion:blockstates/tilt_adapter.json' missing model for variant: 'createpropulsion:tilt_adapter#aligned_x=false,axis=z,axis_along_first=true,facing=west,positive=true'
[28aug.2026 18:20:59.124] [Worker-ResourceReload-5/WARN] [net.minecraft.client.resources.model.BlockStateModelLoader/]: Exception loading blockstate definition: 'createpropulsion:blockstates/tilt_adapter.json' missing model for variant: 'createpropulsion:tilt_adapter#aligned_x=true,axis=y,axis_along_first=true,facing=west,positive=true'
[28aug.2026 18:20:59.124] [Worker-ResourceReload-5/WARN] [net.minecraft.client.resources.model.BlockStateModelLoader/]: Exception loading blockstate definition: 'createpropulsion:blockstates/tilt_adapter.json' missing model for variant: 'createpropulsion:tilt_adapter#aligned_x=true,axis=y,axis_along_first=true,facing=north,positive=true'
[28aug.2026 18:20:59.124] [Worker-ResourceReload-5/WARN] [net.minecraft.client.resources.model.BlockStateModelLoader/]: Exception loading blockstate definition: 'createpropulsion:blockstates/tilt_adapter.json' missing model for variant: 'createpropulsion:tilt_adapter#aligned_x=true,axis=y,axis_along_first=true,facing=east,positive=true'
[28aug.2026 18:20:59.124] [Worker-ResourceReload-5/WARN] [net.minecraft.client.resources.model.BlockStateModelLoader/]: Exception loading blockstate definition: 'createpropulsion:blockstates/tilt_adapter.json' missing model for variant: 'createpropulsion:tilt_adapter#aligned_x=false,axis=z,axis_along_first=false,facing=down,positive=true'
[28aug.2026 18:20:59.124] [Worker-ResourceReload-5/WARN] [net.minecraft.client.resources.model.BlockStateModelLoader/]: Exception loading blockstate definition: 'createpropulsion:blockstates/tilt_adapter.json' missing model for variant: 'createpropulsion:tilt_adapter#aligned_x=false,axis=y,axis_along_first=true,facing=north,positive=true'
[28aug.2026 18:20:59.124] [Worker-ResourceReload-5/WARN] [net.minecraft.client.resources.model.BlockStateModelLoader/]: Exception loading blockstate definition: 'createpropulsion:blockstates/tilt_adapter.json' missing model for variant: 'createpropulsion:tilt_adapter#aligned_x=true,axis=z,axis_along_first=false,facing=down,positive=true'
[28aug.2026 18:20:59.124] [Worker-ResourceReload-5/WARN] [net.minecraft.client.resources.model.BlockStateModelLoader/]: Exception loading blockstate definition: 'createpropulsion:blockstates/tilt_adapter.json' missing model for variant: 'createpropulsion:tilt_adapter#aligned_x=false,axis=x,axis_along_first=true,facing=up,positive=false'
[28aug.2026 18:20:59.124] [Worker-ResourceReload-5/WARN] [net.minecraft.client.resources.model.BlockStateModelLoader/]: Exception loading blockstate definition: 'createpropulsion:blockstates/tilt_adapter.json' missing model for variant: 'createpropulsion:tilt_adapter#aligned_x=false,axis=x,axis_along_first=false,facing=north,positive=false'
[28aug.2026 18:20:59.124] [Worker-ResourceReload-5/WARN] [net.minecraft.client.resources.model.BlockStateModelLoader/]: Exception loading blockstate definition: 'createpropulsion:blockstates/advanced_tilt_adapter.json' missing model for variant: 'createpropulsion:advanced_tilt_adapter#aligned_x=false,axis=y,axis_along_first=true,facing=east,positive=false'
[28aug.2026 18:20:59.124] [Worker-ResourceReload-5/WARN] [net.minecraft.client.resources.model.BlockStateModelLoader/]: Exception loading blockstate definition: 'createpropulsion:blockstates/advanced_tilt_adapter.json' missing model for variant: 'createpropulsion:advanced_tilt_adapter#aligned_x=false,axis=z,axis_along_first=false,facing=east,positive=true'
[28aug.2026 18:20:59.124] [Worker-ResourceReload-5/WARN] [net.minecraft.client.resources.model.BlockStateModelLoader/]: Exception loading blockstate definition: 'createpropulsion:blockstates/advanced_tilt_adapter.json' missing model for variant: 'createpropulsion:advanced_tilt_adapter#aligned_x=true,axis=x,axis_along_first=false,facing=north,positive=false'
[28aug.2026 18:20:59.125] [Worker-ResourceReload-5/WARN] [net.minecraft.client.resources.model.BlockStateModelLoader/]: Exception loading blockstate definition: 'createpropulsion:blockstates/advanced_tilt_adapter.json' missing model for variant: 'createpropulsion:advanced_tilt_adapter#aligned_x=true,axis=x,axis_along_first=false,facing=down,positive=true'
[28aug.2026 18:20:59.125] [Worker-ResourceReload-5/WARN] [net.minecraft.client.resources.model.BlockStateModelLoader/]: Exception loading blockstate definition: 'createpropulsion:blockstates/advanced_tilt_adapter.json' missing model for variant: 'createpropulsion:advanced_tilt_adapter#aligned_x=false,axis=z,axis_along_first=true,facing=east,positive=true'
[28aug.2026 18:20:59.125] [Worker-ResourceReload-5/WARN] [net.minecraft.client.resources.model.BlockStateModelLoader/]: Exception loading blockstate definition: 'createpropulsion:blockstates/advanced_tilt_adapter.json' missing model for variant: 'createpropulsion:advanced_tilt_adapter#aligned_x=false,axis=z,axis_along_first=true,facing=down,positive=true'
[28aug.2026 18:20:59.125] [Worker-ResourceReload-5/WARN] [net.minecraft.client.resources.model.BlockStateModelLoader/]: Exception loading blockstate definition: 'createpropulsion:blockstates/advanced_tilt_adapter.json' missing model for variant: 'createpropulsion:advanced_tilt_adapter#aligned_x=false,axis=x,axis_along_first=true,facing=down,positive=true'
[28aug.2026 18:20:59.125] [Worker-ResourceReload-5/WARN] [net.minecraft.client.resources.model.BlockStateModelLoader/]: Exception loading blockstate definition: 'createpropulsion:blockstates/advanced_tilt_adapter.json' missing model for variant: 'createpropulsion:advanced_tilt_adapter#aligned_x=true,axis=z,axis_along_first=false,facing=up,positive=true'
[28aug.2026 18:20:59.125] [Worker-ResourceReload-5/WARN] [net.minecraft.client.resources.model.BlockStateModelLoader/]: Exception loading blockstate definition: 'createpropulsion:blockstates/advanced_tilt_adapter.json' missing model for variant: 'createpropulsion:advanced_tilt_adapter#aligned_x=true,axis=y,axis_along_first=false,facing=west,positive=false'
[28aug.2026 18:20:59.125] [Worker-ResourceReload-5/WARN] [net.minecraft.client.resources.model.BlockStateModelLoader/]: Exception loading blockstate definition: 'createpropulsion:blockstates/advanced_tilt_adapter.json' missing model for variant: 'createpropulsion:advanced_tilt_adapter#aligned_x=false,axis=z,axis_along_first=false,facing=down,positive=true'
[28aug.2026 18:20:59.125] [Worker-ResourceReload-5/WARN] [net.minecraft.client.resources.model.BlockStateModelLoader/]: Exception loading blockstate definition: 'createpropulsion:blockstates/advanced_tilt_adapter.json' missing model for variant: 'createpropulsion:advanced_tilt_adapter#aligned_x=true,axis=x,axis_along_first=false,facing=up,positive=true'
[28aug.2026 18:20:59.125] [Worker-ResourceReload-5/WARN] [net.minecraft.client.resources.model.BlockStateModelLoader/]: Exception loading blockstate definition: 'createpropulsion:blockstates/advanced_tilt_adapter.json' missing model for variant: 'createpropulsion:advanced_tilt_adapter#aligned_x=false,axis=z,axis_along_first=false,facing=west,positive=false'
[28aug.2026 18:20:59.125] [Worker-ResourceReload-5/WARN] [net.minecraft.client.resources.model.BlockStateModelLoader/]: Exception loading blockstate definition: 'createpropulsion:blockstates/advanced_tilt_adapter.json' missing model for variant: 'createpropulsion:advanced_tilt_adapter#aligned_x=true,axis=x,axis_along_first=true,facing=north,positive=true'
[28aug.2026 18:20:59.125] [Worker-ResourceReload-5/WARN] [net.minecraft.client.resources.model.BlockStateModelLoader/]: Exception loading blockstate definition: 'createpropulsion:blockstates/advanced_tilt_adapter.json' missing model for variant: 'createpropulsion:advanced_tilt_adapter#aligned_x=true,axis=z,axis_along_first=true,facing=west,positive=false'
[28aug.2026 18:20:59.125] [Worker-ResourceReload-5/WARN] [net.minecraft.client.resources.model.BlockStateModelLoader/]: Exception loading blockstate definition: 'createpropulsion:blockstates/advanced_tilt_adapter.json' missing model for variant: 'createpropulsion:advanced_tilt_adapter#aligned_x=true,axis=z,axis_along_first=false,facing=down,positive=true'
[28aug.2026 18:20:59.125] [Worker-ResourceReload-5/WARN] [net.minecraft.client.resources.model.BlockStateModelLoader/]: Exception loading blockstate definition: 'createpropulsion:blockstates/advanced_tilt_adapter.json' missing model for variant: 'createpropulsion:advanced_tilt_adapter#aligned_x=false,axis=x,axis_along_first=false,facing=down,positive=false'
[28aug.2026 18:20:59.125] [Worker-ResourceReload-5/WARN] [net.minecraft.client.resources.model.BlockStateModelLoader/]: Exception loading blockstate definition: 'createpropulsion:blockstates/advanced_tilt_adapter.json' missing model for variant: 'createpropulsion:advanced_tilt_adapter#aligned_x=false,axis=y,axis_along_first=true,facing=south,positive=true'
[28aug.2026 18:20:59.125] [Worker-ResourceReload-5/WARN] [net.minecraft.client.resources.model.BlockStateModelLoader/]: Exception loading blockstate definition: 'createpropulsion:blockstates/advanced_tilt_adapter.json' missing model for variant: 'createpropulsion:advanced_tilt_adapter#aligned_x=true,axis=z,axis_along_first=false,facing=up,positive=false'
[28aug.2026 18:20:59.125] [Worker-ResourceReload-5/WARN] [net.minecraft.client.resources.model.BlockStateModelLoader/]: Exception loading blockstate definition: 'createpropulsion:blockstates/advanced_tilt_adapter.json' missing model for variant: 'createpropulsion:advanced_tilt_adapter#aligned_x=false,axis=y,axis_along_first=false,facing=east,positive=false'
[28aug.2026 18:20:59.125] [Worker-ResourceReload-5/WARN] [net.minecraft.client.resources.model.BlockStateModelLoader/]: Exception loading blockstate definition: 'createpropulsion:blockstates/advanced_tilt_adapter.json' missing model for variant: 'createpropulsion:advanced_tilt_adapter#aligned_x=true,axis=y,axis_along_first=true,facing=east,positive=false'
[28aug.2026 18:20:59.125] [Worker-ResourceReload-5/WARN] [net.minecraft.client.resources.model.BlockStateModelLoader/]: Exception loading blockstate definition: 'createpropulsion:blockstates/advanced_tilt_adapter.json' missing model for variant: 'createpropulsion:advanced_tilt_adapter#aligned_x=true,axis=y,axis_along_first=false,facing=north,positive=true'
[28aug.2026 18:20:59.125] [Worker-ResourceReload-5/WARN] [net.minecraft.client.resources.model.BlockStateModelLoader/]: Exception loading blockstate definition: 'createpropulsion:blockstates/advanced_tilt_adapter.json' missing model for variant: 'createpropulsion:advanced_tilt_adapter#aligned_x=false,axis=y,axis_along_first=false,facing=west,positive=true'
[28aug.2026 18:20:59.125] [Worker-ResourceReload-5/WARN] [net.minecraft.client.resources.model.BlockStateModelLoader/]: Exception loading blockstate definition: 'createpropulsion:blockstates/advanced_tilt_adapter.json' missing model for variant: 'createpropulsion:advanced_tilt_adapter#aligned_x=true,axis=y,axis_along_first=true,facing=south,positive=true'
[28aug.2026 18:20:59.125] [Worker-ResourceReload-5/WARN] [net.minecraft.client.resources.model.BlockStateModelLoader/]: Exception loading blockstate definition: 'createpropulsion:blockstates/advanced_tilt_adapter.json' missing model for variant: 'createpropulsion:advanced_tilt_adapter#aligned_x=false,axis=y,axis_along_first=false,facing=south,positive=true'
[28aug.2026 18:20:59.125] [Worker-ResourceReload-5/WARN] [net.minecraft.client.resources.model.BlockStateModelLoader/]: Exception loading blockstate definition: 'createpropulsion:blockstates/advanced_tilt_adapter.json' missing model for variant: 'createpropulsion:advanced_tilt_adapter#aligned_x=true,axis=z,axis_along_first=true,facing=west,positive=true'
[28aug.2026 18:20:59.125] [Worker-ResourceReload-5/WARN] [net.minecraft.client.resources.model.BlockStateModelLoader/]: Exception loading blockstate definition: 'createpropulsion:blockstates/advanced_tilt_adapter.json' missing model for variant: 'createpropulsion:advanced_tilt_adapter#aligned_x=false,axis=y,axis_along_first=true,facing=north,positive=false'
[28aug.2026 18:20:59.125] [Worker-ResourceReload-5/WARN] [net.minecraft.client.resources.model.BlockStateModelLoader/]: Exception loading blockstate definition: 'createpropulsion:blockstates/advanced_tilt_adapter.json' missing model for variant: 'createpropulsion:advanced_tilt_adapter#aligned_x=true,axis=x,axis_along_first=false,facing=down,positive=false'
[28aug.2026 18:20:59.125] [Worker-ResourceReload-5/WARN] [net.minecraft.client.resources.model.BlockStateModelLoader/]: Exception loading blockstate definition: 'createpropulsion:blockstates/advanced_tilt_adapter.json' missing model for variant: 'createpropulsion:advanced_tilt_adapter#aligned_x=true,axis=x,axis_along_first=true,facing=north,positive=false'
[28aug.2026 18:20:59.125] [Worker-ResourceReload-5/WARN] [net.minecraft.client.resources.model.BlockStateModelLoader/]: Exception loading blockstate definition: 'createpropulsion:blockstates/advanced_tilt_adapter.json' missing model for variant: 'createpropulsion:advanced_tilt_adapter#aligned_x=true,axis=x,axis_along_first=false,facing=up,positive=false'
[28aug.2026 18:20:59.126] [Worker-ResourceReload-5/WARN] [net.minecraft.client.resources.model.BlockStateModelLoader/]: Exception loading blockstate definition: 'createpropulsion:blockstates/advanced_tilt_adapter.json' missing model for variant: 'createpropulsion:advanced_tilt_adapter#aligned_x=true,axis=x,axis_along_first=true,facing=down,positive=true'
[28aug.2026 18:20:59.126] [Worker-ResourceReload-5/WARN] [net.minecraft.client.resources.model.BlockStateModelLoader/]: Exception loading blockstate definition: 'createpropulsion:blockstates/advanced_tilt_adapter.json' missing model for variant: 'createpropulsion:advanced_tilt_adapter#aligned_x=true,axis=y,axis_along_first=false,facing=south,positive=true'
[28aug.2026 18:20:59.126] [Worker-ResourceReload-5/WARN] [net.minecraft.client.resources.model.BlockStateModelLoader/]: Exception loading blockstate definition: 'createpropulsion:blockstates/advanced_tilt_adapter.json' missing model for variant: 'createpropulsion:advanced_tilt_adapter#aligned_x=true,axis=z,axis_along_first=true,facing=down,positive=true'
[28aug.2026 18:20:59.126] [Worker-ResourceReload-5/WARN] [net.minecraft.client.resources.model.BlockStateModelLoader/]: Exception loading blockstate definition: 'createpropulsion:blockstates/advanced_tilt_adapter.json' missing model for variant: 'createpropulsion:advanced_tilt_adapter#aligned_x=false,axis=y,axis_along_first=true,facing=west,positive=false'
[28aug.2026 18:20:59.126] [Worker-ResourceReload-5/WARN] [net.minecraft.client.resources.model.BlockStateModelLoader/]: Exception loading blockstate definition: 'createpropulsion:blockstates/advanced_tilt_adapter.json' missing model for variant: 'createpropulsion:advanced_tilt_adapter#aligned_x=true,axis=y,axis_along_first=false,facing=east,positive=false'
[28aug.2026 18:20:59.126] [Worker-ResourceReload-5/WARN] [net.minecraft.client.resources.model.BlockStateModelLoader/]: Exception loading blockstate definition: 'createpropulsion:blockstates/advanced_tilt_adapter.json' missing model for variant: 'createpropulsion:advanced_tilt_adapter#aligned_x=true,axis=z,axis_along_first=true,facing=east,positive=true'
[28aug.2026 18:20:59.126] [Worker-ResourceReload-5/WARN] [net.minecraft.client.resources.model.BlockStateModelLoader/]: Exception loading blockstate definition: 'createpropulsion:blockstates/advanced_tilt_adapter.json' missing model for variant: 'createpropulsion:advanced_tilt_adapter#aligned_x=false,axis=y,axis_along_first=false,facing=north,positive=false'
[28aug.2026 18:20:59.126] [Worker-ResourceReload-5/WARN] [net.minecraft.client.resources.model.BlockStateModelLoader/]: Exception loading blockstate definition: 'createpropulsion:blockstates/advanced_tilt_adapter.json' missing model for variant: 'createpropulsion:advanced_tilt_adapter#aligned_x=false,axis=x,axis_along_first=false,facing=north,positive=true'
[28aug.2026 18:20:59.126] [Worker-ResourceReload-5/WARN] [net.minecraft.client.resources.model.BlockStateModelLoader/]: Exception loading blockstate definition: 'createpropulsion:blockstates/advanced_tilt_adapter.json' missing model for variant: 'createpropulsion:advanced_tilt_adapter#aligned_x=false,axis=z,axis_along_first=true,facing=west,positive=false'
[28aug.2026 18:20:59.126] [Worker-ResourceReload-5/WARN] [net.minecraft.client.resources.model.BlockStateModelLoader/]: Exception loading blockstate definition: 'createpropulsion:blockstates/advanced_tilt_adapter.json' missing model for variant: 'createpropulsion:advanced_tilt_adapter#aligned_x=true,axis=z,axis_along_first=true,facing=up,positive=false'
[28aug.2026 18:20:59.126] [Worker-ResourceReload-5/WARN] [net.minecraft.client.resources.model.BlockStateModelLoader/]: Exception loading blockstate definition: 'createpropulsion:blockstates/advanced_tilt_adapter.json' missing model for variant: 'createpropulsion:advanced_tilt_adapter#aligned_x=false,axis=x,axis_along_first=true,facing=north,positive=true'
[28aug.2026 18:20:59.126] [Worker-ResourceReload-5/WARN] [net.minecraft.client.resources.model.BlockStateModelLoader/]: Exception loading blockstate definition: 'createpropulsion:blockstates/advanced_tilt_adapter.json' missing model for variant: 'createpropulsion:advanced_tilt_adapter#aligned_x=false,axis=x,axis_along_first=false,facing=down,positive=true'
[28aug.2026 18:20:59.126] [Worker-ResourceReload-5/WARN] [net.minecraft.client.resources.model.BlockStateModelLoader/]: Exception loading blockstate definition: 'createpropulsion:blockstates/advanced_tilt_adapter.json' missing model for variant: 'createpropulsion:advanced_tilt_adapter#aligned_x=true,axis=x,axis_along_first=true,facing=up,positive=true'
[28aug.2026 18:20:59.126] [Worker-ResourceReload-5/WARN] [net.minecraft.client.resources.model.BlockStateModelLoader/]: Exception loading blockstate definition: 'createpropulsion:blockstates/advanced_tilt_adapter.json' missing model for variant: 'createpropulsion:advanced_tilt_adapter#aligned_x=true,axis=z,axis_along_first=false,facing=east,positive=true'
[28aug.2026 18:20:59.126] [Worker-ResourceReload-5/WARN] [net.minecraft.client.resources.model.BlockStateModelLoader/]: Exception loading blockstate definition: 'createpropulsion:blockstates/advanced_tilt_adapter.json' missing model for variant: 'createpropulsion:advanced_tilt_adapter#aligned_x=true,axis=y,axis_along_first=true,facing=west,positive=false'
[28aug.2026 18:20:59.126] [Worker-ResourceReload-5/WARN] [net.minecraft.client.resources.model.BlockStateModelLoader/]: Exception loading blockstate definition: 'createpropulsion:blockstates/advanced_tilt_adapter.json' missing model for variant: 'createpropulsion:advanced_tilt_adapter#aligned_x=false,axis=x,axis_along_first=true,facing=up,positive=true'
[28aug.2026 18:20:59.126] [Worker-ResourceReload-5/WARN] [net.minecraft.client.resources.model.BlockStateModelLoader/]: Exception loading blockstate definition: 'createpropulsion:blockstates/advanced_tilt_adapter.json' missing model for variant: 'createpropulsion:advanced_tilt_adapter#aligned_x=false,axis=y,axis_along_first=false,facing=south,positive=false'
[28aug.2026 18:20:59.126] [Worker-ResourceReload-5/WARN] [net.minecraft.client.resources.model.BlockStateModelLoader/]: Exception loading blockstate definition: 'createpropulsion:blockstates/advanced_tilt_adapter.json' missing model for variant: 'createpropulsion:advanced_tilt_adapter#aligned_x=false,axis=z,axis_along_first=true,facing=up,positive=false'
[28aug.2026 18:20:59.126] [Worker-ResourceReload-5/WARN] [net.minecraft.client.resources.model.BlockStateModelLoader/]: Exception loading blockstate definition: 'createpropulsion:blockstates/advanced_tilt_adapter.json' missing model for variant: 'createpropulsion:advanced_tilt_adapter#aligned_x=false,axis=x,axis_along_first=false,facing=south,positive=true'
[28aug.2026 18:20:59.126] [Worker-ResourceReload-5/WARN] [net.minecraft.client.resources.model.BlockStateModelLoader/]: Exception loading blockstate definition: 'createpropulsion:blockstates/advanced_tilt_adapter.json' missing model for variant: 'createpropulsion:advanced_tilt_adapter#aligned_x=false,axis=z,axis_along_first=false,facing=west,positive=true'
[28aug.2026 18:20:59.127] [Worker-ResourceReload-5/WARN] [net.minecraft.client.resources.model.BlockStateModelLoader/]: Exception loading blockstate definition: 'createpropulsion:blockstates/advanced_tilt_adapter.json' missing model for variant: 'createpropulsion:advanced_tilt_adapter#aligned_x=true,axis=x,axis_along_first=true,facing=south,positive=true'
[28aug.2026 18:20:59.127] [Worker-ResourceReload-5/WARN] [net.minecraft.client.resources.model.BlockStateModelLoader/]: Exception loading blockstate definition: 'createpropulsion:blockstates/advanced_tilt_adapter.json' missing model for variant: 'createpropulsion:advanced_tilt_adapter#aligned_x=false,axis=x,axis_along_first=true,facing=south,positive=true'
[28aug.2026 18:20:59.127] [Worker-ResourceReload-5/WARN] [net.minecraft.client.resources.model.BlockStateModelLoader/]: Exception loading blockstate definition: 'createpropulsion:blockstates/advanced_tilt_adapter.json' missing model for variant: 'createpropulsion:advanced_tilt_adapter#aligned_x=true,axis=z,axis_along_first=false,facing=west,positive=true'
[28aug.2026 18:20:59.127] [Worker-ResourceReload-5/WARN] [net.minecraft.client.resources.model.BlockStateModelLoader/]: Exception loading blockstate definition: 'createpropulsion:blockstates/advanced_tilt_adapter.json' missing model for variant: 'createpropulsion:advanced_tilt_adapter#aligned_x=false,axis=y,axis_along_first=true,facing=west,positive=true'
[28aug.2026 18:20:59.127] [Worker-ResourceReload-5/WARN] [net.minecraft.client.resources.model.BlockStateModelLoader/]: Exception loading blockstate definition: 'createpropulsion:blockstates/advanced_tilt_adapter.json' missing model for variant: 'createpropulsion:advanced_tilt_adapter#aligned_x=true,axis=z,axis_along_first=true,facing=down,positive=false'
[28aug.2026 18:20:59.127] [Worker-ResourceReload-5/WARN] [net.minecraft.client.resources.model.BlockStateModelLoader/]: Exception loading blockstate definition: 'createpropulsion:blockstates/advanced_tilt_adapter.json' missing model for variant: 'createpropulsion:advanced_tilt_adapter#aligned_x=false,axis=y,axis_along_first=true,facing=south,positive=false'
[28aug.2026 18:20:59.127] [Worker-ResourceReload-5/WARN] [net.minecraft.client.resources.model.BlockStateModelLoader/]: Exception loading blockstate definition: 'createpropulsion:blockstates/advanced_tilt_adapter.json' missing model for variant: 'createpropulsion:advanced_tilt_adapter#aligned_x=false,axis=x,axis_along_first=false,facing=up,positive=false'
[28aug.2026 18:20:59.127] [Worker-ResourceReload-5/WARN] [net.minecraft.client.resources.model.BlockStateModelLoader/]: Exception loading blockstate definition: 'createpropulsion:blockstates/advanced_tilt_adapter.json' missing model for variant: 'createpropulsion:advanced_tilt_adapter#aligned_x=false,axis=y,axis_along_first=true,facing=east,positive=true'
[28aug.2026 18:20:59.127] [Worker-ResourceReload-5/WARN] [net.minecraft.client.resources.model.BlockStateModelLoader/]: Exception loading blockstate definition: 'createpropulsion:blockstates/advanced_tilt_adapter.json' missing model for variant: 'createpropulsion:advanced_tilt_adapter#aligned_x=true,axis=z,axis_along_first=false,facing=east,positive=false'
[28aug.2026 18:20:59.127] [Worker-ResourceReload-5/WARN] [net.minecraft.client.resources.model.BlockStateModelLoader/]: Exception loading blockstate definition: 'createpropulsion:blockstates/advanced_tilt_adapter.json' missing model for variant: 'createpropulsion:advanced_tilt_adapter#aligned_x=false,axis=x,axis_along_first=false,facing=up,positive=true'
[28aug.2026 18:20:59.127] [Worker-ResourceReload-5/WARN] [net.minecraft.client.resources.model.BlockStateModelLoader/]: Exception loading blockstate definition: 'createpropulsion:blockstates/advanced_tilt_adapter.json' missing model for variant: 'createpropulsion:advanced_tilt_adapter#aligned_x=false,axis=z,axis_along_first=true,facing=east,positive=false'
[28aug.2026 18:20:59.127] [Worker-ResourceReload-5/WARN] [net.minecraft.client.resources.model.BlockStateModelLoader/]: Exception loading blockstate definition: 'createpropulsion:blockstates/advanced_tilt_adapter.json' missing model for variant: 'createpropulsion:advanced_tilt_adapter#aligned_x=true,axis=y,axis_along_first=true,facing=west,positive=true'
[28aug.2026 18:20:59.127] [Worker-ResourceReload-5/WARN] [net.minecraft.client.resources.model.BlockStateModelLoader/]: Exception loading blockstate definition: 'createpropulsion:blockstates/advanced_tilt_adapter.json' missing model for variant: 'createpropulsion:advanced_tilt_adapter#aligned_x=true,axis=y,axis_along_first=true,facing=north,positive=true'
[28aug.2026 18:20:59.127] [Worker-ResourceReload-5/WARN] [net.minecraft.client.resources.model.BlockStateModelLoader/]: Exception loading blockstate definition: 'createpropulsion:blockstates/advanced_tilt_adapter.json' missing model for variant: 'createpropulsion:advanced_tilt_adapter#aligned_x=false,axis=y,axis_along_first=false,facing=north,positive=true'
[28aug.2026 18:20:59.127] [Worker-ResourceReload-5/WARN] [net.minecraft.client.resources.model.BlockStateModelLoader/]: Exception loading blockstate definition: 'createpropulsion:blockstates/advanced_tilt_adapter.json' missing model for variant: 'createpropulsion:advanced_tilt_adapter#aligned_x=true,axis=y,axis_along_first=true,facing=north,positive=false'
[28aug.2026 18:20:59.127] [Worker-ResourceReload-5/WARN] [net.minecraft.client.resources.model.BlockStateModelLoader/]: Exception loading blockstate definition: 'createpropulsion:blockstates/advanced_tilt_adapter.json' missing model for variant: 'createpropulsion:advanced_tilt_adapter#aligned_x=true,axis=x,axis_along_first=true,facing=south,positive=false'
[28aug.2026 18:20:59.127] [Worker-ResourceReload-5/WARN] [net.minecraft.client.resources.model.BlockStateModelLoader/]: Exception loading blockstate definition: 'createpropulsion:blockstates/advanced_tilt_adapter.json' missing model for variant: 'createpropulsion:advanced_tilt_adapter#aligned_x=false,axis=y,axis_along_first=false,facing=east,positive=true'
[28aug.2026 18:20:59.127] [Worker-ResourceReload-5/WARN] [net.minecraft.client.resources.model.BlockStateModelLoader/]: Exception loading blockstate definition: 'createpropulsion:blockstates/advanced_tilt_adapter.json' missing model for variant: 'createpropulsion:advanced_tilt_adapter#aligned_x=true,axis=y,axis_along_first=false,facing=east,positive=true'
[28aug.2026 18:20:59.127] [Worker-ResourceReload-5/WARN] [net.minecraft.client.resources.model.BlockStateModelLoader/]: Exception loading blockstate definition: 'createpropulsion:blockstates/advanced_tilt_adapter.json' missing model for variant: 'createpropulsion:advanced_tilt_adapter#aligned_x=true,axis=x,axis_along_first=false,facing=south,positive=false'
[28aug.2026 18:20:59.127] [Worker-ResourceReload-5/WARN] [net.minecraft.client.resources.model.BlockStateModelLoader/]: Exception loading blockstate definition: 'createpropulsion:blockstates/advanced_tilt_adapter.json' missing model for variant: 'createpropulsion:advanced_tilt_adapter#aligned_x=false,axis=z,axis_along_first=false,facing=down,positive=false'
[28aug.2026 18:20:59.127] [Worker-ResourceReload-5/WARN] [net.minecraft.client.resources.model.BlockStateModelLoader/]: Exception loading blockstate definition: 'createpropulsion:blockstates/advanced_tilt_adapter.json' missing model for variant: 'createpropulsion:advanced_tilt_adapter#aligned_x=false,axis=x,axis_along_first=true,facing=up,positive=false'
[28aug.2026 18:20:59.127] [Worker-ResourceReload-5/WARN] [net.minecraft.client.resources.model.BlockStateModelLoader/]: Exception loading blockstate definition: 'createpropulsion:blockstates/advanced_tilt_adapter.json' missing model for variant: 'createpropulsion:advanced_tilt_adapter#aligned_x=false,axis=y,axis_along_first=true,facing=north,positive=true'
[28aug.2026 18:20:59.127] [Worker-ResourceReload-5/WARN] [net.minecraft.client.resources.model.BlockStateModelLoader/]: Exception loading blockstate definition: 'createpropulsion:blockstates/advanced_tilt_adapter.json' missing model for variant: 'createpropulsion:advanced_tilt_adapter#aligned_x=false,axis=z,axis_along_first=true,facing=down,positive=false'
[28aug.2026 18:20:59.127] [Worker-ResourceReload-5/WARN] [net.minecraft.client.resources.model.BlockStateModelLoader/]: Exception loading blockstate definition: 'createpropulsion:blockstates/advanced_tilt_adapter.json' missing model for variant: 'createpropulsion:advanced_tilt_adapter#aligned_x=true,axis=y,axis_along_first=false,facing=west,positive=true'
[28aug.2026 18:20:59.127] [Worker-ResourceReload-5/WARN] [net.minecraft.client.resources.model.BlockStateModelLoader/]: Exception loading blockstate definition: 'createpropulsion:blockstates/advanced_tilt_adapter.json' missing model for variant: 'createpropulsion:advanced_tilt_adapter#aligned_x=false,axis=x,axis_along_first=false,facing=south,positive=false'
[28aug.2026 18:20:59.127] [Worker-ResourceReload-5/WARN] [net.minecraft.client.resources.model.BlockStateModelLoader/]: Exception loading blockstate definition: 'createpropulsion:blockstates/advanced_tilt_adapter.json' missing model for variant: 'createpropulsion:advanced_tilt_adapter#aligned_x=false,axis=x,axis_along_first=true,facing=down,positive=false'
[28aug.2026 18:20:59.127] [Worker-ResourceReload-5/WARN] [net.minecraft.client.resources.model.BlockStateModelLoader/]: Exception loading blockstate definition: 'createpropulsion:blockstates/advanced_tilt_adapter.json' missing model for variant: 'createpropulsion:advanced_tilt_adapter#aligned_x=true,axis=x,axis_along_first=true,facing=down,positive=false'
[28aug.2026 18:20:59.127] [Worker-ResourceReload-5/WARN] [net.minecraft.client.resources.model.BlockStateModelLoader/]: Exception loading blockstate definition: 'createpropulsion:blockstates/advanced_tilt_adapter.json' missing model for variant: 'createpropulsion:advanced_tilt_adapter#aligned_x=false,axis=z,axis_along_first=true,facing=west,positive=true'
[28aug.2026 18:20:59.127] [Worker-ResourceReload-5/WARN] [net.minecraft.client.resources.model.BlockStateModelLoader/]: Exception loading blockstate definition: 'createpropulsion:blockstates/advanced_tilt_adapter.json' missing model for variant: 'createpropulsion:advanced_tilt_adapter#aligned_x=false,axis=x,axis_along_first=true,facing=south,positive=false'
[28aug.2026 18:20:59.127] [Worker-ResourceReload-5/WARN] [net.minecraft.client.resources.model.BlockStateModelLoader/]: Exception loading blockstate definition: 'createpropulsion:blockstates/advanced_tilt_adapter.json' missing model for variant: 'createpropulsion:advanced_tilt_adapter#aligned_x=false,axis=y,axis_along_first=false,facing=west,positive=false'
[28aug.2026 18:20:59.127] [Worker-ResourceReload-5/WARN] [net.minecraft.client.resources.model.BlockStateModelLoader/]: Exception loading blockstate definition: 'createpropulsion:blockstates/advanced_tilt_adapter.json' missing model for variant: 'createpropulsion:advanced_tilt_adapter#aligned_x=true,axis=z,axis_along_first=true,facing=up,positive=true'
[28aug.2026 18:20:59.127] [Worker-ResourceReload-5/WARN] [net.minecraft.client.resources.model.BlockStateModelLoader/]: Exception loading blockstate definition: 'createpropulsion:blockstates/advanced_tilt_adapter.json' missing model for variant: 'createpropulsion:advanced_tilt_adapter#aligned_x=true,axis=y,axis_along_first=true,facing=east,positive=true'
[28aug.2026 18:20:59.127] [Worker-ResourceReload-5/WARN] [net.minecraft.client.resources.model.BlockStateModelLoader/]: Exception loading blockstate definition: 'createpropulsion:blockstates/advanced_tilt_adapter.json' missing model for variant: 'createpropulsion:advanced_tilt_adapter#aligned_x=false,axis=x,axis_along_first=false,facing=north,positive=false'
[28aug.2026 18:20:59.127] [Worker-ResourceReload-5/WARN] [net.minecraft.client.resources.model.BlockStateModelLoader/]: Exception loading blockstate definition: 'createpropulsion:blockstates/advanced_tilt_adapter.json' missing model for variant: 'createpropulsion:advanced_tilt_adapter#aligned_x=false,axis=z,axis_along_first=true,facing=up,positive=true'
[28aug.2026 18:20:59.128] [Worker-ResourceReload-5/WARN] [net.minecraft.client.resources.model.BlockStateModelLoader/]: Exception loading blockstate definition: 'createpropulsion:blockstates/advanced_tilt_adapter.json' missing model for variant: 'createpropulsion:advanced_tilt_adapter#aligned_x=true,axis=y,axis_along_first=false,facing=south,positive=false'
[28aug.2026 18:20:59.128] [Worker-ResourceReload-5/WARN] [net.minecraft.client.resources.model.BlockStateModelLoader/]: Exception loading blockstate definition: 'createpropulsion:blockstates/advanced_tilt_adapter.json' missing model for variant: 'createpropulsion:advanced_tilt_adapter#aligned_x=false,axis=z,axis_along_first=false,facing=up,positive=true'
[28aug.2026 18:20:59.128] [Worker-ResourceReload-5/WARN] [net.minecraft.client.resources.model.BlockStateModelLoader/]: Exception loading blockstate definition: 'createpropulsion:blockstates/advanced_tilt_adapter.json' missing model for variant: 'createpropulsion:advanced_tilt_adapter#aligned_x=true,axis=x,axis_along_first=true,facing=up,positive=false'
[28aug.2026 18:20:59.128] [Worker-ResourceReload-5/WARN] [net.minecraft.client.resources.model.BlockStateModelLoader/]: Exception loading blockstate definition: 'createpropulsion:blockstates/advanced_tilt_adapter.json' missing model for variant: 'createpropulsion:advanced_tilt_adapter#aligned_x=true,axis=x,axis_along_first=false,facing=north,positive=true'
[28aug.2026 18:20:59.128] [Worker-ResourceReload-5/WARN] [net.minecraft.client.resources.model.BlockStateModelLoader/]: Exception loading blockstate definition: 'createpropulsion:blockstates/advanced_tilt_adapter.json' missing model for variant: 'createpropulsion:advanced_tilt_adapter#aligned_x=true,axis=x,axis_along_first=false,facing=south,positive=true'
[28aug.2026 18:20:59.128] [Worker-ResourceReload-5/WARN] [net.minecraft.client.resources.model.BlockStateModelLoader/]: Exception loading blockstate definition: 'createpropulsion:blockstates/advanced_tilt_adapter.json' missing model for variant: 'createpropulsion:advanced_tilt_adapter#aligned_x=true,axis=z,axis_along_first=false,facing=down,positive=false'
[28aug.2026 18:20:59.128] [Worker-ResourceReload-5/WARN] [net.minecraft.client.resources.model.BlockStateModelLoader/]: Exception loading blockstate definition: 'createpropulsion:blockstates/advanced_tilt_adapter.json' missing model for variant: 'createpropulsion:advanced_tilt_adapter#aligned_x=false,axis=z,axis_along_first=false,facing=east,positive=false'
[28aug.2026 18:20:59.128] [Worker-ResourceReload-5/WARN] [net.minecraft.client.resources.model.BlockStateModelLoader/]: Exception loading blockstate definition: 'createpropulsion:blockstates/advanced_tilt_adapter.json' missing model for variant: 'createpropulsion:advanced_tilt_adapter#aligned_x=true,axis=y,axis_along_first=true,facing=south,positive=false'
[28aug.2026 18:20:59.128] [Worker-ResourceReload-5/WARN] [net.minecraft.client.resources.model.BlockStateModelLoader/]: Exception loading blockstate definition: 'createpropulsion:blockstates/advanced_tilt_adapter.json' missing model for variant: 'createpropulsion:advanced_tilt_adapter#aligned_x=true,axis=z,axis_along_first=true,facing=east,positive=false'
[28aug.2026 18:20:59.128] [Worker-ResourceReload-5/WARN] [net.minecraft.client.resources.model.BlockStateModelLoader/]: Exception loading blockstate definition: 'createpropulsion:blockstates/advanced_tilt_adapter.json' missing model for variant: 'createpropulsion:advanced_tilt_adapter#aligned_x=false,axis=x,axis_along_first=true,facing=north,positive=false'
[28aug.2026 18:20:59.128] [Worker-ResourceReload-5/WARN] [net.minecraft.client.resources.model.BlockStateModelLoader/]: Exception loading blockstate definition: 'createpropulsion:blockstates/advanced_tilt_adapter.json' missing model for variant: 'createpropulsion:advanced_tilt_adapter#aligned_x=false,axis=z,axis_along_first=false,facing=up,positive=false'
[28aug.2026 18:20:59.128] [Worker-ResourceReload-5/WARN] [net.minecraft.client.resources.model.BlockStateModelLoader/]: Exception loading blockstate definition: 'createpropulsion:blockstates/advanced_tilt_adapter.json' missing model for variant: 'createpropulsion:advanced_tilt_adapter#aligned_x=true,axis=z,axis_along_first=false,facing=west,positive=false'
[28aug.2026 18:20:59.128] [Worker-ResourceReload-5/WARN] [net.minecraft.client.resources.model.BlockStateModelLoader/]: Exception loading blockstate definition: 'createpropulsion:blockstates/advanced_tilt_adapter.json' missing model for variant: 'createpropulsion:advanced_tilt_adapter#aligned_x=true,axis=y,axis_along_first=false,facing=north,positive=false'
[28aug.2026 18:20:59.150] [Worker-ResourceReload-5/WARN] [net.minecraft.client.resources.model.BlockStateModelLoader/]: Exception loading blockstate definition: 'createpropulsion:blockstates/coral.json' missing model for variant: 'createpropulsion:coral#level=5'
[28aug.2026 18:20:59.150] [Worker-ResourceReload-5/WARN] [net.minecraft.client.resources.model.BlockStateModelLoader/]: Exception loading blockstate definition: 'createpropulsion:blockstates/coral.json' missing model for variant: 'createpropulsion:coral#level=6'
[28aug.2026 18:20:59.150] [Worker-ResourceReload-5/WARN] [net.minecraft.client.resources.model.BlockStateModelLoader/]: Exception loading blockstate definition: 'createpropulsion:blockstates/coral.json' missing model for variant: 'createpropulsion:coral#level=3'
[28aug.2026 18:20:59.150] [Worker-ResourceReload-5/WARN] [net.minecraft.client.resources.model.BlockStateModelLoader/]: Exception loading blockstate definition: 'createpropulsion:blockstates/coral.json' missing model for variant: 'createpropulsion:coral#level=4'
[28aug.2026 18:20:59.151] [Worker-ResourceReload-5/WARN] [net.minecraft.client.resources.model.BlockStateModelLoader/]: Exception loading blockstate definition: 'createpropulsion:blockstates/coral.json' missing model for variant: 'createpropulsion:coral#level=1'
[28aug.2026 18:20:59.151] [Worker-ResourceReload-5/WARN] [net.minecraft.client.resources.model.BlockStateModelLoader/]: Exception loading blockstate definition: 'createpropulsion:blockstates/coral.json' missing model for variant: 'createpropulsion:coral#level=2'
[28aug.2026 18:20:59.151] [Worker-ResourceReload-5/WARN] [net.minecraft.client.resources.model.BlockStateModelLoader/]: Exception loading blockstate definition: 'createpropulsion:blockstates/coral.json' missing model for variant: 'createpropulsion:coral#level=0'
[28aug.2026 18:20:59.151] [Worker-ResourceReload-5/WARN] [net.minecraft.client.resources.model.BlockStateModelLoader/]: Exception loading blockstate definition: 'createpropulsion:blockstates/coral.json' missing model for variant: 'createpropulsion:coral#level=14'
[28aug.2026 18:20:59.151] [Worker-ResourceReload-5/WARN] [net.minecraft.client.resources.model.BlockStateModelLoader/]: Exception loading blockstate definition: 'createpropulsion:blockstates/coral.json' missing model for variant: 'createpropulsion:coral#level=15'
[28aug.2026 18:20:59.151] [Worker-ResourceReload-5/WARN] [net.minecraft.client.resources.model.BlockStateModelLoader/]: Exception loading blockstate definition: 'createpropulsion:blockstates/coral.json' missing model for variant: 'createpropulsion:coral#level=12'
[28aug.2026 18:20:59.151] [Worker-ResourceReload-5/WARN] [net.minecraft.client.resources.model.BlockStateModelLoader/]: Exception loading blockstate definition: 'createpropulsion:blockstates/coral.json' missing model for variant: 'createpropulsion:coral#level=13'
[28aug.2026 18:20:59.151] [Worker-ResourceReload-5/WARN] [net.minecraft.client.resources.model.BlockStateModelLoader/]: Exception loading blockstate definition: 'createpropulsion:blockstates/coral.json' missing model for variant: 'createpropulsion:coral#level=9'
[28aug.2026 18:20:59.151] [Worker-ResourceReload-5/WARN] [net.minecraft.client.resources.model.BlockStateModelLoader/]: Exception loading blockstate definition: 'createpropulsion:blockstates/coral.json' missing model for variant: 'createpropulsion:coral#level=10'
[28aug.2026 18:20:59.151] [Worker-ResourceReload-5/WARN] [net.minecraft.client.resources.model.BlockStateModelLoader/]: Exception loading blockstate definition: 'createpropulsion:blockstates/coral.json' missing model for variant: 'createpropulsion:coral#level=11'
[28aug.2026 18:20:59.151] [Worker-ResourceReload-5/WARN] [net.minecraft.client.resources.model.BlockStateModelLoader/]: Exception loading blockstate definition: 'createpropulsion:blockstates/coral.json' missing model for variant: 'createpropulsion:coral#level=7'
[28aug.2026 18:20:59.151] [Worker-ResourceReload-5/WARN] [net.minecraft.client.resources.model.BlockStateModelLoader/]: Exception loading blockstate definition: 'createpropulsion:blockstates/coral.json' missing model for variant: 'createpropulsion:coral#level=8'
[28aug.2026 18:20:59.151] [Worker-ResourceReload-5/WARN] [net.minecraft.client.resources.model.BlockStateModelLoader/]: Exception loading blockstate definition: 'createpropulsion:blockstates/oxidizer.json' missing model for variant: 'createpropulsion:oxidizer#level=1'
[28aug.2026 18:20:59.151] [Worker-ResourceReload-5/WARN] [net.minecraft.client.resources.model.BlockStateModelLoader/]: Exception loading blockstate definition: 'createpropulsion:blockstates/oxidizer.json' missing model for variant: 'createpropulsion:oxidizer#level=0'
[28aug.2026 18:20:59.151] [Worker-ResourceReload-5/WARN] [net.minecraft.client.resources.model.BlockStateModelLoader/]: Exception loading blockstate definition: 'createpropulsion:blockstates/oxidizer.json' missing model for variant: 'createpropulsion:oxidizer#level=3'
[28aug.2026 18:20:59.151] [Worker-ResourceReload-5/WARN] [net.minecraft.client.resources.model.BlockStateModelLoader/]: Exception loading blockstate definition: 'createpropulsion:blockstates/oxidizer.json' missing model for variant: 'createpropulsion:oxidizer#level=2'
[28aug.2026 18:20:59.151] [Worker-ResourceReload-5/WARN] [net.minecraft.client.resources.model.BlockStateModelLoader/]: Exception loading blockstate definition: 'createpropulsion:blockstates/oxidizer.json' missing model for variant: 'createpropulsion:oxidizer#level=5'
[28aug.2026 18:20:59.152] [Worker-ResourceReload-5/WARN] [net.minecraft.client.resources.model.BlockStateModelLoader/]: Exception loading blockstate definition: 'createpropulsion:blockstates/oxidizer.json' missing model for variant: 'createpropulsion:oxidizer#level=4'
[28aug.2026 18:20:59.152] [Worker-ResourceReload-5/WARN] [net.minecraft.client.resources.model.BlockStateModelLoader/]: Exception loading blockstate definition: 'createpropulsion:blockstates/oxidizer.json' missing model for variant: 'createpropulsion:oxidizer#level=7'
[28aug.2026 18:20:59.152] [Worker-ResourceReload-5/WARN] [net.minecraft.client.resources.model.BlockStateModelLoader/]: Exception loading blockstate definition: 'createpropulsion:blockstates/oxidizer.json' missing model for variant: 'createpropulsion:oxidizer#level=6'
[28aug.2026 18:20:59.152] [Worker-ResourceReload-5/WARN] [net.minecraft.client.resources.model.BlockStateModelLoader/]: Exception loading blockstate definition: 'createpropulsion:blockstates/oxidizer.json' missing model for variant: 'createpropulsion:oxidizer#level=9'
[28aug.2026 18:20:59.152] [Worker-ResourceReload-5/WARN] [net.minecraft.client.resources.model.BlockStateModelLoader/]: Exception loading blockstate definition: 'createpropulsion:blockstates/oxidizer.json' missing model for variant: 'createpropulsion:oxidizer#level=11'
[28aug.2026 18:20:59.152] [Worker-ResourceReload-5/WARN] [net.minecraft.client.resources.model.BlockStateModelLoader/]: Exception loading blockstate definition: 'createpropulsion:blockstates/oxidizer.json' missing model for variant: 'createpropulsion:oxidizer#level=8'
[28aug.2026 18:20:59.152] [Worker-ResourceReload-5/WARN] [net.minecraft.client.resources.model.BlockStateModelLoader/]: Exception loading blockstate definition: 'createpropulsion:blockstates/oxidizer.json' missing model for variant: 'createpropulsion:oxidizer#level=12'
[28aug.2026 18:20:59.152] [Worker-ResourceReload-5/WARN] [net.minecraft.client.resources.model.BlockStateModelLoader/]: Exception loading blockstate definition: 'createpropulsion:blockstates/oxidizer.json' missing model for variant: 'createpropulsion:oxidizer#level=10'
[28aug.2026 18:20:59.152] [Worker-ResourceReload-5/WARN] [net.minecraft.client.resources.model.BlockStateModelLoader/]: Exception loading blockstate definition: 'createpropulsion:blockstates/oxidizer.json' missing model for variant: 'createpropulsion:oxidizer#level=15'
[28aug.2026 18:20:59.152] [Worker-ResourceReload-5/WARN] [net.minecraft.client.resources.model.BlockStateModelLoader/]: Exception loading blockstate definition: 'createpropulsion:blockstates/oxidizer.json' missing model for variant: 'createpropulsion:oxidizer#level=13'
[28aug.2026 18:20:59.152] [Worker-ResourceReload-5/WARN] [net.minecraft.client.resources.model.BlockStateModelLoader/]: Exception loading blockstate definition: 'createpropulsion:blockstates/oxidizer.json' missing model for variant: 'createpropulsion:oxidizer#level=14'
[28aug.2026 18:20:59.175] [Worker-ResourceReload-5/WARN] [net.minecraft.client.resources.model.BlockStateModelLoader/]: Exception loading blockstate definition: 'aeroengineering:blockstates/aviation_kerosene.json' missing model for variant: 'aeroengineering:aviation_kerosene#level=1'
[28aug.2026 18:20:59.175] [Worker-ResourceReload-5/WARN] [net.minecraft.client.resources.model.BlockStateModelLoader/]: Exception loading blockstate definition: 'aeroengineering:blockstates/aviation_kerosene.json' missing model for variant: 'aeroengineering:aviation_kerosene#level=2'
[28aug.2026 18:20:59.175] [Worker-ResourceReload-5/WARN] [net.minecraft.client.resources.model.BlockStateModelLoader/]: Exception loading blockstate definition: 'aeroengineering:blockstates/aviation_kerosene.json' missing model for variant: 'aeroengineering:aviation_kerosene#level=3'
[28aug.2026 18:20:59.175] [Worker-ResourceReload-5/WARN] [net.minecraft.client.resources.model.BlockStateModelLoader/]: Exception loading blockstate definition: 'aeroengineering:blockstates/aviation_kerosene.json' missing model for variant: 'aeroengineering:aviation_kerosene#level=4'
[28aug.2026 18:20:59.175] [Worker-ResourceReload-5/WARN] [net.minecraft.client.resources.model.BlockStateModelLoader/]: Exception loading blockstate definition: 'aeroengineering:blockstates/aviation_kerosene.json' missing model for variant: 'aeroengineering:aviation_kerosene#level=15'
[28aug.2026 18:20:59.175] [Worker-ResourceReload-5/WARN] [net.minecraft.client.resources.model.BlockStateModelLoader/]: Exception loading blockstate definition: 'aeroengineering:blockstates/aviation_kerosene.json' missing model for variant: 'aeroengineering:aviation_kerosene#level=14'
[28aug.2026 18:20:59.175] [Worker-ResourceReload-5/WARN] [net.minecraft.client.resources.model.BlockStateModelLoader/]: Exception loading blockstate definition: 'aeroengineering:blockstates/aviation_kerosene.json' missing model for variant: 'aeroengineering:aviation_kerosene#level=0'
[28aug.2026 18:20:59.175] [Worker-ResourceReload-5/WARN] [net.minecraft.client.resources.model.BlockStateModelLoader/]: Exception loading blockstate definition: 'aeroengineering:blockstates/aviation_kerosene.json' missing model for variant: 'aeroengineering:aviation_kerosene#level=9'
[28aug.2026 18:20:59.175] [Worker-ResourceReload-5/WARN] [net.minecraft.client.resources.model.BlockStateModelLoader/]: Exception loading blockstate definition: 'aeroengineering:blockstates/aviation_kerosene.json' missing model for variant: 'aeroengineering:aviation_kerosene#level=11'
[28aug.2026 18:20:59.175] [Worker-ResourceReload-5/WARN] [net.minecraft.client.resources.model.BlockStateModelLoader/]: Exception loading blockstate definition: 'aeroengineering:blockstates/aviation_kerosene.json' missing model for variant: 'aeroengineering:aviation_kerosene#level=10'
[28aug.2026 18:20:59.175] [Worker-ResourceReload-5/WARN] [net.minecraft.client.resources.model.BlockStateModelLoader/]: Exception loading blockstate definition: 'aeroengineering:blockstates/aviation_kerosene.json' missing model for variant: 'aeroengineering:aviation_kerosene#level=13'
[28aug.2026 18:20:59.175] [Worker-ResourceReload-5/WARN] [net.minecraft.client.resources.model.BlockStateModelLoader/]: Exception loading blockstate definition: 'aeroengineering:blockstates/aviation_kerosene.json' missing model for variant: 'aeroengineering:aviation_kerosene#level=12'
[28aug.2026 18:20:59.175] [Worker-ResourceReload-5/WARN] [net.minecraft.client.resources.model.BlockStateModelLoader/]: Exception loading blockstate definition: 'aeroengineering:blockstates/aviation_kerosene.json' missing model for variant: 'aeroengineering:aviation_kerosene#level=5'
[28aug.2026 18:20:59.175] [Worker-ResourceReload-5/WARN] [net.minecraft.client.resources.model.BlockStateModelLoader/]: Exception loading blockstate definition: 'aeroengineering:blockstates/aviation_kerosene.json' missing model for variant: 'aeroengineering:aviation_kerosene#level=6'
[28aug.2026 18:20:59.175] [Worker-ResourceReload-5/WARN] [net.minecraft.client.resources.model.BlockStateModelLoader/]: Exception loading blockstate definition: 'aeroengineering:blockstates/aviation_kerosene.json' missing model for variant: 'aeroengineering:aviation_kerosene#level=7'
[28aug.2026 18:20:59.175] [Worker-ResourceReload-5/WARN] [net.minecraft.client.resources.model.BlockStateModelLoader/]: Exception loading blockstate definition: 'aeroengineering:blockstates/aviation_kerosene.json' missing model for variant: 'aeroengineering:aviation_kerosene#level=8'
[28aug.2026 18:20:59.359] [Worker-ResourceReload-5/WARN] [net.minecraft.client.resources.model.ModelBakery/]: Unable to load model: 'forbidden_arcanus:item/omega_arcoin' referenced from: forbidden_arcanus:item/omega_arcoin: java.io.FileNotFoundException: forbidden_arcanus:models/item/omega_arcoin.json
[28aug.2026 18:20:59.359] [Worker-ResourceReload-5/WARN] [net.minecraft.client.resources.model.ModelBakery/]: Unable to load model: 'forbidden_arcanus:item/reinforced_deorum_hoe' referenced from: forbidden_arcanus:item/reinforced_deorum_hoe: java.io.FileNotFoundException: forbidden_arcanus:models/item/reinforced_deorum_hoe.json
[28aug.2026 18:20:59.390] [Worker-ResourceReload-5/WARN] [net.minecraft.client.resources.model.ModelBakery/]: Unable to load model: 'forbidden_arcanus:item/reinforced_deorum_sword' referenced from: forbidden_arcanus:item/reinforced_deorum_sword: java.io.FileNotFoundException: forbidden_arcanus:models/item/reinforced_deorum_sword.json
[28aug.2026 18:20:59.433] [Worker-ResourceReload-5/WARN] [net.minecraft.client.resources.model.ModelBakery/]: Unable to load model: 'forbidden_arcanus:item/reinforced_deorum_shovel' referenced from: forbidden_arcanus:item/reinforced_deorum_shovel: java.io.FileNotFoundException: forbidden_arcanus:models/item/reinforced_deorum_shovel.json
[28aug.2026 18:20:59.468] [Worker-ResourceReload-5/WARN] [net.minecraft.client.resources.model.ModelBakery/]: Unable to load model: 'forbidden_arcanus:item/reinforced_deorum_axe' referenced from: forbidden_arcanus:item/reinforced_deorum_axe: java.io.FileNotFoundException: forbidden_arcanus:models/item/reinforced_deorum_axe.json
[28aug.2026 18:20:59.472] [Worker-ResourceReload-5/WARN] [net.minecraft.client.resources.model.ModelBakery/]: Unable to load model: 'forbidden_arcanus:item/reinforced_deorum_pickaxe' referenced from: forbidden_arcanus:item/reinforced_deorum_pickaxe: java.io.FileNotFoundException: forbidden_arcanus:models/item/reinforced_deorum_pickaxe.json
[28aug.2026 18:20:59.525] [Worker-ResourceReload-5/WARN] [net.minecraft.client.resources.model.ModelBakery/]: Unable to load model: 'bits_n_bobs:block/chain_pulley/chain_rope_half_magnet' referenced from: bits_n_bobs:block/chain_pulley/chain_rope_half_magnet: java.io.FileNotFoundException: bits_n_bobs:models/block/chain_pulley/chain_rope_half_magnet.json
[28aug.2026 18:20:59.529] [Worker-ResourceReload-5/WARN] [net.minecraft.client.resources.model.ModelBakery/]: Unable to load model: 'minecraft:compass_11' referenced from: minecraft:compass_11: java.io.FileNotFoundException: minecraft:models/compass_11.json
[28aug.2026 18:20:59.529] [Worker-ResourceReload-5/WARN] [net.minecraft.client.resources.model.ModelBakery/]: Unable to load model: 'minecraft:compass_10' referenced from: minecraft:compass_10: java.io.FileNotFoundException: minecraft:models/compass_10.json
[28aug.2026 18:20:59.530] [Worker-ResourceReload-5/WARN] [net.minecraft.client.resources.model.ModelBakery/]: Unable to load model: 'minecraft:compass_09' referenced from: minecraft:compass_09: java.io.FileNotFoundException: minecraft:models/compass_09.json
[28aug.2026 18:20:59.530] [Worker-ResourceReload-5/WARN] [net.minecraft.client.resources.model.ModelBakery/]: Unable to load model: 'minecraft:compass' referenced from: minecraft:compass: java.io.FileNotFoundException: minecraft:models/compass.json
[28aug.2026 18:20:59.531] [Worker-ResourceReload-5/WARN] [net.minecraft.client.resources.model.ModelBakery/]: Unable to load model: 'minecraft:compass_01' referenced from: minecraft:compass_01: java.io.FileNotFoundException: minecraft:models/compass_01.json
[28aug.2026 18:20:59.531] [Worker-ResourceReload-5/WARN] [net.minecraft.client.resources.model.ModelBakery/]: Unable to load model: 'minecraft:compass_00' referenced from: minecraft:compass_00: java.io.FileNotFoundException: minecraft:models/compass_00.json
[28aug.2026 18:20:59.531] [Worker-ResourceReload-5/WARN] [net.minecraft.client.resources.model.ModelBakery/]: Unable to load model: 'minecraft:compass_03' referenced from: minecraft:compass_03: java.io.FileNotFoundException: minecraft:models/compass_03.json
[28aug.2026 18:20:59.531] [Worker-ResourceReload-5/WARN] [net.minecraft.client.resources.model.ModelBakery/]: Unable to load model: 'minecraft:compass_02' referenced from: minecraft:compass_02: java.io.FileNotFoundException: minecraft:models/compass_02.json
[28aug.2026 18:20:59.531] [Worker-ResourceReload-5/WARN] [net.minecraft.client.resources.model.ModelBakery/]: Unable to load model: 'minecraft:compass_05' referenced from: minecraft:compass_05: java.io.FileNotFoundException: minecraft:models/compass_05.json
[28aug.2026 18:20:59.531] [Worker-ResourceReload-5/WARN] [net.minecraft.client.resources.model.ModelBakery/]: Unable to load model: 'minecraft:compass_06' referenced from: minecraft:compass_06: java.io.FileNotFoundException: minecraft:models/compass_06.json
[28aug.2026 18:20:59.531] [Worker-ResourceReload-5/WARN] [net.minecraft.client.resources.model.ModelBakery/]: Unable to load model: 'minecraft:compass_04' referenced from: minecraft:compass_04: java.io.FileNotFoundException: minecraft:models/compass_04.json
[28aug.2026 18:20:59.532] [Worker-ResourceReload-5/WARN] [net.minecraft.client.resources.model.ModelBakery/]: Unable to load model: 'minecraft:compass_08' referenced from: minecraft:compass_08: java.io.FileNotFoundException: minecraft:models/compass_08.json
[28aug.2026 18:20:59.532] [Worker-ResourceReload-5/WARN] [net.minecraft.client.resources.model.ModelBakery/]: Unable to load model: 'minecraft:compass_07' referenced from: minecraft:compass_07: java.io.FileNotFoundException: minecraft:models/compass_07.json
[28aug.2026 18:20:59.532] [Worker-ResourceReload-5/WARN] [net.minecraft.client.resources.model.ModelBakery/]: Unable to load model: 'minecraft:compass_21' referenced from: minecraft:compass_21: java.io.FileNotFoundException: minecraft:models/compass_21.json
[28aug.2026 18:20:59.532] [Worker-ResourceReload-5/WARN] [net.minecraft.client.resources.model.ModelBakery/]: Unable to load model: 'minecraft:compass_20' referenced from: minecraft:compass_20: java.io.FileNotFoundException: minecraft:models/compass_20.json
[28aug.2026 18:20:59.532] [Worker-ResourceReload-5/WARN] [net.minecraft.client.resources.model.ModelBakery/]: Unable to load model: 'minecraft:compass_23' referenced from: minecraft:compass_23: java.io.FileNotFoundException: minecraft:models/compass_23.json
[28aug.2026 18:20:59.532] [Worker-ResourceReload-5/WARN] [net.minecraft.client.resources.model.ModelBakery/]: Unable to load model: 'minecraft:compass_22' referenced from: minecraft:compass_22: java.io.FileNotFoundException: minecraft:models/compass_22.json
[28aug.2026 18:20:59.534] [Worker-ResourceReload-5/WARN] [net.minecraft.client.resources.model.ModelBakery/]: Unable to load model: 'minecraft:compass_13' referenced from: minecraft:compass_13: java.io.FileNotFoundException: minecraft:models/compass_13.json
[28aug.2026 18:20:59.534] [Worker-ResourceReload-5/WARN] [net.minecraft.client.resources.model.ModelBakery/]: Unable to load model: 'minecraft:compass_12' referenced from: minecraft:compass_12: java.io.FileNotFoundException: minecraft:models/compass_12.json
[28aug.2026 18:20:59.534] [Worker-ResourceReload-5/WARN] [net.minecraft.client.resources.model.ModelBakery/]: Unable to load model: 'minecraft:compass_15' referenced from: minecraft:compass_15: java.io.FileNotFoundException: minecraft:models/compass_15.json
[28aug.2026 18:20:59.534] [Worker-ResourceReload-5/WARN] [net.minecraft.client.resources.model.ModelBakery/]: Unable to load model: 'minecraft:compass_14' referenced from: minecraft:compass_14: java.io.FileNotFoundException: minecraft:models/compass_14.json
[28aug.2026 18:20:59.535] [Worker-ResourceReload-5/WARN] [net.minecraft.client.resources.model.ModelBakery/]: Unable to load model: 'minecraft:compass_18' referenced from: minecraft:compass_18: java.io.FileNotFoundException: minecraft:models/compass_18.json
[28aug.2026 18:20:59.535] [Worker-ResourceReload-5/WARN] [net.minecraft.client.resources.model.ModelBakery/]: Unable to load model: 'minecraft:compass_17' referenced from: minecraft:compass_17: java.io.FileNotFoundException: minecraft:models/compass_17.json
[28aug.2026 18:20:59.535] [Worker-ResourceReload-5/WARN] [net.minecraft.client.resources.model.ModelBakery/]: Unable to load model: 'createpropulsion:partial/lodestone_tracker_overlay' referenced from: createpropulsion:partial/lodestone_tracker_overlay: java.io.FileNotFoundException: createpropulsion:models/partial/lodestone_tracker_overlay.json
[28aug.2026 18:20:59.535] [Worker-ResourceReload-5/WARN] [net.minecraft.client.resources.model.ModelBakery/]: Unable to load model: 'minecraft:compass_19' referenced from: minecraft:compass_19: java.io.FileNotFoundException: minecraft:models/compass_19.json
[28aug.2026 18:20:59.535] [Worker-ResourceReload-5/WARN] [net.minecraft.client.resources.model.ModelBakery/]: Unable to load model: 'minecraft:compass_31' referenced from: minecraft:compass_31: java.io.FileNotFoundException: minecraft:models/compass_31.json
[28aug.2026 18:20:59.535] [Worker-ResourceReload-5/WARN] [net.minecraft.client.resources.model.ModelBakery/]: Unable to load model: 'minecraft:compass_30' referenced from: minecraft:compass_30: java.io.FileNotFoundException: minecraft:models/compass_30.json
[28aug.2026 18:20:59.536] [Worker-ResourceReload-5/WARN] [net.minecraft.client.resources.model.ModelBakery/]: Unable to load model: 'create:block/belt' referenced from: tracks:block/track_link: java.io.FileNotFoundException: create:models/block/belt.json
[28aug.2026 18:20:59.536] [Worker-ResourceReload-5/WARN] [net.minecraft.client.resources.model.ModelBakery/]: Unable to load model: 'minecraft:compass_25' referenced from: minecraft:compass_25: java.io.FileNotFoundException: minecraft:models/compass_25.json
[28aug.2026 18:20:59.536] [Worker-ResourceReload-5/WARN] [net.minecraft.client.resources.model.ModelBakery/]: Unable to load model: 'minecraft:compass_24' referenced from: minecraft:compass_24: java.io.FileNotFoundException: minecraft:models/compass_24.json
[28aug.2026 18:20:59.536] [Worker-ResourceReload-5/WARN] [net.minecraft.client.resources.model.ModelBakery/]: Unable to load model: 'minecraft:compass_27' referenced from: minecraft:compass_27: java.io.FileNotFoundException: minecraft:models/compass_27.json
[28aug.2026 18:20:59.537] [Worker-ResourceReload-5/WARN] [net.minecraft.client.resources.model.ModelBakery/]: Unable to load model: 'minecraft:compass_28' referenced from: minecraft:compass_28: java.io.FileNotFoundException: minecraft:models/compass_28.json
[28aug.2026 18:20:59.537] [Worker-ResourceReload-5/WARN] [net.minecraft.client.resources.model.ModelBakery/]: Unable to load model: 'minecraft:compass_26' referenced from: minecraft:compass_26: java.io.FileNotFoundException: minecraft:models/compass_26.json
[28aug.2026 18:20:59.537] [Worker-ResourceReload-5/WARN] [net.minecraft.client.resources.model.ModelBakery/]: Unable to load model: 'minecraft:compass_29' referenced from: minecraft:compass_29: java.io.FileNotFoundException: minecraft:models/compass_29.json
[28aug.2026 18:21:16.237] [Worker-ResourceReload-5/WARN] [net.minecraft.client.resources.model.ModelManager/]: Missing textures in model create_aeronautics_toolgun:portable_structure_printer#:
    minecraft:textures/atlas/blocks.png:create_aeronautics_toolgun:item/portable_structure_container_empty
[28aug.2026 18:21:16.238] [Worker-ResourceReload-5/WARN] [net.minecraft.client.resources.model.ModelManager/]: Missing textures in model create_connected:fan_soul_stripping_catalyst#inventory:
    minecraft:textures/atlas/blocks.png:createnetherindustry:block/soul_stripping_block
[28aug.2026 18:21:16.238] [Worker-ResourceReload-5/WARN] [net.minecraft.client.resources.model.ModelManager/]: Missing textures in model create_connected:fan_enriched_catalyst#:
    minecraft:textures/atlas/blocks.png:createnuclear:block/enriched_soul_soil
    minecraft:textures/atlas/blocks.png:createnuclear:block/enriching/campfire/enriching_flame
[28aug.2026 18:21:16.238] [Worker-ResourceReload-5/WARN] [net.minecraft.client.resources.model.ModelManager/]: Missing textures in model create_connected:fan_transmutation_catalyst#:
    minecraft:textures/atlas/blocks.png:create_shimmer:fluid/shimmer_flow
[28aug.2026 18:21:16.238] [Worker-ResourceReload-5/WARN] [net.minecraft.client.resources.model.ModelManager/]: Missing textures in model hotstuff:link_relay#inventory:
    minecraft:textures/atlas/blocks.png:hotstuff:block/link_relay_partical
[28aug.2026 18:21:16.238] [Worker-ResourceReload-5/WARN] [net.minecraft.client.resources.model.ModelManager/]: Missing textures in model create_connected:fan_enriched_catalyst#inventory:
    minecraft:textures/atlas/blocks.png:createnuclear:block/enriched_soul_soil
    minecraft:textures/atlas/blocks.png:createnuclear:block/enriching/campfire/enriching_flame
[28aug.2026 18:21:16.238] [Worker-ResourceReload-5/WARN] [net.minecraft.client.resources.model.ModelManager/]: Missing textures in model create_connected:fan_glooming_catalyst#inventory:
    minecraft:textures/atlas/blocks.png:twilightforest:block/deadrock
    minecraft:textures/atlas/blocks.png:create_shimmer:block/ominous_campfire_fire
[28aug.2026 18:21:16.238] [Worker-ResourceReload-5/WARN] [net.minecraft.client.resources.model.ModelManager/]: Missing textures in model create_connected:fan_glooming_catalyst#:
    minecraft:textures/atlas/blocks.png:twilightforest:block/deadrock
    minecraft:textures/atlas/blocks.png:create_shimmer:block/ominous_campfire_fire
[28aug.2026 18:21:16.238] [Worker-ResourceReload-5/WARN] [net.minecraft.client.resources.model.ModelManager/]: Missing textures in model create_connected:fan_soul_stripping_catalyst#:
    minecraft:textures/atlas/blocks.png:createnetherindustry:block/soul_stripping_block
[28aug.2026 18:21:16.238] [Worker-ResourceReload-5/WARN] [net.minecraft.client.resources.model.ModelManager/]: Missing textures in model create_connected:fan_transmutation_catalyst#inventory:
    minecraft:textures/atlas/blocks.png:create_shimmer:fluid/shimmer_flow
[28aug.2026 18:21:19.349] [Worker-ResourceReload-5/INFO] [Puzzles Lib/]: Modifying unbaked models took 711ms
[28aug.2026 18:21:20.239] [Render thread/INFO] [Veil/]: Loaded 0 shader redirects, 0 replacements
[28aug.2026 18:21:20.385] [Render thread/INFO] [Veil/]: Loaded 30 shaders from: pinwheel/shaders/program
[28aug.2026 18:21:20.397] [Worker-ResourceReload-5/INFO] [org.zeith.hammerlib.HammerLib/]: Performed registerFoil from hammerlib. Determined constant(0xFFFFFF0F) foil provider
[28aug.2026 18:21:20.397] [Worker-ResourceReload-5/INFO] [org.zeith.hammerlib.HammerLib/]: Performed registerFoil from hammerlib. Determined dynamic(org.zeith.hammerlib.client.CustomFoilConfigs$$Lambda/0x000001894da26388@47347ca) foil provider
[28aug.2026 18:21:20.410] [Worker-ResourceReload-8/INFO] [com.mrh0.createaddition.CreateAddition/]: Create Crafts & Additions Initialized!
[28aug.2026 18:21:20.429] [Worker-ResourceReload-2/INFO] [AttributeFix/]: Changing maximum value for minecraft:generic.armor from 30.0 to 1000000.0.
[28aug.2026 18:21:20.431] [Worker-ResourceReload-2/INFO] [AttributeFix/]: Changing maximum value for minecraft:generic.armor_toughness from 20.0 to 1000000.0.
[28aug.2026 18:21:20.435] [Worker-ResourceReload-2/INFO] [AttributeFix/]: Changing maximum value for minecraft:generic.attack_damage from 2048.0 to 1000000.0.
[28aug.2026 18:21:20.437] [Worker-ResourceReload-2/INFO] [AttributeFix/]: Changing maximum value for minecraft:generic.attack_knockback from 5.0 to 1000000.0.
[28aug.2026 18:21:20.467] [Worker-ResourceReload-2/INFO] [AttributeFix/]: Changing maximum value for minecraft:generic.max_health from 1024.0 to 1000000.0.
[28aug.2026 18:21:20.468] [Worker-ResourceReload-1/INFO] [snownee.jade.Jade/]: Start loading plugin from org.zeith.hammerlib.compat.jade.GetWaila
[28aug.2026 18:21:20.483] [Worker-ResourceReload-1/INFO] [snownee.jade.Jade/]: Start loading plugin from net.blay09.mods.balm.neoforge.compat.hudinfo.NeoForgeJadeModCompat
[28aug.2026 18:21:20.483] [Worker-ResourceReload-1/INFO] [snownee.jade.Jade/]: Start loading plugin from snownee.snow.compat.jade.JadeCompat
[28aug.2026 18:21:20.488] [Worker-ResourceReload-1/INFO] [snownee.jade.Jade/]: Start loading plugin from snownee.jade.addon.JadeAddonsBase
[28aug.2026 18:21:20.507] [Worker-ResourceReload-1/INFO] [snownee.jade.Jade/]: Start loading plugin from com.tom.storagemod.jade.JadePlugin
[28aug.2026 18:21:20.509] [Worker-ResourceReload-1/INFO] [snownee.jade.Jade/]: Start loading plugin from snownee.kiwi.customization.compat.jade.JadeCompat
[28aug.2026 18:21:20.509] [Worker-ResourceReload-1/INFO] [snownee.jade.Jade/]: Start loading plugin from io.github.lightman314.lightmanscurrency.integration.jade.LCJadePlugin
[28aug.2026 18:21:20.512] [Worker-ResourceReload-1/INFO] [snownee.jade.Jade/]: Start loading plugin from de.maxhenkel.gravestone.integration.waila.PluginGraveStone
[28aug.2026 18:21:20.513] [Worker-ResourceReload-1/INFO] [snownee.jade.Jade/]: Start loading plugin from earth.terrarium.tempad.common.compat.JadePlugin
[28aug.2026 18:21:20.516] [Worker-ResourceReload-1/INFO] [snownee.jade.Jade/]: Start loading plugin from net.blay09.mods.waystones.compat.JadeIntegration
[28aug.2026 18:21:20.517] [Worker-ResourceReload-1/INFO] [snownee.jade.Jade/]: Start loading plugin from snownee.jade.addon.vanilla.VanillaPlugin
[28aug.2026 18:21:20.543] [Worker-ResourceReload-1/INFO] [snownee.jade.Jade/]: Start loading plugin from snownee.jade.addon.universal.UniversalPlugin
[28aug.2026 18:21:20.547] [Worker-ResourceReload-1/INFO] [snownee.jade.Jade/]: Start loading plugin from snownee.jade.addon.debug.DebugPlugin
[28aug.2026 18:21:20.549] [Worker-ResourceReload-1/INFO] [snownee.jade.Jade/]: Start loading plugin from snownee.jade.addon.core.CorePlugin
[28aug.2026 18:21:20.553] [Worker-ResourceReload-1/INFO] [snownee.jade.Jade/]: Start loading plugin from snownee.jade.addon.access.AccessibilityPlugin
[28aug.2026 18:21:20.558] [Worker-ResourceReload-1/INFO] [snownee.jade.Jade/]: Start loading plugin from net.liukrast.deployer.lib.compat.WailaCompat
[28aug.2026 18:21:20.559] [Worker-ResourceReload-1/INFO] [snownee.jade.Jade/]: Start loading plugin from com.oierbravo.createsifter.compat.jade.SifterPlugin
[28aug.2026 18:21:20.560] [Worker-ResourceReload-1/INFO] [snownee.jade.Jade/]: Start loading plugin from com.mikoalopex.createfirefightingadd.integration.WaterIntakeJadePlugin
[28aug.2026 18:21:20.561] [Worker-ResourceReload-1/INFO] [snownee.jade.Jade/]: Start loading plugin from dev.leo.sableplayerragdoll.compat.jade.RagdollJadePlugin
[28aug.2026 18:21:20.562] [Worker-ResourceReload-1/INFO] [snownee.jade.Jade/]: Start loading plugin from dev.mgcode.sablejade.SableJadePlugin
[28aug.2026 18:21:20.564] [Worker-ResourceReload-1/INFO] [snownee.jade.Jade/]: Start loading plugin from dev.averageanime.compat.jade.CreateFoodJadePlugin
[28aug.2026 18:21:20.569] [Worker-ResourceReload-7/INFO] [com.happysg.radar.CreateRadar/]: Registering Ponder!
[28aug.2026 18:21:20.666] [Worker-ResourceReload-7/INFO] [PonderIndex/]: Registering Ponder Scenes took 256.1 ms
[28aug.2026 18:21:20.681] [Worker-ResourceReload-7/INFO] [PonderIndex/]: Registering Ponder Tags took 15.62 ms
[28aug.2026 18:21:20.782] [Render thread/INFO] [org.zeith.hammerlib.HammerLib/]: Setup HammerLib networking!
[28aug.2026 18:21:20.960] [Render thread/INFO] [Railways/]: Registering Railways network payloads...
[28aug.2026 18:21:20.961] [Render thread/INFO] [Railways/]: Railways network payloads registered successfully
[28aug.2026 18:21:21.288] [Render thread/INFO] [defaultoptions/]: Loaded 269 default key bindings.
[28aug.2026 18:21:21.291] [Render thread/INFO] [defaultoptions/]: Applied 253 defaults to key mappings (0 keys were reconfigured).
[28aug.2026 18:21:21.292] [Render thread/INFO] [defaultoptions/]: Loaded default options for keymappings
[28aug.2026 18:21:21.428] [Render thread/WARN] [net.minecraft.client.sounds.SoundEngine/]: Missing sound for event: minecraft:item.goat_horn.play
[28aug.2026 18:21:21.429] [Render thread/WARN] [net.minecraft.client.sounds.SoundEngine/]: Missing sound for event: minecraft:entity.goat.screaming.horn_break
[28aug.2026 18:21:21.430] [Render thread/WARN] [net.minecraft.client.sounds.SoundEngine/]: Missing sound for event: parcool:action.ride_zipline
[28aug.2026 18:21:21.510] [Render thread/INFO] [com.mojang.blaze3d.audio.Library/]: OpenAL initialized on device OpenAL Soft on Voicemeeter VAIO3 Input (VB-Audio Voicemeeter VAIO)
[28aug.2026 18:21:21.511] [Render thread/INFO] [Sound Physics - General/]: Initializing Sound Physics
[28aug.2026 18:21:21.511] [Render thread/INFO] [Sound Physics - General/]: EFX Extension recognized
[28aug.2026 18:21:21.511] [Render thread/INFO] [Sound Physics - General/]: Max auxiliary sends: 4
[28aug.2026 18:21:21.513] [Render thread/INFO] [Sound Physics - General/]: Aux slot 1 created
[28aug.2026 18:21:21.513] [Render thread/INFO] [Sound Physics - General/]: Aux slot 2 created
[28aug.2026 18:21:21.513] [Render thread/INFO] [Sound Physics - General/]: Aux slot 3 created
[28aug.2026 18:21:21.513] [Render thread/INFO] [Sound Physics - General/]: Aux slot 4 created
[28aug.2026 18:21:21.517] [Render thread/INFO] [Sound Physics - General/]: EFX ready
[28aug.2026 18:21:21.519] [Render thread/INFO] [net.minecraft.client.sounds.SoundEngine/SOUNDS]: Sound engine started
[28aug.2026 18:21:21.651] [Render thread/INFO] [mod.chiselsandbits.client.reloading.ClientResourceReloadingManager/]: Resetting client caches
[28aug.2026 18:21:21.652] [Render thread/INFO] [mod.chiselsandbits.reloading.DataReloadingResourceManager/]: Resetting common caches
[28aug.2026 18:21:21.652] [Render thread/INFO] [net.minecraft.client.renderer.texture.TextureAtlas/]: Created: 256x128x0 chiselsandbits:textures/atlases/icons.png-atlas
[28aug.2026 18:21:21.659] [Render thread/INFO] [net.minecraft.client.renderer.texture.TextureAtlas/]: Created: 8192x4096x4 minecraft:textures/atlas/blocks.png-atlas
[28aug.2026 18:21:22.045] [Render thread/INFO] [net.minecraft.client.renderer.texture.TextureAtlas/]: Created: 512x256x4 minecraft:textures/atlas/signs.png-atlas
[28aug.2026 18:21:22.049] [Render thread/INFO] [net.minecraft.client.renderer.texture.TextureAtlas/]: Created: 512x512x4 minecraft:textures/atlas/shield_patterns.png-atlas
[28aug.2026 18:21:22.054] [Render thread/INFO] [net.minecraft.client.renderer.texture.TextureAtlas/]: Created: 512x512x4 minecraft:textures/atlas/banner_patterns.png-atlas
[28aug.2026 18:21:22.058] [Render thread/INFO] [net.minecraft.client.renderer.texture.TextureAtlas/]: Created: 2048x2048x4 minecraft:textures/atlas/armor_trims.png-atlas
[28aug.2026 18:21:22.075] [Render thread/INFO] [net.minecraft.client.renderer.texture.TextureAtlas/]: Created: 512x512x4 minecraft:textures/atlas/chest.png-atlas
[28aug.2026 18:21:22.078] [Render thread/INFO] [net.minecraft.client.renderer.texture.TextureAtlas/]: Created: 128x64x4 minecraft:textures/atlas/decorated_pot.png-atlas
[28aug.2026 18:21:22.081] [Render thread/INFO] [net.minecraft.client.renderer.texture.TextureAtlas/]: Created: 512x256x4 minecraft:textures/atlas/beds.png-atlas
[28aug.2026 18:21:22.084] [Render thread/INFO] [net.minecraft.client.renderer.texture.TextureAtlas/]: Created: 512x256x4 minecraft:textures/atlas/shulker_boxes.png-atlas
[28aug.2026 18:21:22.117] [Render thread/INFO] [com.yyon.grapplinghook.GrappleMod/]: Getting Model Layer Location: minecraft:long_fall_boots#armor
[28aug.2026 18:21:22.532] [Render thread/INFO] [com.yyon.grapplinghook.GrappleMod/]: Getting Model Layer Location: minecraft:long_fall_boots#armor
[28aug.2026 18:21:22.558] [Render thread/INFO] [com.yyon.grapplinghook.GrappleMod/]: Getting Model Layer Location: minecraft:long_fall_boots#armor
[28aug.2026 18:21:22.575] [Render thread/INFO] [com.yyon.grapplinghook.GrappleMod/]: Getting Model Layer Location: minecraft:long_fall_boots#armor
[28aug.2026 18:21:22.623] [Render thread/INFO] [com.yyon.grapplinghook.GrappleMod/]: Getting Model Layer Location: minecraft:long_fall_boots#armor
[28aug.2026 18:21:22.664] [Render thread/INFO] [com.yyon.grapplinghook.GrappleMod/]: Getting Model Layer Location: minecraft:long_fall_boots#armor
[28aug.2026 18:21:22.671] [Render thread/INFO] [com.yyon.grapplinghook.GrappleMod/]: Getting Model Layer Location: minecraft:long_fall_boots#armor
[28aug.2026 18:21:22.717] [Render thread/INFO] [com.yyon.grapplinghook.GrappleMod/]: Getting Model Layer Location: minecraft:long_fall_boots#armor
[28aug.2026 18:21:22.731] [Render thread/INFO] [com.yyon.grapplinghook.GrappleMod/]: Getting Model Layer Location: minecraft:long_fall_boots#armor
[28aug.2026 18:21:22.739] [Render thread/INFO] [com.yyon.grapplinghook.GrappleMod/]: Getting Model Layer Location: minecraft:long_fall_boots#armor
[28aug.2026 18:21:22.761] [Render thread/INFO] [com.yyon.grapplinghook.GrappleMod/]: Getting Model Layer Location: minecraft:long_fall_boots#armor
[28aug.2026 18:21:22.797] [Render thread/INFO] [com.yyon.grapplinghook.GrappleMod/]: Getting Model Layer Location: minecraft:long_fall_boots#armor
[28aug.2026 18:21:22.808] [Render thread/INFO] [com.yyon.grapplinghook.GrappleMod/]: Getting Model Layer Location: minecraft:long_fall_boots#armor
[28aug.2026 18:21:22.845] [Render thread/INFO] [com.yyon.grapplinghook.GrappleMod/]: Getting Model Layer Location: minecraft:long_fall_boots#armor
[28aug.2026 18:21:22.854] [Render thread/INFO] [com.yyon.grapplinghook.GrappleMod/]: Getting Model Layer Location: minecraft:long_fall_boots#armor
[28aug.2026 18:21:22.873] [Render thread/INFO] [net.minecraft.client.renderer.texture.TextureAtlas/]: Created: 2048x2048x0 minecraft:textures/atlas/particles.png-atlas
[28aug.2026 18:21:22.889] [Render thread/INFO] [net.minecraft.client.renderer.texture.TextureAtlas/]: Created: 512x256x0 minecraft:textures/atlas/paintings.png-atlas
[28aug.2026 18:21:22.893] [Render thread/INFO] [net.minecraft.client.renderer.texture.TextureAtlas/]: Created: 256x128x0 minecraft:textures/atlas/mob_effects.png-atlas
[28aug.2026 18:21:22.897] [Render thread/INFO] [net.minecraft.client.renderer.texture.TextureAtlas/]: Created: 64x64x0 minecraft:textures/atlas/map_decorations.png-atlas
[28aug.2026 18:21:22.900] [Render thread/INFO] [net.minecraft.client.renderer.texture.TextureAtlas/]: Created: 2048x2048x0 minecraft:textures/atlas/gui.png-atlas
[28aug.2026 18:21:23.113] [Render thread/WARN] [net.minecraft.client.renderer.ShaderInstance/]: Shader rendertype_entity_translucent_emissive could not find sampler named Sampler2 in the specified shader program.
[28aug.2026 18:21:23.572] [Render thread/INFO] [org.zeith.hammerlib.HammerLib/]: Reloaded glint shaders.
[28aug.2026 18:21:23.613] [Render thread/WARN] [Veil/]: Shader computercraft/monitor_tbo could not find uniform named CursorColour in the specified shader program.
[28aug.2026 18:21:23.613] [Render thread/WARN] [Veil/]: Shader computercraft/monitor_tbo could not find uniform named CursorPos in the specified shader program.
[28aug.2026 18:21:23.613] [Render thread/WARN] [Veil/]: Shader computercraft/monitor_tbo could not find uniform named Height in the specified shader program.
[28aug.2026 18:21:23.614] [Render thread/WARN] [Veil/]: Shader computercraft/monitor_tbo could not find uniform named Width in the specified shader program.
[28aug.2026 18:21:23.626] [Render thread/WARN] [net.minecraft.client.renderer.ShaderInstance/]: Shader forbidden_arcanus:rendertype_entity_fullbright_cutout could not find sampler named Sampler1 in the specified shader program.
[28aug.2026 18:21:23.626] [Render thread/WARN] [net.minecraft.client.renderer.ShaderInstance/]: Shader forbidden_arcanus:rendertype_entity_fullbright_cutout could not find sampler named Sampler2 in the specified shader program.
[28aug.2026 18:21:23.626] [Render thread/WARN] [net.minecraft.client.renderer.ShaderInstance/]: Shader forbidden_arcanus:rendertype_entity_fullbright_cutout could not find uniform named FogColor in the specified shader program.
[28aug.2026 18:21:23.631] [Render thread/WARN] [net.minecraft.client.renderer.ShaderInstance/]: Shader forbidden_arcanus:rendertype_entity_fullbright_translucent could not find sampler named Sampler1 in the specified shader program.
[28aug.2026 18:21:23.631] [Render thread/WARN] [net.minecraft.client.renderer.ShaderInstance/]: Shader forbidden_arcanus:rendertype_entity_fullbright_translucent could not find sampler named Sampler2 in the specified shader program.
[28aug.2026 18:21:23.631] [Render thread/WARN] [net.minecraft.client.renderer.ShaderInstance/]: Shader forbidden_arcanus:rendertype_entity_fullbright_translucent could not find uniform named FogColor in the specified shader program.
[28aug.2026 18:21:23.675] [Render thread/WARN] [net.minecraft.client.renderer.ShaderInstance/]: Shader position_tex_blur could not find uniform named ColorModulator in the specified shader program.
[28aug.2026 18:21:23.679] [Render thread/WARN] [net.minecraft.client.renderer.ShaderInstance/]: Shader position_tex_blur_horizontal could not find uniform named ColorModulator in the specified shader program.
[28aug.2026 18:21:23.686] [Render thread/WARN] [net.minecraft.client.renderer.ShaderInstance/]: Shader position_tex_blur_vertical could not find uniform named ColorModulator in the specified shader program.
[28aug.2026 18:21:24.664] [Render thread/INFO] [Veil/]: Compiled 76 vanilla shaders in 1.009 s
[28aug.2026 18:21:26.365] [Render thread/INFO] [net.neoforged.neoforge.client.entity.animation.json.AnimationLoader/]: Loaded 0 entity animations
[28aug.2026 18:21:26.366] [Render thread/INFO] [Veil/]: Loaded 3 framebuffers
[28aug.2026 18:21:26.384] [Render thread/INFO] [Veil/]: Loaded 6 post pipelines
[28aug.2026 18:21:26.389] [Render thread/INFO] [Veil/]: Loaded 4 render types
[28aug.2026 18:21:26.390] [Render thread/INFO] [Veil/]: Enabled bloom pipeline
[28aug.2026 18:21:26.391] [Render thread/INFO] [Veil/]: Loaded 0 quasar particles
[28aug.2026 18:21:26.391] [Render thread/INFO] [Veil/]: Loaded 0 templates
[28aug.2026 18:21:26.391] [Render thread/INFO] [Veil/]: Loaded 0 modules
[28aug.2026 18:21:26.411] [Render thread/INFO] [net.minecraft.client.renderer.texture.TextureAtlas/]: Created: 256x256x0 jei:textures/atlas/gui.png-atlas
[28aug.2026 18:21:26.420] [Render thread/INFO] [io.github.lightman314.lightmanscurrency.LightmansCurrency/]: Loaded 2488 variant models for 2488 possible variant states!
[28aug.2026 18:21:27.444] [Render thread/INFO] [xaero.lib.XaeroLib/]: Successfully reloaded the XaeroLib shaders!
[28aug.2026 18:21:29.107] [Render thread/INFO] [net.minecraft.client.renderer.texture.TextureAtlas/]: Created: 1024x1024x0 elytratrims:textures/atlas/elytra_features.png-atlas
[28aug.2026 18:21:29.115] [Render thread/INFO] [net.minecraft.client.renderer.texture.TextureAtlas/]: Created: 256x128x0 parcool:textures/atlas/action_icons.png-atlas
[28aug.2026 18:21:29.117] [Render thread/INFO] [net.minecraft.client.renderer.texture.TextureAtlas/]: Created: 2048x2048x0 parcool:textures/atlas/gui.png-atlas
[28aug.2026 18:21:29.131] [Render thread/INFO] [net.minecraft.client.renderer.texture.TextureAtlas/]: Created: 512x512x0 parcool:textures/atlas/parcool_guide_img.png-atlas
[28aug.2026 18:21:29.174] [Render thread/INFO] [flywheel/backend/shaders/]: Loaded 113 shader sources in 30,826 ms
[28aug.2026 18:21:29.210] [Render thread/INFO] [com.simibubi.create.Create/]: Loaded 59 train hat configurations.
[28aug.2026 18:21:29.214] [Render thread/INFO] [me.xjqsh.lrtactical.EquipmentMod/]: Loaded 4 LRTactical player animation file(s)
[28aug.2026 18:21:29.674] [Render thread/INFO] [Entity Texture Features/]: [ETF]: reloading ETF data.
[28aug.2026 18:21:29.680] [Render thread/INFO] [Entity Texture Features/]: [ETF]: emissive suffixes loaded: [_e]
[28aug.2026 18:21:29.692] [Render thread/INFO] [Entity Texture Features/]: [ETF]: emissive suffixes loaded: [_e]
[28aug.2026 18:21:29.786] [Render thread/INFO] [snownee.kiwi.Kiwi/]: Canceling Microsoft telemetry
[28aug.2026 18:21:29.790] [Render thread/INFO] [DistantHorizons-DistantHorizons-com.seibel.distanthorizons.core.jar.updater.SelfUpdater/]: Checking for Distant Horizons [STABLE] update for MC [1.21.1]...
[28aug.2026 18:21:29.995] [Render thread/INFO] [DistantHorizons-DistantHorizons-com.seibel.distanthorizons.core.jar.updater.SelfUpdater/]: Distant Horizons already up to date.
[28aug.2026 18:21:30.021] [Render thread/INFO] [Iris/]: Creating pipeline for dimension minecraft:overworld
[28aug.2026 18:21:30.021] [Render thread/INFO] [com.natamus.simplemenu_common_neoforge.data.Constants/]: [Simple Menu] Loading texture data.
[28aug.2026 18:21:30.156] [Render thread/INFO] [dev.lapt.nowheel.NowheelMod/]: Overriden Entity Culling whitelist
[28aug.2026 18:21:30.186] [Render thread/INFO] [dev.lapt.nowheel.NowheelMod/]: Nowheel Sable compat active
[28aug.2026 18:21:30.762] [Render thread/WARN] [net.minecraft.client.renderer.ShaderInstance/]: Shader forbidden_arcanus:rendertype_entity_fullbright_cutout could not find uniform named FogColor in the specified shader program.
[28aug.2026 18:21:30.780] [Render thread/WARN] [Veil/]: Shader computercraft/monitor_tbo could not find uniform named CursorColour in the specified shader program.
[28aug.2026 18:21:30.780] [Render thread/WARN] [Veil/]: Shader computercraft/monitor_tbo could not find uniform named CursorPos in the specified shader program.
[28aug.2026 18:21:30.780] [Render thread/WARN] [Veil/]: Shader computercraft/monitor_tbo could not find uniform named Height in the specified shader program.
[28aug.2026 18:21:30.780] [Render thread/WARN] [Veil/]: Shader computercraft/monitor_tbo could not find uniform named Width in the specified shader program.
[28aug.2026 18:21:31.296] [Render thread/WARN] [net.minecraft.client.renderer.ShaderInstance/]: Shader forbidden_arcanus:rendertype_entity_fullbright_translucent could not find uniform named FogColor in the specified shader program.
[28aug.2026 18:21:31.396] [Render thread/INFO] [Veil/]: Finished uploading vanilla shaders
[28aug.2026 18:21:31.824] [Render thread/WARN] [ModernFix/]: Game took 109.289 seconds to start
[28aug.2026 18:21:34.590] [Render thread/INFO] [net.minecraft.client.Minecraft/]: Stopping!
[28aug.2026 18:21:34.591] [Render thread/INFO] [com.yyon.grapplinghook.GrappleMod/]: Using client-provided common config.
[28aug.2026 18:21:34.593] [CullThread/INFO] [net.minecraft.server.LoggedPrintStream/]: [STDOUT]: Shutting down culling task!
[28aug.2026 18:21:34.615] [Render thread/INFO] [Entity Texture Features/]: [ETF]: emissive suffixes loaded: [_e]
[28aug.2026 18:21:34.617] [Render thread/INFO] [Entity Texture Features/]: [ETF]: emissive suffixes loaded: [_e]
